age_bin,female,male
20-39,0.7756263879033752,0.7680594222264823
40-49,0.7479233417501615,0.7358096624458428
50-59,0.7366832347065543,0.7384001348444096
60-79,0.7251383201920045,0.7434792889724827
