species,lifespan_yr,pi_young,pi_old,age_young_yr,age_old_yr,source,delta_pi,observation_span,dpi_dt,abs_dpi_dt,total_erosion
Mouse,2.5,0.607,0.488,0.25,2.25,TMS bulk RNA-seq,-0.119,2.0,-0.0595,0.0595,0.14875
Rat,3.0,0.893,0.842,0.4166666666666667,2.25,Calico rat atlas,-0.051000000000000045,1.8333333333333333,-0.027818181818181843,0.027818181818181843,0.08345454545454553
Macaque,40.0,0.86,0.753,7.5,25.0,"Li & Kong 2025, batch2",-0.10699999999999998,17.5,-0.006114285714285714,0.006114285714285714,0.24457142857142855
Human,80.0,0.764,0.733,30.0,70.0,GTEx v8,-0.031000000000000028,40.0,-0.0007750000000000007,0.0007750000000000007,0.062000000000000055
