tissue,category,label,tf,target,n_all,rho_all,p_all,tf_mean_log2tpm,tgt_mean_log2tpm,rho_20-29,p_20-29,n_20-29,rho_30-39,p_30-39,n_30-39,rho_40-49,p_40-49,n_40-49,rho_50-59,p_50-59,n_50-59,rho_60-69,p_60-69,n_60-69,rho_70-79,p_70-79,n_70-79,rho_male,p_male,n_male,rho_female,p_female,n_female
Muscle - Skeletal,production,SMAD3→COL1A1,SMAD3,COL1A1,772,0.16334011853174363,5.074036829834156e-06,4.899013501374832,3.309005925538009,0.3358611318466624,0.009305533248025593,59.0,0.18088357877188113,0.16663934829738392,60.0,0.05712861415752743,0.5371517202728997,119.0,0.12220922861789897,0.05509556668184394,247,0.06770759775083,0.2757789957600542,261,0.10769230769230768,0.6005250068723842,26.0,0.15219985241419023,0.0004902797752161826,521.0,0.20697956303839313,0.0009716925832331306,251.0
Muscle - Skeletal,production,SMAD3→COL3A1,SMAD3,COL3A1,772,0.09784276287472612,0.006514867866917171,4.899013501374832,4.072452243127971,0.2789929718733216,0.03236915868302621,59.0,0.11275510913993317,0.3910224640808956,60.0,0.04511117560036989,0.6261459184853425,119.0,0.06490408783151011,0.30965549912529233,247,0.002414439594046235,0.9690344602734912,261,0.037948717948717944,0.8539737921729722,26.0,0.08723217690276104,0.046577274895131734,521.0,0.14222839100153603,0.024224967144404776,251.0
Muscle - Skeletal,production,SMAD3→FN1,SMAD3,FN1,772,0.2060268665650882,7.593235209780103e-09,4.899013501374832,4.004877135234794,0.27282689697384843,0.03656159222133277,59.0,0.12175604334537375,0.354065219773292,60.0,0.13106085693309455,0.1553893589047871,119.0,0.17869129905130396,0.004850244052631382,247,0.11835828065543262,0.05617491015940438,261,0.1158974358974359,0.572887073891802,26.0,0.19806434508060203,5.2323682586509515e-06,521.0,0.24083521311942646,0.00011650210719453162,251.0
Muscle - Skeletal,production,SMAD3→SERPINE1,SMAD3,SERPINE1,772,0.29142560661014505,1.4069493763117655e-16,4.899013501374832,3.5209887198370353,0.17852394104683378,0.1761116096418046,59.0,0.3634342873020284,0.004314089495634219,60.0,0.18701751887195558,0.041690974329112326,119.0,0.3406349691737294,3.986494909250444e-08,247,0.29188837853815136,1.6037325409853675e-06,261,0.24376068376068374,0.23013287485935538,26.0,0.3147218423786518,1.922169273630524e-13,521.0,0.2735287778848714,1.1026238458430218e-05,251.0
Muscle - Skeletal,production,ESR1→COL1A1,ESR1,COL1A1,772,0.5593611918555607,9.2465307097865e-65,0.7633985793845333,3.309005925538009,0.3225353965188909,0.012723751442776833,59.0,0.5857182550708531,8.828172804427677e-07,60.0,0.5177832890324562,1.635906117107294e-09,119.0,0.5815685294700379,9.466756407386987e-24,247,0.5300699425776088,2.5989158047116073e-20,261,0.372991452991453,0.06055548760076643,26.0,0.5535752367524917,3.626695598982265e-43,521.0,0.5732607549923633,2.5033176827966253e-23,251.0
Muscle - Skeletal,production,ESR1→ELN,ESR1,ELN,772,0.04523785409417423,0.20928467856233082,0.7633985793845333,3.1854685730267067,-0.0867926182532487,0.5133451604067116,59.0,0.27040844679077525,0.03665235702655512,60.0,-0.033424904348993735,0.7181930278471823,119.0,-0.0859655989485207,0.17807802785649432,247,0.043189568899056396,0.4872282882513612,261,0.14119658119658116,0.49144351516315854,26.0,0.030909892466393866,0.48142963614282164,521.0,0.07525102456878727,0.23485917072459675,251.0
Muscle - Skeletal,production,AR→COL1A1,AR,COL1A1,772,0.3441873553107912,6.837723514405566e-23,2.3189647167612235,3.309005925538009,0.31572180011689077,0.014855780565020512,59.0,0.3547423554434516,0.005417652364624439,60.0,0.3852300242130751,1.5171123636384185e-05,119.0,0.33714308808138554,5.585217238238405e-08,247,0.33359987945535224,3.339948905773294e-08,261,0.3002222646032501,0.13617839397215123,26.0,0.3830678160078323,1.1793601848670698e-19,521.0,0.2732367164422819,1.1276717869829321e-05,251.0
Muscle - Skeletal,production,SOX9→ACAN,SOX9,ACAN,772,0.1662593577785138,3.4110980033554484e-06,1.2362398481662409,0.14073733845665337,0.06808883693746347,0.6083672966684148,59.0,0.0030008752555723958,0.9818451095113112,60.0,0.20793764398951076,0.023252961733434607,119.0,0.10085580790516158,0.11386270958255519,247,0.19901447892269497,0.001228682688990963,261,0.16444444444444445,0.4221169653096195,26.0,0.15970548926865288,0.00025210875229586923,521.0,0.19215727491898504,0.0022304765326286737,251.0
Muscle - Skeletal,production,PPARG→FABP4,PPARG,FABP4,772,0.7271860873186973,6.033672384534914e-128,1.740208661386386,6.375650112184218,0.6878241938810487,1.7618513106080192e-09,59.0,0.8037455889299506,1.0720114192994097e-14,60.0,0.702071293521377,5.816082060379489e-19,119.0,0.7100024029552684,3.4622093439241836e-39,247,0.7273993098369007,2.983525412807705e-44,261,0.7347008547008547,1.9205609505225188e-05,26.0,0.7354125008856758,9.091937477822063e-90,521.0,0.6995984816520809,3.2270208751367314e-38,251.0
Muscle - Skeletal,production,PPARG→ADIPOQ,PPARG,ADIPOQ,772,0.3695997427541845,2.1291413500754357e-26,1.740208661386386,1.2142247665200594,0.17276698960040615,0.19069722836182465,59.0,0.5126495228269511,2.8180053842993027e-05,60.0,0.5008893011471823,6.573490487561057e-09,119.0,0.3343783968880092,7.272988373334969e-08,247,0.3448231758011076,1.0623842770000838e-08,261,0.34769230769230763,0.08177645272351203,26.0,0.35880299870181287,2.83284045215024e-17,521.0,0.3791169440433565,5.307942371695145e-10,251.0
Muscle - Skeletal,production,RUNX2→SPP1,RUNX2,SPP1,772,0.4783763102663835,2.1217519861516465e-45,0.5791968876698629,0.9067957012098611,0.4030976037405027,0.0015482911004670752,59.0,0.3733033246168069,0.0033058148783216977,60.0,0.42570934644232555,1.3888318785195537e-06,119.0,0.456488149929998,4.0667616098652104e-14,247,0.5309741859988416,2.1826040886786994e-20,261,0.5507692307692307,0.0035478840173657385,26.0,0.5069261188742821,2.3033071813171448e-35,521.0,0.41809935298683626,4.846924542429417e-12,251.0
Muscle - Skeletal,production,FOXO1→PCK1,FOXO1,PCK1,772,0.1686906949223345,2.4376754856969907e-06,5.808415095732002,0.4825480235499267,0.05634214410513922,0.671675542676254,59.0,0.24479021950541824,0.059424523867956616,60.0,0.14324221351023186,0.1201557273252445,119.0,0.18543016297100004,0.0034457895930067616,247,0.16108109585685107,0.009136617297105833,261,0.21230769230769228,0.2977596854417794,26.0,0.15049988939336714,0.0005676396741392924,521.0,0.1524449287724318,0.01563734550871822,251.0
Muscle - Skeletal,production,MYOD1→MYH2,MYOD1,MYH2,772,0.06486333466420073,0.0716717931025051,4.472003964408074,9.677176804740194,0.015838690824079488,0.9052249083816215,59.0,-0.05051403167546542,0.7015018643702133,60.0,-0.14979730415438955,0.10394202516506808,119.0,0.13823934139547328,0.029854153091455574,247,0.0826759390310703,0.18301129593613574,261,0.30461538461538457,0.13026135660327526,26.0,0.10107996505052282,0.02102338268605283,521.0,0.025123155139246626,0.692030219746228,251.0
Muscle - Skeletal,detection,RELA→ICAM1,RELA,ICAM1,772,0.3229165159516896,3.404096621149468e-20,5.339601252363136,2.9242579021293267,0.3488018702513151,0.0067796829230405585,59.0,0.4078133900558894,0.0012193582204634047,60.0,0.4272694578369025,1.2585197597532004e-06,119.0,0.26590584356195285,2.2924569553882348e-05,247,0.3652309459099883,1.1749599024525709e-09,261,0.3791452991452991,0.056106541458045896,26.0,0.3489438371839957,2.3065947123426393e-16,521.0,0.31103460849581316,4.945986748421674e-07,251.0
Muscle - Skeletal,detection,RELA→IL6,RELA,IL6,772,0.17491642256348344,1.008851016813976e-06,5.339601252363136,1.3237819414214265,0.11768143895819275,0.3747141500276958,59.0,0.4196223899042067,0.0008453624286154656,60.0,0.2419362017675913,0.00802877861043905,119.0,0.14905332112551709,0.019089336338128204,247,0.19127734719262662,0.0019088588740172477,261,0.22055052468006411,0.27894854396468194,26.0,0.2120295534977275,1.0412665080238966e-06,521.0,0.1335718970387373,0.03442136390094101,251.0
Muscle - Skeletal,detection,RELA→CCL2,RELA,CCL2,772,0.1262721871252526,0.0004366846798547266,5.339601252363136,1.900248520153483,0.20362361192285217,0.12189860683705311,59.0,0.275278557336964,0.033274128732595346,60.0,0.12953909371238936,0.16028535206499564,119.0,0.052207265847626826,0.4139874002070414,247,0.19066085158533347,0.0019756696635592342,261,0.22940170940170937,0.2596112166729503,26.0,0.16744366015002204,0.0001230664225494646,521.0,0.09963598847807538,0.11535523653199806,251.0
Muscle - Skeletal,detection,RELA→NFKBIA,RELA,NFKBIA,772,0.6045880642171928,4.029543882908263e-78,5.339601252363136,6.441803379380024,0.3266510812390415,0.011568086503548196,59.0,0.49959709911361794,4.8269092941705284e-05,60.0,0.5254471455005412,8.485417588799011e-10,119.0,0.6253407339867959,3.30567829912784e-28,247,0.6679276846141339,4.3619425320696605e-35,261,0.5104273504273503,0.007715317854425542,26.0,0.6110632654747912,1.1911946348299454e-54,521.0,0.5703570437297042,4.649962316843433e-23,251.0
Muscle - Skeletal,detection,NFKB1→TNF,NFKB1,TNF,772,0.07190288402431479,0.045807599415606005,3.662011045866062,0.1536689103542407,0.13039042840173865,0.3249537235006007,59.0,0.28352287706753604,0.028147693898024666,60.0,0.056308024435495485,0.5430234601584367,119.0,0.10384583861619355,0.10348424651326993,247,-0.012385916353466019,0.8421471409189778,261,0.3531418809903454,0.07678717708261934,26.0,0.08410005615590754,0.05505923673992047,521.0,0.05398981903964747,0.3943742696414658,251.0
Muscle - Skeletal,detection,HIF1A→VEGFA,HIF1A,VEGFA,772,0.002964722374068443,0.9344549258855517,3.2977197628873616,6.993478040621071,0.19485680888369378,0.139162586981988,59.0,0.04473464851347597,0.7343130719270403,60.0,0.038516935950566225,0.6774908436590338,119.0,0.03091568061620791,0.6287201574479679,247,-0.11732479304538654,0.05837322072203596,261,-0.12478632478632476,0.5436012542661113,26.0,0.02218976854780018,0.6133224573490924,521.0,-0.046937399473114864,0.45910307785523174,251.0
Muscle - Skeletal,detection,HIF1A→SLC2A1,HIF1A,SLC2A1,772,0.4697006679164637,1.2838267743789535e-43,3.2977197628873616,1.8491297218504656,0.46101694915254243,0.00023819175032835127,59.0,0.49535982217282587,5.721659016165788e-05,60.0,0.3931608258141705,9.730517781672008e-06,119.0,0.3941793153590286,1.3131649528150884e-10,247,0.5284328893507683,3.560216848849387e-20,261,0.5063247863247863,0.008307154082092892,26.0,0.4579950637720212,2.232223982789267e-28,521.0,0.4780415638000608,9.771026010141856e-16,251.0
Muscle - Skeletal,detection,TP53→CDKN1A,TP53,CDKN1A,772,0.6874260438462946,4.56093523651186e-109,2.7461659099153906,6.708651331422242,0.40935125657510235,0.0012848615184675126,59.0,0.6339071118576726,5.418436953576731e-08,60.0,0.4105084932859613,3.5363068515686677e-06,119.0,0.6953121889299269,5.226475096065191e-37,247,0.7925428968202454,1.450081085420639e-57,261,0.7634188034188034,5.718698449284633e-06,26.0,0.7033365541621015,5.903713452382508e-79,521.0,0.6297170401950598,3.909155069201377e-29,251.0
Muscle - Skeletal,detection,TP53→MDM2,TP53,MDM2,772,0.694368888715917,3.850259391325431e-112,2.7461659099153906,3.252835656694798,0.4888369374634717,8.55167288632121e-05,59.0,0.6549410245286753,1.3695672116874627e-08,60.0,0.5867693112979521,2.3392531482225423e-12,119.0,0.704927471370648,2.0288794438489834e-38,247,0.7502816195096007,1.8650148638215205e-48,261,0.6266666666666666,0.0006138129542434961,26.0,0.6953984036328213,1.6809373202733868e-76,521.0,0.6899909466696166,8.135647682676023e-37,251.0
Muscle - Skeletal,detection,ATF4→DDIT3,ATF4,DDIT3,772,0.3618930992446436,2.6628986255110838e-25,8.362206390484626,4.591169967861373,0.3709797621742395,0.0038209978157000323,59.0,0.38928020676453023,0.002110882335363919,60.0,0.4137339208676098,2.9111979801267844e-06,119.0,0.3302081595494488,1.0778660434668998e-07,247,0.4044291134804767,1.0839465293598074e-11,261,0.32717948717948714,0.10278299876834497,26.0,0.35801735387800787,3.357148648900784e-17,521.0,0.37742305188768677,6.421463138374892e-10,251.0
Muscle - Skeletal,detection,XBP1→DNAJB1,XBP1,DNAJB1,772,-0.05007860405377073,0.1645149068664299,5.580188756779686,4.06824431394666,0.1952659263588545,0.1383182264503144,59.0,0.12220061128091138,0.35229742437004163,60.0,0.04400757732327321,0.6346236968315121,119.0,-0.1510611645854407,0.017514801717480384,247,-0.13230881427169672,0.03262592985941308,261,0.06940170940170941,0.7362051227661002,26.0,-0.08346461777450506,0.056928095180275855,521.0,-0.018969534685974256,0.76489370168073,251.0
Muscle - Skeletal,detection,HSF1→HSPA1A,HSF1,HSPA1A,772,0.16621444061204707,3.432182626825429e-06,6.4622712011782,5.143782646853689,0.1968468271225196,0.13509155649822463,59.0,0.29630452903584337,0.02151800032810428,60.0,0.2918721535979945,0.0012784571240283438,119.0,0.14681799513101557,0.020985591859624418,247,0.07355970480682775,0.2362965492529433,261,0.2574358974358974,0.20421246713980898,26.0,0.1899125910685681,1.2758709368415762e-05,521.0,0.1329669114226409,0.03525349155285508,251.0
Muscle - Skeletal,detection,STAT1→IRF1,STAT1,IRF1,772,0.4333684873455129,1.0910593073917024e-36,4.298429276350249,2.345302820900561,0.366165490475827,0.004342142794669571,59.0,0.3468789508385721,0.006622429606062702,60.0,0.34265784067783184,0.00013637462152263184,119.0,0.5150053563903594,3.925279826023192e-18,247,0.44621324637424814,3.5630581073760506e-14,261,0.2827350427350427,0.1616584127225839,26.0,0.41630413306366437,2.960683893253318e-23,521.0,0.4701816360541573,3.286564093243791e-15,251.0
Muscle - Skeletal,detection,NFE2L2→NQO1,NFE2L2,NQO1,772,0.39559347589441834,2.5248289063471606e-30,4.972860651930379,3.2135424639431305,0.21005567003513523,0.11030623704569253,59.0,0.48030008335648794,0.00010286828057690288,60.0,0.5289018421627927,6.278049236959063e-10,119.0,0.3945154491894712,1.2625988261765797e-10,247,0.3537509790895745,4.133201475033172e-09,261,0.2629059829059829,0.19442450486262236,26.0,0.4326295868312894,3.545185928574898e-25,521.0,0.3605638334668647,4.029774826973242e-09,251.0
Muscle - Skeletal,detection,NFE2L2→HMOX1,NFE2L2,HMOX1,772,0.423473672584443,6.082673364264722e-35,4.972860651930379,5.057371940483083,0.19722672747177622,0.13432467331002176,59.0,0.3153098082800778,0.014129523722924437,60.0,0.22887531446045284,0.012289918117491888,119.0,0.4594296021195048,2.6618938013490184e-14,247,0.5194007381182274,1.9608900484437916e-19,261,0.4427350427350427,0.02351269350565081,26.0,0.42511128174698953,2.8034610661418134e-24,521.0,0.3951599974884859,8.273076896337174e-11,251.0
Muscle - Skeletal,housekeeping,ACTB↔GAPDH,ACTB,GAPDH,772,-0.10611096394337813,0.0031588517263008457,8.714771876063372,12.430791653499702,0.33904149620105206,0.008619018946719135,59.0,-0.13359266462906366,0.30886501656149773,60.0,0.023672010198200193,0.7983050946019442,119.0,0.05586002264790988,0.3820427360617107,247,-0.2773579633465713,5.392491403023023e-06,261,-0.1911111111111111,0.3496786228612845,26.0,-0.08215145591409313,0.06095713579223534,521.0,-0.10363737845272435,0.10139182914213579,251.0
Muscle - Skeletal,housekeeping,RPL13A↔RPS18,RPL13A,RPS18,772,0.8604400019754189,1.1445534486410472e-227,10.480461093428222,10.389364467383666,0.7316802315318562,4.618811629320425e-11,59.0,0.856940411603052,2.4431788756277545e-18,60.0,0.8359368601768582,2.864235790645359e-32,119.0,0.8579648278124761,7.914192418101818e-73,247,0.8902546830828367,1.9243791851527665e-90,261,0.7859097586831386,1.9569902723960357e-06,26.0,0.8624528406233094,1.328781245635315e-155,521.0,0.8520967650443341,5.73604644850727e-72,251.0
Muscle - Skeletal,housekeeping,HPRT1↔TBP,HPRT1,TBP,772,0.3416848240894312,1.4563152494363157e-22,3.9501501982693843,3.2454927177626853,0.1770945966447782,0.17965499732655155,59.0,0.30808557932759106,0.016629977586334582,60.0,0.19518118193356943,0.03340306979797874,119.0,0.3495459566922962,1.6542678818334185e-08,247,0.4928736898285528,2.2162668869621074e-17,261,0.4974358974358974,0.009720572467670502,26.0,0.38037946841620407,2.2150727617606635e-19,521.0,0.2585045332151564,3.387440153570179e-05,251.0
Muscle - Skeletal,housekeeping,B2M↔PPIA,B2M,PPIA,772,0.43563591625070247,4.2606727057007116e-37,7.982834879598469,5.838280857844674,0.40651986502871296,0.0013986865247242223,59.0,0.420483752246084,0.0008226440717673735,60.0,0.44858601756456984,3.113917367601922e-07,119.0,0.4377877652202857,5.481779660528638e-13,247,0.4716795395266548,7.288254561743536e-16,261,0.4858119658119658,0.011866159080490896,26.0,0.4475772564057367,4.966089777641153e-27,521.0,0.4185490329038947,4.574690611344288e-12,251.0
Muscle - Skeletal,hormone,ESR1→PGR,ESR1,PGR,772,0.3571729131180805,1.2097896879080882e-24,0.7633985793845333,0.6025508633510746,0.2590920381930313,0.04753281726478374,59.0,0.5445401500416783,6.867130950612478e-06,60.0,0.30157794754703043,0.000858975432437998,119.0,0.30380473117269763,1.1391080637737652e-06,247,0.29453694535737174,1.276244278033011e-06,261,0.427008547008547,0.02958230088368133,26.0,0.3355495309073813,3.547064818667257e-15,521.0,0.40554354538375365,2.3525615962261272e-11,251.0
Muscle - Skeletal,hormone,AR→KLK3,AR,KLK3,772,-0.04031467838051442,0.2632345953597176,2.3189647167612235,0.15576485527795136,-0.16404944926251974,0.2143995608183554,59.0,-0.10305297694093145,0.43330863627209504,60.0,-0.11206961501988719,0.2249548627491777,119.0,-0.02230985104901014,0.7271706234677524,247,-0.0048334011853835976,0.9380574365475125,261,0.023387645405380804,0.9097101101904923,26.0,-0.08024431402352834,0.06722550781374201,521.0,0.04798607116344297,0.4491195312732812,251.0
Muscle - Skeletal,hormone,AR→SMAD3,AR,SMAD3,772,0.03307231988040421,0.3587902129649939,2.3189647167612235,4.899013501374832,-0.030362804836742557,0.8194256994552197,59.0,0.09558343406638002,0.4675463190742948,60.0,0.025886625836775392,0.7798949990622971,119.0,0.09917278205910193,0.12005302153334363,247,-0.0845495256833154,0.17325383485899287,261,0.2615831804344947,0.19676136970211922,26.0,0.033223063272097675,0.44921882337812324,521.0,0.02573351063093163,0.6849427160305689,251.0
Whole Blood,production,SMAD3→COL1A1,SMAD3,COL1A1,726,0.4899763819641477,4.1542593340367317e-45,2.3680646273181787,0.8942656070866286,0.4178532239025126,0.0008059693681576886,61.0,0.32118855606758834,0.010267036302628573,63.0,0.3815957742563248,4.238411250174119e-05,109.0,0.4932332994609961,2.551659179068115e-15,227,0.5235779734913985,1.2000557582074786e-18,245,0.6571428571428571,0.0012093758514660196,21.0,0.48874550872520894,3.011113899349079e-30,481.0,0.4983242393389024,8.779740588654438e-17,245.0
Whole Blood,production,SMAD3→COL3A1,SMAD3,COL3A1,726,0.24145506303848735,4.32679259133239e-11,2.3680646273181787,0.7605837713875718,0.2861486799388086,0.02537597510185287,61.0,0.2133736559139785,0.09313564639460592,63.0,0.3048380707034191,0.0012686320964150615,109.0,0.20681312508897315,0.0017321238714948358,227,0.2667773436424717,2.3233591097435087e-05,245,0.4090909090909091,0.0655581692093152,21.0,0.23016342770355025,3.335699341914796e-07,481.0,0.27353756217933417,1.4070748700829889e-05,245.0
Whole Blood,production,SMAD3→FN1,SMAD3,FN1,726,0.24913151181897422,9.843710487938265e-12,2.3680646273181787,1.5182678625808603,0.33540898216815623,0.008230687647729835,61.0,0.1968125960061444,0.12209637632312557,63.0,0.2716801037901956,0.004267527713402778,109.0,0.20928317312347194,0.001519411525769725,227,0.29746633637659786,2.137089592867646e-06,245,0.04805194805194805,0.8361372099212369,21.0,0.22346913869596413,7.381144387135213e-07,481.0,0.3168269325904513,4.08729790661556e-07,245.0
Whole Blood,production,SMAD3→SERPINE1,SMAD3,SERPINE1,726,0.5620774481631045,1.0641258888661594e-61,2.3680646273181787,1.8173811062759933,0.3839340014278537,0.0022537651426113364,61.0,0.3834965437788018,0.0019188784183953964,63.0,0.48845334074691876,7.115326861607353e-08,109.0,0.572861339228428,3.389668804055925e-21,227,0.5852936574464377,6.409166542424571e-24,245,0.464935064935065,0.03369923102896563,21.0,0.5838113440667972,2.7703349264145782e-45,481.0,0.5125419322409686,8.18368281837018e-18,245.0
Whole Blood,production,ESR1→COL1A1,ESR1,COL1A1,726,0.24344060955297825,2.9644460442420546e-11,0.19355458901366399,0.8942656070866286,0.16816499206768903,0.19515224213477445,61.0,0.1839957757296467,0.14887036924219846,63.0,0.1837137052032203,0.055847500329940354,109.0,0.2707268729924072,3.567303529623162e-05,227,0.28651484143481043,5.173078715706049e-06,245,0.3363636363636363,0.13599675301002198,21.0,0.29964056859874866,1.9555728880264987e-11,481.0,0.1383473076955275,0.030401152996792375,245.0
Whole Blood,production,ESR1→ELN,ESR1,ELN,726,0.23113166246989783,2.9287693666627006e-10,0.19355458901366399,0.5957759909701249,0.28952934955050236,0.02362163943755233,61.0,0.151643524918813,0.23546188722033223,63.0,0.12719425260494846,0.187504499122423,109.0,0.21170679585704433,0.0013341916686884822,227,0.32034110465294474,2.9886688942414044e-07,245,0.21818181818181817,0.3420480120478131,21.0,0.28421488386871135,2.1744300934429087e-10,481.0,0.1284055297132531,0.044653338585419644,245.0
Whole Blood,production,PPARG→FABP4,PPARG,FABP4,726,0.16775878114363788,5.50360895944384e-06,1.565608680094323,1.5409594340398702,0.12839937070623308,0.32404752663626657,61.0,0.19998079877112135,0.11608220190792731,63.0,0.26448892595681583,0.005449574998763158,109.0,0.13896534150990156,0.03640918323276699,227,0.16785673631372303,0.008472350774174617,245,-0.015584415584415586,0.9465439560865645,21.0,0.17154802567796668,0.00015644146779100878,481.0,0.1661690752676091,0.009166072385409093,245.0
Whole Blood,production,PPARG→ADIPOQ,PPARG,ADIPOQ,726,0.15842880754142938,1.7986399071655225e-05,1.565608680094323,0.25872878313767556,0.2537270057857911,0.04848494089442986,61.0,0.25198755752577356,0.04633657978080351,63.0,0.1698618859264614,0.07742591402629304,109.0,0.09164761577259879,0.1687952110133358,227,0.1847965729556637,0.0036987385824822435,245,-0.28758784208880117,0.20619227639023846,21.0,0.20098643722940635,8.916207810119446e-06,481.0,0.07352717015619883,0.2515679893525647,245.0
Whole Blood,production,RUNX2→SPP1,RUNX2,SPP1,726,0.05564839038830838,0.13413610806536969,1.8385510248011465,2.0631236987696453,-0.11634209866297889,0.37191073401816577,61.0,0.1394489247311828,0.275707237848541,63.0,0.2666750070919365,0.005062660810076356,109.0,0.03314073437246867,0.6194038286098544,227,0.11295126128254707,0.07763496312730735,245,0.15974025974025974,0.4891511154734237,21.0,0.101128444316456,0.026565904769460354,481.0,-0.007095944373214508,0.9120108873369326,245.0
Whole Blood,production,FOXO1→PCK1,FOXO1,PCK1,726,0.14134778284026808,0.00013282145516024257,2.553525589344915,0.26405834055444116,0.18002410254782356,0.16504038347004754,61.0,0.23934804176330748,0.05885363984296234,63.0,0.14868279134345155,0.12283381679906749,109.0,0.15817145188566784,0.01708051964773165,227,0.1396898914542543,0.028812679117074486,245,0.3708996623028714,0.0978733809431742,21.0,0.15682161655790552,0.0005568638080890473,481.0,0.14601417421326238,0.022250698156104837,245.0
Whole Blood,detection,RELA→ICAM1,RELA,ICAM1,726,0.7541716276798148,2.274458984988272e-134,5.644536542169975,4.4079930527807925,0.6023796932839767,2.80526164597076e-07,61.0,0.6648585075486642,2.8049081952337773e-09,63.0,0.7809229029965351,1.326062575898012e-23,109.0,0.8046116041074944,7.727282632977491e-53,227,0.740385250925289,8.264490480144616e-44,245,0.6896103896103896,0.000542956372705794,21.0,0.7714325750819844,4.278750393472299e-96,481.0,0.7269820636652593,1.4903844669289006e-41,245.0
Whole Blood,detection,RELA→IL6,RELA,IL6,726,0.5460560079448742,1.1685307534843774e-57,5.644536542169975,0.4352014404631761,0.3748383267595393,0.0029169596647461134,61.0,0.40291655882468935,0.0010604382097014295,63.0,0.5112496562371127,1.3416091717722158e-08,109.0,0.5626295331700822,2.3739568587754557e-20,227,0.5588460101875976,1.5881056381637466e-21,245,0.5022827949587121,0.020320890543628015,21.0,0.561034768053355,3.125636046503309e-41,481.0,0.5213167794933422,1.7885692084783466e-18,245.0
Whole Blood,detection,RELA→CCL2,RELA,CCL2,726,0.4266545886929639,1.775543455205349e-33,5.644536542169975,0.5106270962597459,0.3012234963336668,0.018322359485347918,61.0,0.3873121390737432,0.0017126024354483919,63.0,0.4334564501978889,2.5005663522046725e-06,109.0,0.4698959612882121,7.19817357207343e-14,227,0.357048751778342,8.882869494126024e-09,245,0.08051948051948052,0.7286240142042281,21.0,0.44123610220266807,2.4630192271223672e-24,481.0,0.40184330943971436,6.351441351974905e-11,245.0
Whole Blood,detection,RELA→NFKBIA,RELA,NFKBIA,726,0.1675078655717071,5.68660627396612e-06,5.644536542169975,7.029969993701651,0.40005817108428876,0.001400942866113147,61.0,0.16471449487554904,0.19703944637255036,63.0,0.18346897972581763,0.056180573205477986,109.0,0.2358809423050106,0.00033707133765983714,227,0.22573139260913885,0.0003690784957184064,245,0.08441558441558442,0.7160045730938805,21.0,0.22599046715388846,5.488444557877592e-07,481.0,0.07065577385651711,0.27060978611010306,245.0
Whole Blood,detection,NFKB1→TNF,NFKB1,TNF,726,0.2856269555446982,4.266974264212662e-15,4.225816559200444,2.5361208295854984,0.5323109465891062,1.0080819977615697e-05,61.0,0.37836021505376344,0.002231608175213247,63.0,0.40671023702786613,1.1414607606812162e-05,109.0,0.3493990550773384,6.425774624376001e-08,227,0.2790433280456671,9.26003717128867e-06,245,0.4142857142857143,0.06187994268302525,21.0,0.3201726338962132,6.296800032729969e-13,481.0,0.24303195382735582,0.00012185500877585791,245.0
Whole Blood,detection,HIF1A→VEGFA,HIF1A,VEGFA,726,0.584143319934105,1.2231092054256322e-67,5.981647432671434,4.015097619786078,0.5579587519830776,2.985807398752992e-06,61.0,0.6600422427035331,3.994787170809918e-09,63.0,0.5431019903220727,1.051323141557959e-09,109.0,0.6425316155714633,7.9308813893227135e-28,227,0.6221111010018155,1.2206550957903182e-27,245,0.7337662337662337,0.00015324044854450605,21.0,0.5963951666730173,1.1562870551992884e-47,481.0,0.5725315124014825,9.749865354440232e-23,245.0
Whole Blood,detection,HIF1A→SLC2A1,HIF1A,SLC2A1,726,0.36655824427461814,1.656593083233558e-24,5.981647432671434,5.0481858007178815,-0.05134849286092014,0.6943141280803878,61.0,0.28062932784912337,0.025894092820406566,63.0,0.3045422321482353,0.0012832598097949975,109.0,0.4023561251457333,3.038750478069121e-10,227,0.45821174911560697,4.033542560382303e-14,245,0.49610389610389616,0.022176831557460017,21.0,0.4239450655369633,2.103499506516309e-22,481.0,0.21169117935075196,0.0008547889567973385,245.0
Whole Blood,detection,TP53→CDKN1A,TP53,CDKN1A,726,0.41310497420304987,2.7228099614346813e-31,3.087857901639518,4.704209606181163,0.37218895017729337,0.0031402948992304987,61.0,0.46644585253456217,0.00011660131899800006,63.0,0.5288934915232305,3.38216818596827e-09,109.0,0.4491792901772004,1.1365060003093905e-12,227,0.47258928688015944,4.912029323839982e-15,245,0.448051948051948,0.041656189956785605,21.0,0.42587612144771425,1.2963189473791016e-22,481.0,0.3947596794094769,1.4592872322868473e-10,245.0
Whole Blood,detection,TP53→MDM2,TP53,MDM2,726,0.278498922048073,2.1260487198677017e-14,3.087857901639518,2.9962445083933757,0.26504845386311376,0.038984724115903736,61.0,-0.0839103771947088,0.5132177453364465,63.0,0.11498550865688806,0.23381166805511439,109.0,0.35135582935104503,5.361433696554167e-08,227,0.328129966132119,1.472004684282709e-07,245,0.4701298701298702,0.031507962850302,21.0,0.3319638380568365,7.744222910221517e-14,481.0,0.15583533083774082,0.014619513007503852,245.0
Whole Blood,detection,ATF4→DDIT3,ATF4,DDIT3,726,0.6400256080606066,6.473140535527296e-85,6.760994030424386,5.600834815626959,0.5438800602871572,5.895418055999601e-06,61.0,0.5803641077139756,6.17772430065118e-07,63.0,0.64114207344124,5.921346037051265e-14,109.0,0.6654410340882255,2.113971096279209e-30,227,0.6568669611073145,1.233256851980983e-31,245,0.8051948051948051,1.0678393833166908e-05,21.0,0.6384227219737337,1.9921567700589191e-56,481.0,0.6438485411223446,4.449035312690764e-30,245.0
Whole Blood,detection,XBP1→DNAJB1,XBP1,DNAJB1,726,0.367768527073631,1.1384605255870948e-24,6.003685388683287,7.293267866468298,0.35748753952806245,0.004677789044981798,61.0,0.42464536891477317,0.0005228860295882445,63.0,0.3476655260539542,0.00021211531388745945,109.0,0.46702483156372115,1.0670060258832901e-13,227,0.3691886949572768,2.5056955137854537e-09,245,0.5025974025974026,0.020229828771012277,21.0,0.38035491386087084,5.274871165298256e-18,481.0,0.3597185204678616,6.755302017324109e-09,245.0
Whole Blood,detection,HSF1→HSPA1A,HSF1,HSPA1A,726,0.5769890554037099,1.1556472260398167e-65,5.503675043418716,7.702892317916408,0.5409378760107323,6.769936428924268e-06,61.0,0.6651785714285715,2.7391354553627586e-09,63.0,0.31579166850160856,0.0008228954668740152,109.0,0.6105293287557569,1.4088975596494803e-24,227,0.6223613594246868,1.1471111091024215e-27,245,0.6675324675324676,0.0009457098107349513,21.0,0.5700013899562782,8.654283257930738e-43,481.0,0.5885328107116005,3.1506554024448985e-24,245.0
Whole Blood,detection,STAT1→IRF1,STAT1,IRF1,726,0.7353141286217031,1.9424481859528906e-124,5.006965765447328,6.404636792571749,0.7376715410178126,1.1912932837100452e-11,61.0,0.5579877112135176,2.021581940895161e-06,63.0,0.6811077801305723,3.654596090291008e-16,109.0,0.7237376021078592,4.1282651805286055e-38,227,0.7923643479169774,4.4895183340986286e-54,245,0.8207792207792207,5.1607825485235905e-06,21.0,0.7666329700135416,3.260869579024656e-94,481.0,0.6602368405861194,4.734839231722136e-32,245.0
Whole Blood,detection,NFE2L2→NQO1,NFE2L2,NQO1,726,0.43038300675967806,4.268192269222672e-34,4.852384586636357,0.8425092766620732,0.28358761479016564,0.026777008470213463,61.0,0.19842308016838037,0.11901019605652238,63.0,0.39323229187420944,2.3385812833043305e-05,109.0,0.4016646537311628,3.279475817016722e-10,227,0.5017668464453573,4.9927370901466045e-17,245,0.5714285714285714,0.0068098934225396665,21.0,0.48337697210862246,1.5638844775439633e-29,481.0,0.3494291760277465,1.9139477820345192e-08,245.0
Whole Blood,detection,NFE2L2→HMOX1,NFE2L2,HMOX1,726,0.24995179615062005,8.378234652417377e-12,4.852384586636357,6.8090666424144395,0.3562665256478053,0.004831265750803448,61.0,0.3204205069124424,0.010460589924090852,63.0,0.32528484782484446,0.0005579384121683301,109.0,0.3249585784858192,5.572423798800911e-07,227,0.2563089675928326,4.920528366978864e-05,245,0.3181818181818181,0.15982689555474963,21.0,0.3241298532856752,3.14827749398303e-13,481.0,0.1280310635500055,0.04528461258192924,245.0
Whole Blood,housekeeping,ACTB↔GAPDH,ACTB,GAPDH,726,0.5297608978899342,9.10818282350541e-54,12.124437923273764,10.718494113811778,0.5837883576008983,7.8778072216045e-07,61.0,0.618935039107539,6.41697051163431e-08,63.0,0.5672193661848375,1.2712178652642431e-10,109.0,0.5014407758422482,7.411962116392136e-16,227,0.5498421138205445,9.294150572200932e-21,245,0.6077922077922078,0.003469852390223122,21.0,0.5856961352389416,1.238055159090853e-45,481.0,0.41502087638236873,1.2815066837639827e-11,245.0
Whole Blood,housekeeping,RPL13A↔RPS18,RPL13A,RPS18,726,0.9171818120025581,1.5666767766671907e-291,10.152337920238821,9.411181836745627,0.9038603913273401,2.0037615903035257e-23,61.0,0.9034178187403995,4.1230335111995815e-24,63.0,0.9384781123569174,3.202698715873874e-51,109.0,0.9238437993565612,8.325035443906953e-96,227,0.8991500929841161,3.515330171497646e-89,245,0.9051948051948051,1.7178408202774223e-08,21.0,0.9251712261235598,1.1615035859153338e-203,481.0,0.8969720633740123,4.1107212701170994e-88,245.0
Whole Blood,housekeeping,HPRT1↔TBP,HPRT1,TBP,726,0.7580728657867332,1.5450191729331095e-136,3.4240841893453573,2.3328977592145774,0.7803381853958712,1.2288894815389753e-13,61.0,0.5404185867895546,4.8352379182322645e-06,63.0,0.7704668506196005,1.1877351988432985e-22,109.0,0.7663637214688734,3.952700958867578e-45,227,0.7902227849012862,1.3543362751892884e-53,245,0.8090909090909091,8.95835754740235e-06,21.0,0.7962298432409173,1.3147196239910475e-106,481.0,0.6554931449681981,1.815591990206499e-31,245.0
Whole Blood,housekeeping,B2M↔PPIA,B2M,PPIA,726,0.42116269024986663,1.40363148458867e-32,11.43260692302189,6.295381513837284,0.334690639873083,0.008377928580479442,61.0,-0.013824884792626729,0.9143611100839509,63.0,0.3940070012628845,2.2460107499830294e-05,109.0,0.424460276659724,2.4174272880941475e-11,227,0.5568227602346475,2.373192519929098e-21,245,0.6623376623376622,0.0010706809556016235,21.0,0.484228398364089,1.2066347982468361e-29,481.0,0.2932973965850458,3.0050609838953344e-06,245.0
Skin - Sun Exposed (Lower leg),production,SMAD3→COL1A1,SMAD3,COL1A1,673,-0.04019360488069084,0.2977851893127881,4.884857790254023,7.740322404240782,0.21690276110444176,0.13027500660345584,50.0,0.012850678733031673,0.9286839970040224,51.0,0.1398819901874265,0.1587581503534496,103.0,-0.1532500442347833,0.024962362026183016,214,-0.0873637365636928,0.18772510260420974,229,-0.02017094017094017,0.9220884873072568,26.0,-0.08230705616700154,0.08182415544467134,448.0,0.07163788358085209,0.28463801981939857,225.0
Skin - Sun Exposed (Lower leg),production,SMAD3→COL3A1,SMAD3,COL3A1,673,-0.029381771327380013,0.4466711495065484,4.884857790254023,7.320927364865171,0.2816326530612245,0.047548432475378544,50.0,0.07719457013574658,0.5902890965356702,51.0,0.1513919282172167,0.12687990762238427,103.0,-0.12600847401361104,0.06578449262573448,214,-0.08097837871883323,0.22219009718245686,229,0.029059829059829054,0.8879342977087152,26.0,-0.0705035814240094,0.13623342259652285,448.0,0.09418542572986259,0.15911792507455788,225.0
Skin - Sun Exposed (Lower leg),production,SMAD3→FN1,SMAD3,FN1,673,0.2515708653720125,3.568916636705466e-11,4.884857790254023,5.809332713329774,0.5344185936376802,6.399365780531346e-05,50.0,0.4717753796542217,0.0004743595360753948,51.0,0.33503017523050144,0.0005417313077434792,103.0,0.1680101754225855,0.013858886077528521,214,0.1995356371275451,0.002416843293267808,229,0.19452991452991453,0.34096109207948366,26.0,0.2444112166870598,1.6196373724613825e-07,448.0,0.28964053572718673,1.0081278107595635e-05,225.0
Skin - Sun Exposed (Lower leg),production,SMAD3→SERPINE1,SMAD3,SERPINE1,673,0.44371923874967667,7.786210850351374e-34,4.884857790254023,4.617641588908248,0.4789915966386554,0.00043317421653247374,50.0,0.39366515837104066,0.00426282121519914,51.0,0.47560289180999726,3.835825161897143e-07,103.0,0.42204521695635266,1.184571182612007e-10,214,0.42960599864382026,1.0599371379210329e-11,229,0.6157264957264957,0.0008125089846173568,26.0,0.47919612302345244,4.240480716548595e-27,448.0,0.3876386501640698,1.7528719905142583e-09,225.0
Skin - Sun Exposed (Lower leg),production,ESR1→COL1A1,ESR1,COL1A1,673,0.44835623478928016,1.3628831682593831e-34,0.8566742541398549,7.740322404240782,0.3031452581032413,0.03235622081776723,50.0,0.2912217194570136,0.03813918238113406,51.0,0.44565742652550194,2.3888003443309263e-06,103.0,0.46427283541626996,7.73303726868452e-13,214,0.4689614788031934,6.357849640166369e-14,229,0.5733333333333333,0.0021999171084648404,26.0,0.40707084211427896,2.6103208978162465e-19,448.0,0.569664377632166,9.326618473599626e-21,225.0
Skin - Sun Exposed (Lower leg),production,ESR1→ELN,ESR1,ELN,673,0.41135129442283386,7.251519088266329e-29,0.8566742541398549,6.2988234792032,0.47697478991596637,0.0004616291470239346,50.0,0.5372850678733032,4.798562171751545e-05,51.0,0.34750472257611037,0.00032251533741084573,103.0,0.3789322557933792,1.0294743929101445e-08,214,0.4352550255277817,5.292130548407536e-12,229,0.3586324786324786,0.07199856897652838,26.0,0.3435925375145701,7.368608596457978e-14,448.0,0.47414265825325264,5.174908925015894e-14,225.0
Skin - Sun Exposed (Lower leg),production,AR→COL1A1,AR,COL1A1,673,0.392482198826411,3.2854727009191074e-26,2.2770503672589872,7.740322404240782,0.2252581032412965,0.11576095922209767,50.0,0.536470588235294,4.951877980034537e-05,51.0,0.36745586987758183,0.0001344101789656209,103.0,0.3163743382854359,2.324711529455601e-06,214,0.4091009813119668,1.1866706299847776e-10,229,0.5548717948717948,0.0032606153836930015,26.0,0.35293936887831345,1.3758213590365286e-14,448.0,0.4682598002425783,1.1593363614498743e-13,225.0
Skin - Sun Exposed (Lower leg),production,SOX9→ACAN,SOX9,ACAN,673,0.2519694572801176,3.316306370815273e-11,5.08239615796048,0.41385855574166347,0.3601920768307323,0.010187380029377848,50.0,0.5378402227671283,4.696572167227004e-05,51.0,0.3227999461856668,0.0008823636202641852,103.0,0.26286708208998166,9.960512998116134e-05,214,0.1581303415789871,0.01662312547835015,229,0.07076923076923076,0.731194023076702,26.0,0.24464809561017753,1.5743125245883843e-07,448.0,0.2712305546368016,3.733919771195614e-05,225.0
Skin - Sun Exposed (Lower leg),production,PPARG→FABP4,PPARG,FABP4,673,0.7714401657038855,7.222442265870606e-134,2.8069682775776594,6.93335884145252,0.7641296518607443,1.0734725536129833e-10,50.0,0.865972850678733,2.3320010634415617e-16,51.0,0.7484445616055475,1.016752645159891e-19,103.0,0.8019934459956146,2.4594862845117644e-49,214,0.7226713952243669,2.8291880803744246e-38,229,0.6923076923076923,8.90230741418118e-05,26.0,0.785632098463255,4.78023263825765e-95,448.0,0.7444262244134117,5.448433142828586e-41,225.0
Skin - Sun Exposed (Lower leg),production,PPARG→ADIPOQ,PPARG,ADIPOQ,673,0.6697661211743419,8.459184980972024e-89,2.8069682775776594,2.782056682301688,0.7231212484993997,3.0114244965091693e-09,50.0,0.7623529411764706,8.05654981072767e-11,51.0,0.7116373061547249,3.6028282353691334e-17,103.0,0.6658752481091055,8.725185124124181e-29,214,0.5922959566175899,4.4805177620888056e-23,229,0.6902564102564103,9.526273666593737e-05,26.0,0.6493884851256589,5.2779100038067554e-55,448.0,0.7036078041570546,6.150068719487392e-35,225.0
Skin - Sun Exposed (Lower leg),production,RUNX2→SPP1,RUNX2,SPP1,673,0.30301255188865617,9.29009139716952e-16,1.9930243551465412,1.3907222705097513,0.2776950780312125,0.05087565218314392,50.0,0.28987081163101325,0.039084001069948575,51.0,0.2410963116732454,0.014155104607683084,103.0,0.3144920122830889,2.688213214009639e-06,214,0.31817294963615067,8.794548266609503e-07,229,0.411965811965812,0.036509911497279585,26.0,0.32360656611757904,2.2170989600526885e-12,448.0,0.2682804517930053,4.566388523980991e-05,225.0
Skin - Sun Exposed (Lower leg),production,FOXO1→PCK1,FOXO1,PCK1,673,0.32170775098172494,1.1397987631394784e-17,5.006728327114905,1.1851423843895232,0.25599039615846336,0.07275371474297601,50.0,0.1783710407239819,0.2104547998534064,51.0,0.44044062733383127,3.2285673377679487e-06,103.0,0.26271083190368993,0.00010059434708621688,214,0.35331478683558093,3.893038522166339e-08,229,0.4297435897435897,0.02844471918031297,26.0,0.2769301348844701,2.489722462182277e-09,448.0,0.3729724675681574,7.783070585693104e-09,225.0
Skin - Sun Exposed (Lower leg),detection,RELA→ICAM1,RELA,ICAM1,673,0.4279846886897372,2.366880116497876e-31,6.336561254016712,4.2005869692183175,0.485906362545018,0.00034723846689537944,50.0,0.37837104072398187,0.006186699842239624,51.0,0.38219788909512253,6.779521656469535e-05,103.0,0.37635025449281984,1.3186241127501147e-08,214,0.4924056517869275,2.1762270933616566e-15,229,0.606153846153846,0.0010299010849706886,26.0,0.4404499886859709,1.1024672675352299e-22,448.0,0.40874182169496764,1.7970587010226579e-10,225.0
Skin - Sun Exposed (Lower leg),detection,RELA→IL6,RELA,IL6,673,0.14167099569291877,0.00022687457497591135,6.336561254016712,1.7923935909947881,0.02069627851140456,0.8865598846501892,50.0,0.1427149321266968,0.31777179348455326,51.0,0.08017440679296955,0.4207919179965438,103.0,0.09397248171800994,0.17078672027577446,214,0.23154881668707242,0.0004109823646493841,229,0.30188034188034185,0.13392277370857938,26.0,0.16248211807897792,0.0005555017717303624,448.0,0.1189220367735814,0.07504035188172695,225.0
Skin - Sun Exposed (Lower leg),detection,RELA→CCL2,RELA,CCL2,673,0.1480021878074628,0.0001163872985958176,6.336561254016712,3.628669267157743,0.2016326530612245,0.1602694829687126,50.0,0.12986425339366514,0.36373084528543653,51.0,-0.007715434988565759,0.9383462088505174,103.0,0.16282956061454065,0.017126899649359824,214,0.15977239575279803,0.01551490253889431,229,0.32307692307692304,0.10742665025723581,26.0,0.1594745813404088,0.0007047727067521827,448.0,0.144290422402134,0.030492277881877826,225.0
Skin - Sun Exposed (Lower leg),detection,RELA→NFKBIA,RELA,NFKBIA,673,0.3542965553583679,2.4589076608171293e-21,6.336561254016712,8.244303661505144,0.37142857142857133,0.007914102211381682,50.0,0.14262443438914024,0.3180819486517221,51.0,0.36914273790664376,0.00012449118551493697,103.0,0.32545748086597637,1.1371480398568026e-06,214,0.3583508893158458,2.411210960704183e-08,229,0.6444444444444445,0.0003803021488936879,26.0,0.3547773257199183,9.825941072257233e-15,448.0,0.3091301432320562,2.2738122528735685e-06,225.0
Skin - Sun Exposed (Lower leg),detection,NFKB1→TNF,NFKB1,TNF,673,0.18486042354313995,1.3759684787883647e-06,4.945486569652585,1.239341887785191,0.35688732032664566,0.010954855211160285,50.0,0.18316742081447962,0.1982460350129694,51.0,0.07000982960192859,0.4822341774009501,103.0,0.12403491849416966,0.07016464236844852,214,0.14862242443153903,0.02449568987851068,229,0.5719658119658119,0.0022667582800500645,26.0,0.16302658073787732,0.0005318407827488753,448.0,0.2139356250431495,0.001243879672438637,225.0
Skin - Sun Exposed (Lower leg),detection,HIF1A→VEGFA,HIF1A,VEGFA,673,0.6257496952442944,1.974399169543382e-74,5.792561302921924,5.996432611527804,0.701721530130957,1.3695964181411433e-08,50.0,0.7358990024282187,7.630982577060623e-10,51.0,0.6419389027185854,2.727408083404402e-13,103.0,0.588320701331223,2.556219611407287e-21,214,0.6276471659514156,1.731040241374062e-26,229,0.3497435897435897,0.07987035766814786,26.0,0.6352549967184555,5.319224182799081e-52,448.0,0.6094708374860464,2.8422956931967037e-24,225.0
Skin - Sun Exposed (Lower leg),detection,HIF1A→SLC2A1,HIF1A,SLC2A1,673,0.34852988127955264,1.178843842672047e-20,5.792561302921924,8.03561319886841,0.48625417190899,0.00034335512411125675,50.0,0.19407678911729878,0.17236597898801964,51.0,0.26548162304151457,0.006722687975916537,103.0,0.28105628374590247,3.0217613777700457e-05,214,0.3694677503769243,8.128538604921891e-09,229,0.3497435897435897,0.07987035766814786,26.0,0.3198791869757561,4.071295410248886e-12,448.0,0.3748037489514312,6.487185959005927e-09,225.0
Skin - Sun Exposed (Lower leg),detection,TP53→CDKN1A,TP53,CDKN1A,673,0.1329852814413174,0.0005423910915636569,5.212432367486373,7.765037935520529,0.06958150257714069,0.6311180976514721,50.0,0.3976650527173175,0.003856028149628662,51.0,-0.05298071431709354,0.5950675678010475,103.0,0.03547813565301825,0.605768374976342,214,0.18993316858646137,0.00391677803425855,229,0.17606837606837608,0.3895836671644305,26.0,0.17530464856312053,0.00019220278338861864,448.0,0.03746168469858453,0.5761673699613215,225.0
Skin - Sun Exposed (Lower leg),detection,TP53→MDM2,TP53,MDM2,673,-0.18318461265021832,1.719058536224571e-06,5.212432367486373,3.618937851769786,-0.21637974507425528,0.13122703210634737,50.0,-0.19385492556224265,0.17286661732752423,51.0,-0.1879551020969802,0.05727092151122121,103.0,-0.198584439115922,0.003532631997064716,214,-0.18030191633754858,0.006219273840767433,229,-0.3682051282051282,0.06420107476551386,26.0,-0.13456169201072354,0.004328628764577989,448.0,-0.24145235776282814,0.0002563294814685166,225.0
Skin - Sun Exposed (Lower leg),detection,ATF4→DDIT3,ATF4,DDIT3,673,0.5814217930242147,4.066630607954552e-62,8.391577981379198,5.850131112788797,0.6572224356511718,2.1677130075717822e-07,50.0,0.5361085972850679,5.021451064571729e-05,51.0,0.6024920100087703,1.6626359007771675e-11,103.0,0.6095105152006522,3.715740079205841e-23,214,0.5216381710986446,2.2174470278538497e-17,229,0.6948196374416904,8.187518549875385e-05,26.0,0.5796154431711861,1.4526983946041758e-41,448.0,0.595592480376912,5.433156484159035e-23,225.0
Skin - Sun Exposed (Lower leg),detection,XBP1→DNAJB1,XBP1,DNAJB1,673,0.031135264575565518,0.4200049686452978,6.807489333499948,6.6350665538838856,0.06861944777911164,0.6358571194886569,50.0,-0.16533936651583708,0.2462572732246338,51.0,0.07323743338810279,0.4622202923176155,103.0,0.12326678374826938,0.07193245625942696,214,-0.09315377243790804,0.16001676752729263,229,0.38256410256410256,0.053747386699134966,26.0,-0.04818922836514199,0.30881318397907,448.0,0.15966124943979512,0.0165309997342491,225.0
Skin - Sun Exposed (Lower leg),detection,HSF1→HSPA1A,HSF1,HSPA1A,673,-0.051731969517334206,0.1801003225160594,6.494209050069415,5.6399249283023964,0.1908763505402161,0.18424165784599364,50.0,0.14597615334399763,0.3067231510361339,51.0,-0.07433115142995213,0.45554339065903315,103.0,-0.03362544322359551,0.6247318216757399,214,-0.12543196775006737,0.05806130623153075,229,-0.37504273504273505,0.05904313324523067,26.0,-0.11357175318847632,0.016175521815232394,448.0,0.07234905211716236,0.27987152674916055,225.0
Skin - Sun Exposed (Lower leg),detection,STAT1→IRF1,STAT1,IRF1,673,0.5206949367607421,4.904242101851852e-48,5.1519201173824865,3.494663166255866,0.27663865546218486,0.05179973356797915,50.0,0.5939366515837103,4.340229762792998e-06,51.0,0.3640357380163973,0.00015681034912995591,103.0,0.5006188204055765,5.640955353179815e-15,214,0.5297794827610522,5.704559241479681e-18,229,0.5152136752136752,0.007069899122543604,26.0,0.5388337603602463,4.238484694370159e-35,448.0,0.47828599377001535,2.904843381014161e-14,225.0
Skin - Sun Exposed (Lower leg),detection,NFE2L2→NQO1,NFE2L2,NQO1,673,-0.03257125023115237,0.3988793274395561,6.676947206125925,3.109636263188423,-0.2351500600240096,0.10020773345907026,50.0,-0.02606334841628959,0.8559390852346852,51.0,-0.039883912170976275,0.6891589271663253,103.0,-0.06416808144733041,0.35021961067512963,214,0.04971743000475512,0.4540336572470828,229,-0.009914529914529914,0.9616611834964592,26.0,-0.03956309034852961,0.4035035579038152,448.0,-0.02385858155404557,0.7218884321994389,225.0
Skin - Sun Exposed (Lower leg),detection,NFE2L2→HMOX1,NFE2L2,HMOX1,673,0.2373838871783549,4.483940397741157e-10,6.676947206125925,6.732967918021895,0.32168067226890756,0.022725719278411854,50.0,0.1925835426633769,0.17575583827469723,51.0,0.20633377813966014,0.0365226864050175,103.0,0.19206506882346364,0.004809676135513556,214,0.330165120782836,3.1696782566016277e-07,229,0.14122072355483176,0.49136868397286204,26.0,0.22569982581823822,1.391405764219274e-06,448.0,0.3061471153651257,2.876088970963239e-06,225.0
Skin - Sun Exposed (Lower leg),housekeeping,ACTB↔GAPDH,ACTB,GAPDH,673,0.34435879276370085,3.5900912030075066e-20,11.08013009954172,10.106117982566799,0.33313323975305253,0.018079242786456742,50.0,0.458552036199095,0.0007141562696314284,51.0,0.3395349858921498,0.00045032529001577025,103.0,0.3662450672502461,3.403627187543337e-08,214,0.2954039798166597,5.4232585534091924e-06,229,0.12754317163668824,0.5346624375383942,26.0,0.37034797259109264,5.190840833075612e-16,448.0,0.3011116806004673,4.251435255513581e-06,225.0
Skin - Sun Exposed (Lower leg),housekeeping,RPL13A↔RPS18,RPL13A,RPS18,673,0.6216389366669691,3.3196456039705944e-73,11.994670794233347,12.666292247233738,0.6915818286592392,2.682753114270771e-08,50.0,0.7310407239819005,1.120458657775692e-09,51.0,0.7613645100458093,1.0118384147469462e-20,103.0,0.6010247669374259,2.100449205182832e-22,214,0.5543080424016926,7.593308452199431e-20,229,0.4605128205128205,0.017911112297773535,26.0,0.6079933272778113,1.2511811793364266e-46,448.0,0.6622189598163342,8.983219828928299e-30,225.0
Skin - Sun Exposed (Lower leg),housekeeping,HPRT1↔TBP,HPRT1,TBP,673,0.33826454434548353,1.7731730194489937e-19,4.1891903880800925,4.130938391451672,0.1675191520852078,0.24490327025160868,50.0,0.31987872754423274,0.022123300785802623,51.0,0.3671643758134222,0.00013619676845707236,103.0,0.39771847520948084,1.591181117763864e-09,214,0.3020953116611622,3.2279990042401898e-06,229,0.07522653554978931,0.7149361465530726,26.0,0.34558787392176143,5.174083424753715e-14,448.0,0.3378009928446278,2.077945625593119e-07,225.0
Skin - Sun Exposed (Lower leg),housekeeping,B2M↔PPIA,B2M,PPIA,673,0.2882689375511721,2.4041002481682858e-14,10.231982857476018,8.36722036066948,0.21056422569027608,0.14216736981273845,50.0,0.3751131221719457,0.006682788948844933,51.0,0.31515218077849744,0.0011850473957511164,103.0,0.3266247159973355,1.0355504157755104e-06,214,0.2180541100678334,0.0008945083444595197,229,0.21504273504273502,0.2914321294011375,26.0,0.3338245106863652,4.0121257713836103e-13,448.0,0.19589688941521027,0.003170239745392441,225.0
Skin - Sun Exposed (Lower leg),hormone,ESR1→PGR,ESR1,PGR,673,0.5973569161983113,2.530050158170459e-66,0.8566742541398549,0.9534861468232582,0.4560493650621843,0.0008733685780966115,50.0,0.613393665158371,1.703957073684682e-06,51.0,0.480165180336511,2.8581169570550973e-07,103.0,0.5860251146186505,3.9687692395977366e-21,214,0.663029645932584,2.2559895071264977e-30,229,0.5131623931623931,0.007340725368949597,26.0,0.5729079285364035,1.941400517477065e-40,448.0,0.679506109108334,7.93478484752067e-32,225.0
Skin - Sun Exposed (Lower leg),hormone,AR→KLK3,AR,KLK3,673,-0.048547557065066874,0.20845213252473582,2.2770503672589872,0.3356958978904901,0.09884726509828731,0.494636804490033,50.0,-0.23208669885349156,0.10125419219606205,51.0,0.11514606626045115,0.24678240955801167,103.0,-0.06869090451382134,0.3172341344871946,214,-0.06670205115913322,0.31490587841727663,229,0.03592200635609462,0.8616968944654462,26.0,-0.08143950464912578,0.0851067267076042,448.0,0.01701079648754706,0.7996816670986905,225.0
Skin - Sun Exposed (Lower leg),hormone,AR→SMAD3,AR,SMAD3,673,0.23819020603028482,3.899733190451558e-10,2.2770503672589872,4.884857790254023,0.4909003601440575,0.0002951181421452712,50.0,0.21484162895927603,0.13003084176285523,51.0,0.31771030680439094,0.0010746384240780413,103.0,0.25759337801759685,0.00013857141570390512,214,0.1928711202200664,0.003386778543610607,229,-0.321025641025641,0.10980594105066496,26.0,0.22766507904140074,1.11943847979266e-06,448.0,0.27460187358579746,2.9582368401799785e-05,225.0
Adipose - Subcutaneous,production,SMAD3→COL1A1,SMAD3,COL1A1,642,0.27650399940201853,9.904208970452677e-13,5.522444181353133,7.876172410364834,0.5037222478424138,0.0004195266147715643,45.0,0.38257454492076765,0.005124994118540482,52.0,0.44227237026821437,4.576338046380894e-06,99.0,0.15162694799585985,0.02765306992641836,211,0.2188892650754602,0.0012708241650583884,214,-0.10717766073550573,0.6437866211335002,21.0,0.2394830303709484,4.738355888224299e-07,432.0,0.3666988454511293,4.396355527953956e-08,210.0
Adipose - Subcutaneous,production,SMAD3→COL3A1,SMAD3,COL3A1,642,0.15007992658738054,0.00013513281509894948,5.522444181353133,8.460098137365323,0.32412134804631715,0.02984799204981338,45.0,0.31016818919149663,0.02523477075423447,52.0,0.270254391635156,0.006822555593765804,99.0,0.08027442216078552,0.245641426222351,211,0.08717956253179808,0.20398578594605782,214,-0.25527770102456826,0.26406800613124287,21.0,0.13618452907312933,0.004574502451953084,432.0,0.18323171107015945,0.007767641157388162,210.0
Adipose - Subcutaneous,production,SMAD3→FN1,SMAD3,FN1,642,0.2511750193338535,1.07811346337266e-10,5.522444181353133,7.443747653396701,0.3284693173493775,0.027597672940107523,45.0,0.3589174421582857,0.008975886856182228,52.0,0.3548062919197293,0.00031405730436603896,99.0,0.10775282947825222,0.1186537971317864,211,0.257136244973575,0.00014254806113167326,214,-0.006495615802151864,0.9777067439917559,21.0,0.18437412309643214,0.00011614074065067393,432.0,0.39150498426293906,4.207591153581744e-09,210.0
Adipose - Subcutaneous,production,SMAD3→SERPINE1,SMAD3,SERPINE1,642,0.33915665419414015,9.567359779976211e-19,5.522444181353133,6.750018666837817,0.17642214838781245,0.24633666473840024,45.0,0.3922991547852813,0.004022053187331018,52.0,0.22371745119912517,0.026015214551515387,99.0,0.32779664502903244,1.1249345977975879e-06,211,0.40931287315907733,4.735059573379286e-10,214,0.16758688769551808,0.46776910338526223,21.0,0.2665100798033571,1.8516608175355084e-08,432.0,0.459885607734921,2.1878358977671275e-12,210.0
Adipose - Subcutaneous,production,ESR1→COL1A1,ESR1,COL1A1,642,0.44165351968940586,4.960756397384139e-32,1.6248269768147454,7.876172410364834,0.042359761543451606,0.7823286707431332,45.0,0.4325201170650767,0.001363523401402488,52.0,0.33927748694499527,0.0005917134176214012,99.0,0.4867935410747388,5.93374351280462e-14,211,0.5080390045238341,1.9190921513304078e-15,214,0.5142857142857142,0.01707135314181649,21.0,0.46854416429350776,5.845887390176441e-25,432.0,0.37402414645406873,2.243805676817287e-08,210.0
Adipose - Subcutaneous,production,ESR1→ELN,ESR1,ELN,642,0.06522319709723505,0.09870899335762234,1.6248269768147454,7.3973019591001705,-0.05349143610013175,0.7271013968621363,45.0,-0.005805515239477503,0.9674180241763799,52.0,0.02111948744312151,0.835626734214527,99.0,0.025489336302571292,0.7127879573705111,211,0.1189863149146657,0.08245785371943097,214,0.3038961038961039,0.18047767364208747,21.0,0.01074940918921257,0.823705666336418,432.0,0.17789481663624063,0.00978910661916776,210.0
Adipose - Subcutaneous,production,AR→COL1A1,AR,COL1A1,642,-0.20407957015141973,1.8300233208496246e-07,3.484143017051376,7.876172410364834,0.003788128335199947,0.9802970321780378,45.0,-0.1360056349160417,0.3363579072461592,52.0,-0.3618215382349231,0.00023336860876982848,99.0,-0.22746376496932977,0.0008740585503616259,211,0.022284303335437777,0.7458455060730589,214,0.014285714285714285,0.9509932422972028,21.0,-0.13686216089767178,0.004374590386288241,432.0,-0.3628659875436552,6.209514497695455e-08,210.0
Adipose - Subcutaneous,production,SOX9→ACAN,SOX9,ACAN,642,-0.006997530578100544,0.859541296257909,2.668937910568677,0.5853793148351746,-0.10329380764163373,0.499531674976351,45.0,-0.09980363698454708,0.48145780439098484,52.0,0.030265924551638835,0.7661720519052146,99.0,-0.028888263647882488,0.6765170407789256,211,0.05945633207828867,0.3867957228700756,214,0.12727272727272726,0.5824788611326692,21.0,-0.023165414282813556,0.6311182543956041,432.0,-0.011413299642863438,0.869406359310946,210.0
Adipose - Subcutaneous,production,PPARG→FABP4,PPARG,FABP4,642,0.5416774812327921,3.1335562473510423e-50,6.729394933887732,12.55455733831055,0.3119894598155467,0.03694354086987107,45.0,0.46239221377956113,0.0005582260021745326,52.0,0.4574672694327114,1.9320598952704894e-06,99.0,0.5693126539334851,1.5972969075823864e-19,211,0.5259468509023066,1.2735196429077737e-16,214,0.3168831168831169,0.16163316689274096,21.0,0.5389700515467457,6.415311680998354e-34,432.0,0.5228956519118647,3.9095264252355903e-16,210.0
Adipose - Subcutaneous,production,PPARG→ADIPOQ,PPARG,ADIPOQ,642,0.7707043592561142,2.211693461029078e-127,6.729394933887732,8.90226974071372,0.4620553359683794,0.0013969992725824105,45.0,0.7548023563561853,1.0232013075464127e-10,52.0,0.7579615274047596,1.0615584590399334e-19,99.0,0.7798222681551372,2.1488861499720564e-44,211,0.7452920349552076,3.490206996655848e-39,214,0.7805194805194805,2.988601050930912e-05,21.0,0.7540348308842156,1.6324680416768386e-80,432.0,0.7910187297158044,2.8612140015087848e-46,210.0
Adipose - Subcutaneous,production,RUNX2→SPP1,RUNX2,SPP1,642,0.2627850118883189,1.3364055739009222e-11,1.6985721741788484,5.635559479581233,0.4416337285902503,0.0023892439408228824,45.0,0.2693588320669341,0.053481447932463615,52.0,0.1431539888682746,0.15748925756246304,99.0,0.2568897757244129,0.00016137016557265954,211,0.17565299803952752,0.010036167184526892,214,0.40129870129870127,0.0713826211069031,21.0,0.24719900661178928,1.9501209002082172e-07,432.0,0.3147876932546307,3.266268728579389e-06,210.0
Adipose - Subcutaneous,production,FOXO1→PCK1,FOXO1,PCK1,642,0.35643119230315984,1.1477726907440125e-20,6.025374972560324,5.9060917708361265,0.2413702239789196,0.11019552303876295,45.0,0.2636386920515666,0.0589626053900148,52.0,0.45523331859623506,2.198943678436919e-06,99.0,0.3350247857554606,6.281818018503639e-07,211,0.24996808710928725,0.00022065115137059836,214,0.5103896103896104,0.018076642193560675,21.0,0.34829304603473155,9.13876557092037e-14,432.0,0.33723268300980896,5.580643300055383e-07,210.0
Adipose - Subcutaneous,detection,RELA→ICAM1,RELA,ICAM1,642,0.622019809643986,5.1507759446723694e-70,6.449450659231976,5.526520352497279,0.5976284584980236,1.4605086910766102e-05,45.0,0.727994535985657,9.638934683277001e-10,52.0,0.595716127758345,7.805308508428197e-11,99.0,0.5687624352110232,1.761251651008392e-19,211,0.608853889247055,4.256599189622009e-23,214,0.5324675324675324,0.012957519789950364,21.0,0.6052085113658222,1.6205463170792224e-44,432.0,0.6490345570433186,1.6854256756577322e-26,210.0
Adipose - Subcutaneous,detection,RELA→IL6,RELA,IL6,642,0.43366400464969324,8.045423534023078e-31,6.449450659231976,3.820791290463688,0.422266139657444,0.003859465768699009,45.0,0.45872107914283267,0.0006257355517293805,52.0,0.3839874333707737,8.722508093031484e-05,99.0,0.3594426851069505,7.840172337823452e-08,211,0.36583738941501076,3.533956476232714e-08,214,0.5558441558441559,0.008888714088043446,21.0,0.36877673249190657,2.306099567224377e-15,432.0,0.5349642556798764,6.051254819026026e-17,210.0
Adipose - Subcutaneous,detection,RELA→CCL2,RELA,CCL2,642,0.43153559106446726,1.6691428755502637e-30,6.449450659231976,4.334279211232224,0.5144927536231884,0.00029962148783863637,45.0,0.5065312046444121,0.00012736002052660263,52.0,0.4424812692701094,4.5236667758935315e-06,99.0,0.40385420549029144,1.1081955087560198e-09,211,0.32433587412428044,1.2436970023829264e-06,214,0.2727272727272727,0.23165579548571902,21.0,0.3917183445904358,2.7080353611521886e-17,432.0,0.5100616309112608,2.6255768150529627e-15,210.0
Adipose - Subcutaneous,detection,RELA→NFKBIA,RELA,NFKBIA,642,0.5097932547454588,9.211812393503687e-44,6.449450659231976,8.153786219540414,0.4258234519104083,0.0035413675100115605,45.0,0.41356641276415945,0.0023076725835575016,52.0,0.45001376009417393,2.964634525628604e-06,99.0,0.4616113747108858,1.5639679436501826e-12,211,0.5366358159043975,2.3334599490448144e-17,214,0.554076027923554,0.009154254973564337,21.0,0.47285961867626297,1.8864289376167564e-25,432.0,0.5628103620473426,6.075615123511464e-19,210.0
Adipose - Subcutaneous,detection,NFKB1→TNF,NFKB1,TNF,642,0.2571334030952957,3.740628250246282e-11,4.894227412630836,0.45830956444063015,0.3623307752550293,0.01444746774211666,45.0,0.2612190946385849,0.06141318985157546,52.0,0.325266518668724,0.0010195761968015435,99.0,0.27118891454410826,6.582559229660808e-05,211,0.11311943071410145,0.09886028676808678,214,0.39610389610389607,0.07547637795047234,21.0,0.17482804613946526,0.0002608516455784628,432.0,0.42366499105934247,1.4824633839188857e-10,210.0
Adipose - Subcutaneous,detection,HIF1A→VEGFA,HIF1A,VEGFA,642,0.027255125383005115,0.49059361933821954,6.187451292792585,6.980749301821272,-0.3201581027667984,0.03202974580920205,45.0,-0.16101767267139075,0.254140844267367,52.0,-0.03528182166822779,0.7288172678848127,99.0,0.012097486322468712,0.86132428593973,211,0.23779496465102526,0.0004502489964623812,214,0.2636363636363636,0.2482015643743095,21.0,0.10830852622620292,0.0243694391304705,432.0,-0.10665705191125659,0.12337023417949675,210.0
Adipose - Subcutaneous,detection,HIF1A→SLC2A1,HIF1A,SLC2A1,642,0.12726824669025885,0.0012311973178253004,6.187451292792585,4.409985640524332,-0.12332015810276678,0.4196289928957164,45.0,0.1002305131050969,0.47957517764536106,52.0,0.03827552938921406,0.7068143933058667,99.0,0.08027196980107021,0.24565589713205244,211,0.2613875449421849,0.00010934903068691265,214,0.024675324675324677,0.9154489258699161,21.0,0.10925361033493595,0.02314599277133675,432.0,0.16595894937352038,0.016069344639138707,210.0
Adipose - Subcutaneous,detection,TP53→CDKN1A,TP53,CDKN1A,642,0.23109467337182943,3.134827186161774e-09,4.526780004070555,7.682982748542619,0.36951151243735625,0.012485449211160397,45.0,0.08768222665334263,0.5365044217984262,52.0,0.1763679992083911,0.08076419236922669,99.0,0.27972667592486355,3.7607133785998014e-05,211,0.17905065984235982,0.008659976817445455,214,0.2987012987012987,0.1884184241053723,21.0,0.162693642285309,0.0006878715003946663,432.0,0.33440895292186185,7.024601876970404e-07,210.0
Adipose - Subcutaneous,detection,TP53→MDM2,TP53,MDM2,642,-0.10871117127356125,0.005828066978260585,4.526780004070555,4.256135489339027,0.014691349891297186,0.9236918269342145,45.0,-0.08332977588046958,0.5569920069211496,52.0,-0.15367537014620322,0.12884615605994917,99.0,-0.11116770965917185,0.10735276811408724,211,-0.09997275529672078,0.14496081258630414,214,0.10389610389610389,0.6540274583163916,21.0,-0.038377522701542925,0.426239073352803,432.0,-0.2360282431665081,0.0005630506110817934,210.0
Adipose - Subcutaneous,detection,ATF4→DDIT3,ATF4,DDIT3,642,0.3272020193465566,1.7431809277339003e-17,9.138035086456489,6.18380337712178,0.12687747035573121,0.4062372781067547,45.0,0.3558942179206025,0.009614579761828057,52.0,0.2828420883591535,0.004558697468533838,99.0,0.30939417078726894,4.640879031432006e-06,211,0.305056624335545,5.4865610053809234e-06,214,0.574025974025974,0.006506006572823372,21.0,0.2744373246285112,6.660739085973283e-09,432.0,0.4257441073965031,1.1793442060637854e-10,210.0
Adipose - Subcutaneous,detection,XBP1→DNAJB1,XBP1,DNAJB1,642,0.2876433205537728,1.0725324212438205e-13,6.3506010833930375,6.021071475614268,0.12173913043478259,0.4256602637782737,45.0,0.3245112268419705,0.01891971733376338,52.0,0.272715747421673,0.006314320376017236,99.0,0.39082902351994064,4.1300819898126505e-09,211,0.2019575094391836,0.0030001626048883037,214,0.46183828353299755,0.03506130897749365,21.0,0.2753978614019398,5.871394969493043e-09,432.0,0.2943373403429313,1.4487335961804646e-05,210.0
Adipose - Subcutaneous,detection,HSF1→HSPA1A,HSF1,HSPA1A,642,0.2425716548488342,4.740021626217887e-10,6.528578637173614,5.562620698477249,0.21172595520421605,0.16264820508812214,45.0,0.10864229154467235,0.44328388639068383,52.0,0.23028590158257006,0.021840637546653434,99.0,0.3178137367370753,2.4550862496148337e-06,211,0.2278594470628309,0.0007849225993113393,214,-0.04155844155844156,0.8580477762660439,21.0,0.1886320221912878,7.988257477316476e-05,432.0,0.32170406527690143,1.923591934784556e-06,210.0
Adipose - Subcutaneous,detection,STAT1→IRF1,STAT1,IRF1,642,0.5213120014704665,5.086912366364653e-46,5.729349046481361,4.248888327696613,0.24993412384716732,0.09775722041323365,45.0,0.3552463075215573,0.009756457282015395,52.0,0.4369414776838446,6.1333310488283315e-06,99.0,0.5986222666496965,6.657985997128665e-22,211,0.543593727854389,7.482423485407097e-18,214,0.4207792207792207,0.05750513790191284,21.0,0.49279298072590877,8.202556813364083e-28,432.0,0.5752642923923483,6.722672915814836e-20,210.0
Adipose - Subcutaneous,detection,NFE2L2→NQO1,NFE2L2,NQO1,642,-0.2227547990043452,1.1639073571007944e-08,6.0465544354507115,6.004841665055522,-0.1515151515151515,0.3204448388172194,45.0,-0.27157858789379324,0.05146883332820337,52.0,-0.3143926158428117,0.0015285581790941982,99.0,-0.20933689103501762,0.002238107812181127,211,-0.13819372676559752,0.0434394948133664,214,-0.4506493506493507,0.040345304527043525,21.0,-0.1397989148120179,0.0035963174785482196,432.0,-0.3724380645588429,2.5992601941638688e-08,210.0
Adipose - Subcutaneous,detection,NFE2L2→HMOX1,NFE2L2,HMOX1,642,0.21305820764955044,5.020241150808434e-08,6.0465544354507115,5.535719653899053,0.2913043478260869,0.05220053645407275,45.0,0.26116281055237767,0.061471153084975916,52.0,0.2821609353331237,0.004661429070298175,99.0,0.1962297967225994,0.004218520473530658,211,0.1876141823685632,0.005905677365124278,214,-0.18571428571428572,0.4202513335237501,21.0,0.24428585148842474,2.736237022497563e-07,432.0,0.2178942949107142,0.0014880599719170951,210.0
Adipose - Subcutaneous,housekeeping,ACTB↔GAPDH,ACTB,GAPDH,642,0.5981618962710852,1.4985108294192624e-63,11.802693649244457,9.74570897955018,0.5241279359870933,0.00021959141928525307,45.0,0.6397165542559549,3.2982252376722875e-07,52.0,0.5246909381010396,2.4791991922628932e-08,99.0,0.6147737209306782,2.5368188309924202e-23,211,0.5396364954347133,1.4334214588981577e-17,214,0.8025974025974025,1.197925231536833e-05,21.0,0.5717307791990983,7.347593657714773e-39,432.0,0.6152924647521039,2.895255671616559e-23,210.0
Adipose - Subcutaneous,housekeeping,RPL13A↔RPS18,RPL13A,RPS18,642,0.8454998360651714,1.5312400223548222e-176,11.482535484052521,11.739039410683224,0.8801264951904426,1.6708627109116495e-15,45.0,0.8215833175122845,8.488066427802847e-14,52.0,0.8766067712817304,1.411078881300452e-32,99.0,0.8210206985887085,8.84712960457382e-53,211,0.8404515652298672,2.5205967792716616e-58,214,0.9038961038961039,1.944723728317447e-08,21.0,0.8225843368730636,1.779943374701178e-107,432.0,0.8798198590437837,4.0558430886831976e-69,210.0
Adipose - Subcutaneous,housekeeping,HPRT1↔TBP,HPRT1,TBP,642,0.053193027648846904,0.17826493302730104,4.524333778942857,4.181321545553356,0.27391304347826084,0.0686440138440679,45.0,0.1757059614922874,0.21278151986672217,52.0,-0.07935114008277953,0.43495611741519713,99.0,-0.024654055350788073,0.7218049214865754,211,0.09262083507397059,0.17705004167579833,214,-0.22727272727272727,0.3218000022115526,21.0,0.005326347734781423,0.9121031887252147,432.0,0.13771643470350978,0.046228974323657496,210.0
Adipose - Subcutaneous,housekeeping,B2M↔PPIA,B2M,PPIA,642,0.08083075198446894,0.04061620396488366,11.031654552507252,7.910717485849731,-0.06383819750971736,0.6769605306647399,45.0,0.10727854855923158,0.44906200452335376,52.0,-0.09002640741634044,0.37552245412978047,99.0,0.11042142454072616,0.10974725631679441,211,0.11505419266932156,0.0931871987136403,214,0.3246753246753247,0.1510056759438983,21.0,0.05661719912826705,0.24027529676481416,432.0,0.12354380844259874,0.07402091943764481,210.0
Adipose - Subcutaneous,hormone,ESR1→PGR,ESR1,PGR,642,0.48356483040654485,6.240012286001685e-39,1.6248269768147454,1.9764306255125925,0.43214756258234516,0.0030323074670857843,45.0,0.2567232988986596,0.06618326160762698,52.0,0.41699443413729126,1.757764206609837e-05,99.0,0.5418242857204654,1.6988876449095968e-17,211,0.5273720935150877,1.0191340561446026e-16,214,0.6025974025974027,0.003839267741778838,21.0,0.5186310822412317,4.0966110367529785e-31,432.0,0.4059612305248713,9.771240550625121e-10,210.0
Adipose - Subcutaneous,hormone,AR→KLK3,AR,KLK3,642,0.06675570918444013,0.09102285248672203,3.484143017051376,0.23544677500859645,-0.06719528660966323,0.6609720427345631,45.0,0.18922794886870445,0.17909516154170638,52.0,0.09186670170597538,0.3658004684977979,99.0,0.060910055374920696,0.37867974898737844,211,0.07251838891402314,0.2909543488930397,214,0.07746703631498646,0.7385584522365165,21.0,0.09062451848565546,0.059834392783512096,432.0,0.007393936661857405,0.9151775348003911,210.0
Adipose - Subcutaneous,hormone,AR→SMAD3,AR,SMAD3,642,0.05861587684140761,0.1379219562295323,3.484143017051376,5.522444181353133,-0.037881283351999466,0.8048671012184092,45.0,0.22675659523606248,0.10597526124016905,52.0,-0.06734756352131938,0.507752084257576,99.0,0.12242788201318078,0.07598300571744782,211,0.09468643872219823,0.1675456051502273,214,-0.17343294191745476,0.45215397780135147,21.0,0.20818625466573856,1.286301736159164e-05,432.0,-0.2562811758768657,0.00017361845114902355,210.0
Artery - Tibial,production,SMAD3→COL1A1,SMAD3,COL1A1,635,0.07681857563453927,0.053013271860915784,4.923438810363529,8.445888557584267,0.3851724795121021,0.0040265814265135385,54.0,0.3028543783260765,0.027503917443006863,53.0,0.13789364674520427,0.1527471826438485,109.0,0.00999171218616368,0.8858275721462701,209,-0.016087917043932476,0.8247191908731484,192,,,,0.08273724010983358,0.08477774612988875,435.0,0.07567864738166734,0.28684088449939343,200.0
Artery - Tibial,production,SMAD3→COL3A1,SMAD3,COL3A1,635,-0.04811255089795316,0.2260063645579928,4.923438810363529,9.11991897042342,0.22233657327996945,0.10611569212321478,54.0,-0.14433155942589906,0.3024914112322409,53.0,0.05999008428423346,0.5354865079089023,109.0,-0.09040250750639463,0.19299747305512363,209,-0.09417900831630793,0.19382349079391847,192,,,,-0.04336417673724393,0.3669221122833064,435.0,-0.04391112097808554,0.5369692798239948,200.0
Artery - Tibial,production,SMAD3→FN1,SMAD3,FN1,635,-0.15288212602294438,0.00010987731908330654,4.923438810363529,11.070006158032756,0.015818562988374307,0.9096109084370081,54.0,-0.24076761812610867,0.08244597165688107,53.0,-0.1743467845461846,0.0698068249654292,109.0,-0.13619096067257314,0.04926942962647328,209,-0.17525508387528876,0.015040759105831287,192,,,,-0.15056116440144066,0.001637539032665756,435.0,-0.14327811924596862,0.04296884288869513,200.0
Artery - Tibial,production,SMAD3→SERPINE1,SMAD3,SERPINE1,635,-0.06868712960019568,0.08372074774823084,4.923438810363529,8.909739456026573,0.10074328187535733,0.4685540787087392,54.0,-0.16896808921529355,0.2264733153974873,53.0,-0.10058891941966666,0.29800827198831076,109.0,-0.11805493482890482,0.08867610472128394,209,-0.07351142854131738,0.31090519913334846,192,,,,-0.07248235639642249,0.1312028649402179,435.0,-0.029430063005542264,0.6791049699809673,200.0
Artery - Tibial,production,ESR1→COL1A1,ESR1,COL1A1,635,0.35324018415876324,4.25250262418814e-20,1.9318770027536107,8.445888557584267,0.29361539927577657,0.03117111576914849,54.0,0.2759232381873891,0.04551529710653604,53.0,0.35647546433788796,0.0001420434447469114,109.0,0.28918038217221803,2.169945322632731e-05,209,0.318442573962931,6.750851752269263e-06,192,,,,0.3287363394149838,2.0210705278542815e-12,435.0,0.4130392553197074,1.2151949962359688e-09,200.0
Artery - Tibial,production,ESR1→ELN,ESR1,ELN,635,0.11474148668896143,0.003788384348481782,1.9318770027536107,8.909512811946119,-0.022908328568705928,0.8693976325944972,54.0,-0.17037574584744394,0.22257136560236512,53.0,0.06346985205263227,0.5120385847947003,109.0,0.08581838305317659,0.21664378520255423,209,0.11823835444340654,0.10238594812130847,192,,,,0.032661546727064984,0.4968643299347547,435.0,0.27800151278969754,6.726838275251139e-05,200.0
Artery - Tibial,production,AR→COL1A1,AR,COL1A1,635,-0.003271160889529813,0.934433229819992,3.3894782374224324,8.445888557584267,0.2054126167333714,0.1362006920918572,54.0,0.1341719077568134,0.33814613317106235,53.0,0.03128554780993344,0.7467375755452967,109.0,-0.11799466253851078,0.08884018978680815,209,0.009846952811228658,0.892172536190959,192,,,,-0.012763489779397093,0.790663953496273,435.0,0.020319209177286707,0.7751957377790463,200.0
Artery - Tibial,production,SOX9→ACAN,SOX9,ACAN,635,0.16145965267050982,4.360710314786876e-05,3.0023153854167366,4.970031356365662,-0.1602820659424433,0.24695717296280245,54.0,-0.004273504273504274,0.9757721004741439,53.0,0.07848243203795773,0.41725864030346926,109.0,0.16278479781376232,0.018524290860273067,209,0.4316127407901122,4.09410512125318e-10,192,,,,0.19575665578118515,3.940833823013792e-05,435.0,0.10820270179559201,0.12723242735073376,200.0
Artery - Tibial,production,PPARG→FABP4,PPARG,FABP4,635,0.8429585956761813,1.409768337431708e-172,2.4903875400700906,6.281880984907075,0.9180484086144463,1.5287556531132135e-22,54.0,0.9315432994678277,4.669318880553339e-24,53.0,0.8283079147179924,1.109216862582947e-28,109.0,0.8253633375595515,2.732054735549754e-53,209,0.7959290072857202,2.795828360246922e-43,192,,,,0.8324483934498745,4.3370294690247485e-113,435.0,0.8498059511810123,5.715032472561693e-57,200.0
Artery - Tibial,production,PPARG→ADIPOQ,PPARG,ADIPOQ,635,0.39737641844546756,1.881839679712727e-25,2.4903875400700906,0.91262158584583,0.33767867352773007,0.012518305662993574,54.0,0.4761328817932592,0.00031374379624780506,53.0,0.4239422295031058,4.355999419946618e-06,109.0,0.39554229674967306,3.075710159884319e-09,209,0.3865699168194689,3.054000251159055e-08,192,,,,0.377468680561978,3.530579281473125e-16,435.0,0.4257037811503202,3.2960743906451273e-10,200.0
Artery - Tibial,production,RUNX2→SPP1,RUNX2,SPP1,635,0.4449398455865624,3.358266865723307e-32,1.7168152701666974,3.854872404519967,0.20167714884696014,0.14362751397646856,54.0,0.18988872762457668,0.17323745002450883,53.0,0.34969662008503843,0.00019358550072421038,109.0,0.47560575255142784,3.406957530344262e-13,209,0.4047122214186138,5.8054273550495764e-09,192,,,,0.44552975319587323,1.3369646115626847e-22,435.0,0.4558070916711959,1.1835047884955986e-11,200.0
Artery - Tibial,production,FOXO1→PCK1,FOXO1,PCK1,635,-0.21799813284325323,2.8659465190503144e-08,4.974501558363907,1.669061642902808,-0.09769392033542976,0.4821887710897036,54.0,-0.25810353168843736,0.06204553549598215,53.0,-0.2259388053448871,0.0181615214928528,109.0,-0.25140443761220194,0.00024078721982532963,209,-0.19153586094472652,0.0077827098034571,192,,,,-0.24586106777925573,2.0692516847736748e-07,435.0,-0.1678117599410602,0.01753898244166957,200.0
Artery - Tibial,detection,RELA→ICAM1,RELA,ICAM1,635,0.14034523450180772,0.00038936187855097255,6.857768626475897,4.406760191729688,0.30941353663327126,0.022804247958403898,54.0,-0.016247706980139175,0.9080709215815763,53.0,0.18665523715644916,0.05196946571637331,109.0,0.1396944723635116,0.04366108700678531,209,0.15367301948294884,0.03332810328314377,192,,,,0.12353121116149508,0.009911005453482433,435.0,0.18237889428014625,0.009744241970063499,200.0
Artery - Tibial,detection,RELA→IL6,RELA,IL6,635,0.07685516370035234,0.05289991181974137,6.857768626475897,2.1652593756637235,0.2521203808417464,0.06588832302344431,54.0,0.08672163204535825,0.5369356606879194,53.0,0.14545294479230608,0.13127228252950687,109.0,0.03260957436248835,0.639263722553711,209,0.074287358900288,0.30581172400835893,192,,,,0.07501618597699465,0.11822047146755998,435.0,0.09401685683236896,0.18543657937988905,200.0
Artery - Tibial,detection,RELA→CCL2,RELA,CCL2,635,0.0333168495901188,0.40195394084959646,6.857768626475897,4.1617043623774075,0.357946098685718,0.007872443149520951,54.0,0.13905295626426806,0.32070185696767745,53.0,0.04634514204111514,0.6322684494325643,109.0,-0.014776521745802388,0.8318323369804838,209,0.027003863144958083,0.7100410576337631,192,,,,0.03573900568294555,0.457185784247103,435.0,0.03534496498426734,0.6192768625159502,200.0
Artery - Tibial,detection,RELA→NFKBIA,RELA,NFKBIA,635,0.1948054315735743,7.546748396809091e-07,6.857768626475897,8.15210045566709,-0.013704113149895166,0.9216524266038773,54.0,0.26093091706069665,0.05914073136952001,53.0,0.23378819826548777,0.014417554457906413,109.0,0.2572905028026876,0.00016936443434989402,209,0.11697672062760256,0.10612784734206751,192,,,,0.1749204040002237,0.0002463166118637811,435.0,0.22540804246321322,0.0013311776839581599,200.0
Artery - Tibial,detection,NFKB1→TNF,NFKB1,TNF,635,-0.07775204772351371,0.05018368537065076,4.9248338342651605,0.26186167738275734,0.03374907284810936,0.8085709676473063,54.0,0.17893842891143097,0.19984113531745737,53.0,-0.10981442635523116,0.2556552875502587,109.0,-0.058696264297809775,0.39855707782104677,209,0.03155454691909777,0.6639357605641406,192,,,,-0.05561150112555129,0.24709741787907374,435.0,-0.1348151346628059,0.056998589797449185,200.0
Artery - Tibial,detection,HIF1A→VEGFA,HIF1A,VEGFA,635,0.43016941495051914,5.471879372935935e-30,6.5084521541445275,5.8170183515924165,0.5355162096686266,3.011394937186359e-05,54.0,0.604015481373972,1.6799859245131825e-06,53.0,0.30908307424276826,0.001074795869542424,109.0,0.4134535378483856,4.907804313061038e-10,209,0.4616477543669592,1.5888117650872336e-11,192,,,,0.3922529686794625,1.8859393622622384e-17,435.0,0.48821382150590376,2.2459483648247603e-13,200.0
Artery - Tibial,detection,HIF1A→SLC2A1,HIF1A,SLC2A1,635,0.36185360479342216,4.442912337963809e-21,6.5084521541445275,5.784458783292395,0.5312089044018776,3.584315774056991e-05,54.0,0.3891307853572004,0.003979084747593734,53.0,0.19628902856374744,0.04079208998170547,109.0,0.351574004242494,1.7915368019191431e-07,209,0.3813204601687621,4.847387853365522e-08,192,,,,0.30256627683335874,1.1635247876621721e-10,435.0,0.476550414706044,9.818352772730625e-13,200.0
Artery - Tibial,detection,TP53→CDKN1A,TP53,CDKN1A,635,-0.11346357818911146,0.004199040300648041,4.423835494386868,8.61961892195574,-0.1326091099676005,0.3391213284549982,54.0,-0.15373140358420548,0.27174918754762933,53.0,-0.04276830976473768,0.6588014080725845,109.0,-0.08831164051364568,0.20353821202776462,209,-0.12656142840624168,0.08024332675641817,192,,,,-0.10871006522335276,0.0233579838420728,435.0,-0.12727130904629844,0.07250778161484861,200.0
Artery - Tibial,detection,TP53→MDM2,TP53,MDM2,635,0.07658603094671972,0.053738502921656876,4.423835494386868,3.444823250432653,0.13542976939203352,0.32885489197164597,54.0,0.289486946939178,0.035510165580821866,53.0,-0.01586786739991742,0.8699155423952802,109.0,0.07902564958708624,0.25537591304192014,209,0.025416102742757213,0.7263892184896538,192,,,,0.0663997993684675,0.16684314215927998,435.0,0.09255799406430197,0.19238258760083468,200.0
Artery - Tibial,detection,ATF4→DDIT3,ATF4,DDIT3,635,0.33042122314018135,1.2172750106742006e-17,9.533081167326198,6.478520512768603,0.28614446350295397,0.035940291317817646,54.0,0.03693027194493173,0.792908990346139,53.0,0.257911161462754,0.006777248949514967,109.0,0.449016343557218,9.167180055237846e-12,209,0.3859369072487821,3.230355311394784e-08,192,,,,0.2941931085829798,3.9187219674210743e-10,435.0,0.4073440446172969,2.14723743051848e-09,200.0
Artery - Tibial,detection,XBP1→DNAJB1,XBP1,DNAJB1,635,0.15326214768152005,0.00010557634204727083,6.718462932015967,5.795088556995542,0.26667683159258976,0.05126289846932998,54.0,-0.10087692791354133,0.4723136056864924,53.0,0.16513451149362107,0.08616562360854034,109.0,0.1840632527447971,0.007633936099304024,209,0.1560232823529556,0.030690947802375138,192,,,,0.09724882215571928,0.04263621893769722,435.0,0.2699647377239163,0.0001106461605846658,200.0
Artery - Tibial,detection,HSF1→HSPA1A,HSF1,HSPA1A,635,0.18221075194930816,3.8141595513276257e-06,7.019196557623195,6.3679255260257275,0.23721577411221473,0.08414401999286841,54.0,0.406232991394249,0.0025426216289990843,53.0,0.2764490966263759,0.0036157752447756766,109.0,0.10652720853371479,0.12473929693961873,209,0.24676479590171563,0.0005596309183761317,192,,,,0.18200581609426822,0.00013506354981657586,435.0,0.2165302242293981,0.0020726145558145202,200.0
Artery - Tibial,detection,STAT1→IRF1,STAT1,IRF1,635,0.44580922623920993,2.4688644786553297e-32,5.606464180983896,3.2438831252375926,0.5930627024966647,2.2948320972562447e-06,54.0,0.4125141106273182,0.0021442442710900185,53.0,0.392083180817761,2.4825014748179742e-05,109.0,0.4169143088496617,3.399161699704397e-10,209,0.45540502105994074,3.2048001446019694e-11,192,,,,0.43686505795278474,1.0644486220807796e-21,435.0,0.46106640986064323,6.3959756213953814e-12,200.0
Artery - Tibial,detection,NFE2L2→NQO1,NFE2L2,NQO1,635,0.13403749553407163,0.0007084820066100184,6.350629538438452,4.755696683793556,0.1657709167143129,0.2309292586999105,54.0,0.2498840889898328,0.07114485506959903,53.0,0.13020693362139238,0.17718265477494544,109.0,0.16395889493075388,0.017683169283514804,209,0.09431957287664072,0.19315611995285586,192,,,,0.11092400264850115,0.02066817745706922,435.0,0.1677647603251804,0.017571075940245755,200.0
Artery - Tibial,detection,NFE2L2→HMOX1,NFE2L2,HMOX1,635,0.29498038582530456,3.246016709091733e-14,6.350629538438452,4.044437190491384,0.15913855536497043,0.2503892595029992,54.0,0.3926541144216425,0.003635256722100936,53.0,0.18427435889762847,0.05509055746827889,109.0,0.38075392593767937,1.2917262016096508e-08,209,0.34342098514724684,1.0790666817142634e-06,192,,,,0.27764467093141737,3.855475892073031e-09,435.0,0.3299308668920709,1.833562687461018e-06,200.0
Artery - Tibial,housekeeping,ACTB↔GAPDH,ACTB,GAPDH,635,0.2151044007977586,4.400255419893985e-08,13.476806087944452,10.595339539295107,0.03663115364022707,0.7925717222315443,54.0,0.1403805837768102,0.3160576322476862,53.0,0.3292017274009466,0.00047353144243659855,109.0,0.22787440347094828,0.0009055055950841356,209,0.3285667599327345,3.273653524555903e-06,192,,,,0.17585277242953515,0.00022788698773963144,435.0,0.2407585885163117,0.0005944072758132602,200.0
Artery - Tibial,housekeeping,RPL13A↔RPS18,RPL13A,RPS18,635,0.8406224564326812,1.0132141501149856e-170,11.448522184777447,11.390111224857842,0.8931198780255383,1.1139729752339435e-19,54.0,0.6765577440042568,2.6851936893423626e-08,53.0,0.8620398858379229,2.3472770933461073e-33,109.0,0.8394249791327536,1.0019560398275564e-56,209,0.8400295014011946,2.3927856360701632e-52,192,,,,0.8378772435358468,6.540125458814508e-116,435.0,0.8436113510147109,2.257495363716674e-55,200.0
Artery - Tibial,housekeeping,HPRT1↔TBP,HPRT1,TBP,635,-0.06874646274987657,0.08345330691282761,4.898953246319388,4.235693050744965,-0.02435863225708078,0.8612083656928573,54.0,-0.22792516732521573,0.10070644083398524,53.0,-0.09397798592811221,0.3310502439234172,109.0,-0.06417827360301673,0.3559018282671078,209,-0.06190181094999512,0.39368482215671985,192,,,,-0.04598711434763658,0.3386258890997773,435.0,-0.10460751742836932,0.14044165316487545,200.0
Artery - Tibial,housekeeping,B2M↔PPIA,B2M,PPIA,635,0.23997703213089386,9.066074592491514e-10,10.544887330963856,8.173767451789436,0.3908974823938903,0.0034718702523340358,54.0,-0.04987199388196567,0.7228616823324161,53.0,0.3670441487192794,8.643802927461603e-05,109.0,0.19459988274763915,0.0047507132398605595,209,0.3171632586108208,7.3837247954865785e-06,192,,,,0.1988482490386652,2.9516853795949017e-05,435.0,0.2980746874273414,1.8122984752893335e-05,200.0
Artery - Tibial,hormone,ESR1→PGR,ESR1,PGR,635,0.4696255658042629,3.78649641471308e-36,1.9318770027536107,3.84121894873972,0.29465579040999906,0.030550845494708444,54.0,0.5231116577352501,5.849451173072652e-05,53.0,0.47020637759593725,2.484999121692474e-07,109.0,0.4290028613062149,9.114542142237632e-11,209,0.5630464462638618,1.8853104770855338e-17,192,,,,0.5106866392655527,2.8797993422585375e-30,435.0,0.36557455863204374,1.020688286281368e-07,200.0
Artery - Tibial,hormone,AR→KLK3,AR,KLK3,635,-0.11895812595722668,0.00267849831236078,3.3894782374224324,0.19835877109641634,-0.10402274568099455,0.45412491052508686,54.0,-0.09365936681843055,0.5047336695541534,53.0,-0.09225404004356573,0.3400366241562157,109.0,-0.12130472810965018,0.08018193474614252,209,-0.20088810108953467,0.005206850161202856,192,,,,-0.07931309515240216,0.09852448980639864,435.0,-0.20273303942346457,0.003988557725319422,200.0
Artery - Tibial,hormone,AR→SMAD3,AR,SMAD3,635,0.15993220296489574,5.158868309317153e-05,3.3894782374224324,4.923438810363529,0.22043072231751473,0.10922267225993917,54.0,0.35671665860345103,0.008744491292327924,53.0,0.2541678636629011,0.007654432591865933,109.0,0.15492560160033347,0.025101196334918426,209,0.08488247938189253,0.241759726802482,192,,,,0.12724760493652226,0.007880854189535935,435.0,0.22477646519691358,0.0013745494147003414,200.0
Thyroid,production,SMAD3→COL1A1,SMAD3,COL1A1,629,0.17218176730928927,1.410778147371083e-05,5.8783144901591,6.626039520545681,-0.03703103476217487,0.8158966913655268,42.0,-0.18679524489848603,0.19873719319190433,49.0,0.2474651488611836,0.010174693681509663,107.0,0.24718548271416485,0.00037735182431530736,203,0.20583565978762045,0.0028569918411330327,208,-0.06917293233082707,0.7719854265259412,20.0,0.12092539110576667,0.013249846693844885,419.0,0.27369973271119635,5.8288008740109915e-05,210.0
Thyroid,production,SMAD3→COL3A1,SMAD3,COL3A1,629,0.07043404358900732,0.07753758350129371,5.8783144901591,7.185792816083269,-0.06482719506151702,0.6833625965069635,42.0,-0.2123469387755102,0.1429700230025384,49.0,0.19452424512353111,0.044668512244668016,107.0,0.11968090638423927,0.08898448099960335,203,0.06669318169325601,0.3385004301451995,208,-0.193984962406015,0.4125038246613568,20.0,0.030652200883219946,0.5315067815209726,419.0,0.1500816347686682,0.029687274344622167,210.0
Thyroid,production,SMAD3→FN1,SMAD3,FN1,629,0.2072216789726299,1.573214245598033e-07,5.8783144901591,5.855713088106843,0.05971963374118791,0.7071524841633202,42.0,0.08479591836734694,0.5623913723665852,49.0,0.1781542900155604,0.06637047276100677,107.0,0.31514129967014276,4.659123307774689e-06,203,0.2126006564971492,0.0020491488269560776,208,0.22255639097744356,0.3456206337468547,20.0,0.19824155523963094,4.381034976760056e-05,419.0,0.2166350710286811,0.0015875098343306052,210.0
Thyroid,production,SMAD3→SERPINE1,SMAD3,SERPINE1,629,0.24786412912179312,2.926062843500834e-10,5.8783144901591,6.015506781341541,0.03784134186856819,0.811939994688138,42.0,0.2403061224489796,0.09627465635388956,49.0,0.3064149945344751,0.00132765734394258,107.0,0.26096084389565277,0.0001695533421740908,203,0.29675829013612465,1.3455144826321121e-05,208,0.29624060150375936,0.2047182974286218,20.0,0.21915766708895526,5.959967066974545e-06,419.0,0.306144688923801,6.214556113828112e-06,210.0
Thyroid,production,ESR1→COL1A1,ESR1,COL1A1,629,0.4286882270464802,1.661929536372444e-29,1.8476255128607273,6.626039520545681,0.21643302811765663,0.16860576497574073,42.0,0.32542476699331985,0.02250919175192485,49.0,0.5315813964879627,3.8293313221766515e-09,107.0,0.5068630805220252,1.1983373512358273e-14,203,0.3760694075601328,2.1693727559062108e-08,208,0.12781954887218044,0.5912462398946646,20.0,0.4226498589346518,1.3868065984088778e-19,419.0,0.44044470201882135,2.2366905015288656e-11,210.0
Thyroid,production,ESR1→ELN,ESR1,ELN,629,0.12471328594498902,0.0017254987408051815,1.8476255128607273,6.142298152223111,-0.09650757637144479,0.5431957562179808,42.0,0.16209597188876254,0.2658121361964081,49.0,-0.04616089206525548,0.6368301450839298,107.0,0.18430726173255352,0.00847969363341101,203,0.19012520190504434,0.005947987498645242,208,0.35037593984962395,0.12989410232900506,20.0,0.15779904201633835,0.0011921862651061526,419.0,0.053873081341264735,0.437395082616605,210.0
Thyroid,production,AR→COL1A1,AR,COL1A1,629,0.2589809668683145,4.248679080888414e-11,2.416942126421178,6.626039520545681,0.16044730777725463,0.31009045232727966,42.0,0.435073218587651,0.0017833928939594151,49.0,0.3842855078615824,4.380228564689163e-05,107.0,0.2980407430200981,1.5690630724254235e-05,203,0.17990226573083667,0.009316915312520121,208,0.29473684210526313,0.20713542085215372,20.0,0.2783515850792901,6.806722165349766e-09,419.0,0.22359597333917608,0.0011052165548922947,210.0
Thyroid,production,SOX9→ACAN,SOX9,ACAN,629,-0.09327288890093752,0.01929812174944024,4.599237584300186,0.6100896221344227,-0.0401102017664695,0.8008860901603578,42.0,0.018929054318769567,0.8972830662904492,49.0,-0.06119874898685785,0.5311859307275129,107.0,-0.05366592083844874,0.4469867060471234,203,-0.12230844216036937,0.07841784364510146,208,0.022556390977443608,0.9247982163788796,20.0,-0.15512354908874354,0.0014469640382102425,419.0,0.02353540288006353,0.734555744794632,210.0
Thyroid,production,PPARG→FABP4,PPARG,FABP4,629,0.5966213697514304,6.622034169210312e-62,4.269164190004285,8.203992516134047,0.4990681468276477,0.0007672791348389631,42.0,0.6423123040943128,6.524470583884922e-07,49.0,0.5603501270022841,3.4726604039843695e-10,107.0,0.6127401879723776,2.5912143813204495e-22,203,0.5596277576235764,1.5371873782327782e-18,208,0.18496240601503755,0.4349861436228526,20.0,0.5943514782920457,2.2579943230235626e-41,419.0,0.5982646132719832,8.934921136036106e-22,210.0
Thyroid,production,PPARG→ADIPOQ,PPARG,ADIPOQ,629,0.27244075119882477,3.6245062229660825e-12,4.269164190004285,1.5684024841807462,0.367960457013208,0.016508411992029123,42.0,0.3750095666926046,0.007931738233708258,49.0,0.24253319193718698,0.011835358627746033,107.0,0.2757189471023506,6.84573366791224e-05,203,0.16074983670929174,0.020367896505322135,208,0.0218127130882573,0.927271203801959,20.0,0.25116705223244284,1.892006412893497e-07,419.0,0.3040396840130962,7.246389302458287e-06,210.0
Thyroid,production,RUNX2→SPP1,RUNX2,SPP1,629,0.2898939506846456,1.2083051155090425e-13,1.9989985478701386,3.1680867931611587,0.3684466412770441,0.01635534280782654,42.0,0.4759815302959603,0.0005466127718577877,49.0,0.2941378161797841,0.0021037758337006485,107.0,0.2419669158651932,0.0005051017407467928,203,0.2959608395771623,1.4227606393646977e-05,208,0.30526315789473685,0.19060938739632305,20.0,0.29289921751971615,9.830178608909548e-10,419.0,0.28065543563760614,3.6906205984745505e-05,210.0
Thyroid,production,FOXO1→PCK1,FOXO1,PCK1,629,0.03194396411553005,0.42384923362475957,5.236834301668055,1.4755741678924552,0.2055749128919861,0.19152790797311203,42.0,0.1496938775510204,0.30460642157531703,49.0,-0.06093484037832398,0.5329617198777225,107.0,0.11044047514091616,0.11673651034973476,203,-0.035611925360980276,0.6095825727994809,208,-0.12180451127819547,0.608956622164901,20.0,0.05849769957681149,0.23214004898532392,419.0,0.01946406126495426,0.7791675213258453,210.0
Thyroid,detection,RELA→ICAM1,RELA,ICAM1,629,0.5451713196598094,5.552099577790818e-50,6.226864625994465,5.443785477897511,0.3616547144494381,0.018605867977128265,42.0,0.4704201639327638,0.0006475703151993971,49.0,0.6225221033113303,8.161530934602196e-13,107.0,0.5995787549929036,3.3400929579018402e-21,203,0.48483527078504784,1.163183691096835e-13,208,0.47067669172932325,0.03621455166600094,20.0,0.5388312138463827,6.335371855914135e-33,419.0,0.5199271377538024,6.117038010315658e-16,210.0
Thyroid,detection,RELA→IL6,RELA,IL6,629,0.4324836053399413,4.6833127160956286e-30,6.226864625994465,2.88528699073674,0.09747994489911678,0.5391211117224219,42.0,0.21102040816326526,0.1455428932188237,49.0,0.4250212461653318,5.040073922836954e-06,107.0,0.5685444812281008,8.895498981883782e-19,203,0.340032311384809,5.03431903318394e-07,208,0.3684210526315789,0.10996436611637714,20.0,0.42356109892646454,1.137772406266638e-19,419.0,0.4271973830250622,1.0041481811696956e-10,210.0
Thyroid,detection,RELA→CCL2,RELA,CCL2,629,0.4337974807376218,3.009570683207809e-30,6.226864625994465,5.1237693141867515,0.26845474434810795,0.08561537520940776,42.0,0.17806576704179453,0.22091685997040175,49.0,0.4507027765749761,1.1078534945806319e-06,107.0,0.5360841083895141,1.6875907360551788e-16,203,0.3466168504215982,2.9168832243096453e-07,208,0.31729323308270674,0.1728368864071423,20.0,0.4507684630396688,2.3222233315946877e-22,419.0,0.37685188574684153,1.7229447422681516e-08,210.0
Thyroid,detection,RELA→NFKBIA,RELA,NFKBIA,629,0.4036915832285353,4.7143588937958773e-26,6.226864625994465,7.725976944727814,0.18127304419076698,0.25060579263737104,42.0,0.23755102040816325,0.10026895231127433,49.0,0.3588614477306347,0.00014720781643335007,107.0,0.44922193703271324,1.7842735770184584e-11,203,0.45359570602347754,5.96674247954938e-12,208,0.23157894736842105,0.325898627038793,20.0,0.4250054139902599,8.303706804292878e-20,419.0,0.3589891276672178,8.765137868809746e-08,210.0
Thyroid,detection,NFKB1→TNF,NFKB1,TNF,629,0.14795699454393896,0.000196187314293857,4.81644437271385,0.5215240597002362,0.32964628688781406,0.03301754204400432,42.0,0.001530846566118934,0.9916708032922888,49.0,0.14012609392851913,0.1499908714103504,107.0,0.06930419347515174,0.32584515108979983,203,0.21720220039226962,0.0016250932550272048,208,0.5067669172932331,0.022588172380591853,20.0,0.16867415437543531,0.0005258445791080938,419.0,0.10467322607106924,0.13054357731582872,210.0
Thyroid,detection,HIF1A→VEGFA,HIF1A,VEGFA,629,0.012683266441998561,0.7508833946887907,6.461763680644559,9.202275294378186,-0.03216919212381493,0.8397284923731096,42.0,-0.029897959183673467,0.8384094067273069,49.0,-0.025228442184793608,0.7964525043009759,107.0,0.09753335246021731,0.16624887817781156,203,0.03529447456179646,0.6127763766314647,208,-0.5052631578947367,0.023059229474174193,20.0,0.02359394723817282,0.6301041104131238,419.0,-0.01976401103497049,0.775854031345892,210.0
Thyroid,detection,HIF1A→SLC2A1,HIF1A,SLC2A1,629,0.25507303794090586,8.461183185550762e-11,6.461763680644559,4.147351466604939,0.15104736449333467,0.33965329300761327,42.0,0.12346938775510204,0.397990922851046,49.0,0.17714338898121823,0.06795164587354945,107.0,0.32610622896712704,2.0538793895045932e-06,203,0.30537632544555376,7.282303386705403e-06,208,-0.20985334315944093,0.37453505478710813,20.0,0.21823465410724352,6.536114967232185e-06,419.0,0.31226070333821687,3.9503926159083136e-06,210.0
Thyroid,detection,TP53→CDKN1A,TP53,CDKN1A,629,-0.055062219508445844,0.16781674045088907,4.3744191145479965,6.810831909149364,0.3077671085545521,0.04739142610294122,42.0,-0.011734693877551019,0.9362173599234862,49.0,0.08190385689627622,0.4016492703726994,107.0,0.019066558121358088,0.7871574346906047,203,-0.1001881277803414,0.14990944651699054,208,0.17450170470605839,0.4618398268506908,20.0,-0.09125428112958246,0.06200726725594771,419.0,0.005019900133310188,0.942353996429943,210.0
Thyroid,detection,TP53→MDM2,TP53,MDM2,629,0.23680186331897596,1.8226327423046988e-09,4.3744191145479965,3.788484405826878,0.13800089148720437,0.3834602424347402,42.0,0.20214285714285712,0.1636504688868236,49.0,0.2937174262314354,0.0021364538148353255,107.0,0.23194675612552842,0.0008689156898396415,203,0.2497642975074427,0.00027446822132963554,208,-0.030086500811389378,0.8997991006288069,20.0,0.2363125955074882,9.971093666584093e-07,419.0,0.2348696863746894,0.000600483049097657,210.0
Thyroid,detection,ATF4→DDIT3,ATF4,DDIT3,629,0.518317177282763,1.5468443721095592e-44,8.639315717360553,7.170109366006048,0.4894453227144535,0.0010034386227747393,42.0,0.4753061224489795,0.0005580660336995511,49.0,0.4300370552810236,3.785474215028438e-06,107.0,0.5300345968893482,4.2196883116215885e-16,203,0.49368406103315005,3.538752930851449e-14,208,0.1969924812030075,0.40515233009814566,20.0,0.49661941036716156,1.7726035613899474e-27,419.0,0.5414256359993458,2.160525855278449e-17,210.0
Thyroid,detection,XBP1→DNAJB1,XBP1,DNAJB1,629,0.011804760043974627,0.7676247272186499,7.521775032643863,6.422304981274142,0.3464062879831456,0.024620502057741148,42.0,-0.1358232564653837,0.3520912635018305,49.0,0.10743902857299738,0.27068069509515646,107.0,0.10202700546137118,0.1474864870314189,203,-0.01686849091390087,0.8089103724238944,208,0.20601503759398496,0.3835325530925867,20.0,-0.022063990118720376,0.65246226038205,419.0,0.10171601578033271,0.14182740324517826,210.0
Thyroid,detection,HSF1→HSPA1A,HSF1,HSPA1A,629,0.6175663211512687,2.0938760058818123e-67,6.823448720152693,6.434569129125113,0.2733276611781211,0.07987168329841784,42.0,0.3074489795918367,0.0316396383286796,49.0,0.578019534280081,7.069142787724507e-11,107.0,0.5894883842039372,2.192651880822093e-20,203,0.6316234101871792,1.4752338652009274e-24,208,0.5112781954887218,0.021220644133224758,20.0,0.5837984402176396,1.2179238683019796e-39,419.0,0.6647886338434941,3.729274083858842e-28,210.0
Thyroid,detection,STAT1→IRF1,STAT1,IRF1,629,0.5812084865909116,4.138903862641286e-58,5.450947888894377,4.521054756281297,0.7361640061583341,2.7628655825286714e-08,42.0,0.7259554058880555,3.5812280457664386e-09,49.0,0.639161219393849,1.2752300930344183e-13,107.0,0.6170575362627573,1.0911707138141043e-22,203,0.5087309646705334,4.316341276132771e-15,208,0.4842105263157894,0.030508493550666586,20.0,0.5980540652088803,5.3802618405253176e-42,419.0,0.5459137841614293,1.0427315925117728e-17,210.0
Thyroid,detection,NFE2L2→NQO1,NFE2L2,NQO1,629,-0.1943270530684629,9.06623650718426e-07,6.711939913290293,6.26368287977998,-0.25906567826458743,0.09758233587446509,42.0,0.03780708692778503,0.7964765394377175,49.0,-0.227899811663852,0.018231517902198534,107.0,-0.1872390297938858,0.007473570993508775,203,-0.1435990167871741,0.03852070472532803,208,-0.13012411600925908,0.5845186709424419,20.0,-0.19975877443410764,3.816350370326975e-05,419.0,-0.18016410537573668,0.008878704466622566,210.0
Thyroid,detection,NFE2L2→HMOX1,NFE2L2,HMOX1,629,-0.0042372054865207585,0.9155365959948178,6.711939913290293,4.247984164469951,-0.006158833063209075,0.969121932691553,42.0,-0.08127758363827471,0.5787745978817839,49.0,0.031495754440971344,0.7474164021946912,107.0,0.03636362332274354,0.6065020619247325,203,0.033696466428702394,0.6289637041644199,208,-0.10755924040071703,0.6517298655038586,20.0,0.024696633685080432,0.6141952065093833,419.0,-0.0003297786563250693,0.9962097254886666,210.0
Thyroid,housekeeping,ACTB↔GAPDH,ACTB,GAPDH,629,0.2988674022556263,1.9133707763986674e-14,11.153978382650354,9.691620402192084,0.46697998541447205,0.0018228151862574888,42.0,0.2525128836390624,0.08004075121853857,49.0,0.1695043937419791,0.08091061380726716,107.0,0.3458340730067119,4.3319249229171695e-07,203,0.29227358982488727,1.8377887101027764e-05,208,0.6120300751879698,0.004129875210325545,20.0,0.2817598579435156,4.368805005431559e-09,419.0,0.28905964521367467,2.089944410119076e-05,210.0
Thyroid,housekeeping,RPL13A↔RPS18,RPL13A,RPS18,629,0.8589192413117017,2.1890749958673204e-184,11.501822136543893,11.33883187577531,0.8473381411554979,1.4849189298007027e-12,42.0,0.7672448979591836,1.2771934303304676e-10,49.0,0.8455340305160296,2.2218112466573583e-30,107.0,0.8562068344719628,1.4658555559304518e-59,203,0.8716572619604399,1.0116522136313729e-65,208,0.8691729323308269,6.569039927296354e-07,20.0,0.8555455192283185,2.7494017992870358e-121,419.0,0.8676546858889115,4.74131461324567e-65,210.0
Thyroid,housekeeping,HPRT1↔TBP,HPRT1,TBP,629,0.13278747327915025,0.0008424314399961245,5.0252145784647935,4.493950396539297,-0.1386435459038976,0.3812275677315138,42.0,0.24989795918367344,0.08332324531028398,49.0,-0.008437340804991695,0.9312653394303969,107.0,0.18520724765321303,0.008158752459671707,203,0.19725145163613772,0.004293277127368224,208,0.030075187969924807,0.8998365956859304,20.0,0.10688586337600631,0.028696321484109735,419.0,0.19227340344673233,0.005176984153315897,210.0
Thyroid,housekeeping,B2M↔PPIA,B2M,PPIA,629,0.15792179424781955,6.95654462996969e-05,10.687130315504696,7.974717997594934,0.21837776517300056,0.1647189990229538,42.0,-0.24696397591590977,0.0871308522200159,49.0,0.034341974749371305,0.7254628160937198,107.0,0.24390186171815156,0.0004536724075280341,203,0.19113719504979648,0.0056826678620441095,208,0.3233082706766917,0.16438973703865015,20.0,0.20983829087773737,1.485949825223607e-05,419.0,0.05639139760286987,0.4162418273169781,210.0
Thyroid,hormone,ESR1→PGR,ESR1,PGR,629,0.5319186863595772,3.109426451288044e-47,1.8476255128607273,1.2476640094207845,0.4130135321286768,0.006559891149918139,42.0,0.6574489795918367,2.8683416120650164e-07,49.0,0.6353454631123204,1.9714238661486835e-13,107.0,0.48867485106145264,1.395269000351825e-13,203,0.4804044070581207,2.0839627993036177e-13,208,0.7443609022556391,0.00016739569998519392,20.0,0.5334492939689909,3.462859772445577e-32,419.0,0.5155632727175032,1.1719927066842232e-15,210.0
Thyroid,hormone,AR→KLK3,AR,KLK3,629,0.0840601312183052,0.035052142742671155,2.416942126421178,1.2486783741708305,0.2069608202338931,0.18848542797674003,42.0,-0.11520408163265305,0.4305562922511853,49.0,0.008488669120919582,0.9308482245094244,107.0,0.11813715592767282,0.09321346505321494,203,0.0919167838227045,0.18668447484240416,208,0.27518796992481204,0.2402830280811375,20.0,0.1214219042358782,0.01287427028826221,419.0,0.017863083813180716,0.7969192969242461,210.0
Thyroid,hormone,AR→SMAD3,AR,SMAD3,629,0.12147147682024874,0.0022752132404900978,2.416942126421178,5.8783144901591,0.15185770443160362,0.3370384561102415,42.0,0.07540816326530612,0.6065777719444758,49.0,0.23943630927223952,0.012995196705925674,107.0,0.05055942435851969,0.47376235649254517,203,0.13528235512201167,0.051381730227724895,208,0.03458646616541353,0.8849015088305833,20.0,0.06834452685299071,0.16258459503595407,419.0,0.238342764512555,0.0004946461612250377,210.0
Nerve - Tibial,production,SMAD3→COL1A1,SMAD3,COL1A1,591,0.1605896491165891,8.80997198755979e-05,4.97513827293254,7.671267162523092,0.3617623742526166,0.017140015440535013,43.0,0.3702437176381919,0.009589810822082179,48.0,0.27683054171833116,0.007553945574953349,92.0,0.1899837461020965,0.00979249039920963,184,0.12322859566166991,0.07984652245725177,203,0.37272727272727274,0.09610224578434737,21.0,0.16978575098447796,0.0006397807022387482,401.0,0.13946689422871755,0.0549688471772722,190.0
Nerve - Tibial,production,SMAD3→COL3A1,SMAD3,COL3A1,591,0.18658671770528734,4.957591870757998e-06,4.97513827293254,7.23643658568613,0.04371956057029117,0.7807256242388487,43.0,0.46059487624837164,0.000986758245671263,48.0,0.2414595615222161,0.020408311609244178,92.0,0.1719910346037357,0.019568269540447946,184,0.17123159203570493,0.014578766449819877,203,0.3766233766233766,0.09240530943057502,21.0,0.19329531789246437,9.801603467145979e-05,401.0,0.16815898419476163,0.02038661138908782,190.0
Nerve - Tibial,production,SMAD3→FN1,SMAD3,FN1,591,-0.07018424851070766,0.08824965974304977,4.97513827293254,8.15394690879912,0.012836485832382555,0.9348873620590332,43.0,-0.02855049258792899,0.8472497278338893,48.0,-0.11257272762635347,0.2853415169016074,92.0,-0.09719922597771363,0.1893179231385072,184,-0.04822697477194373,0.49442789200598847,203,-0.03896103896103896,0.8668411213715635,21.0,-0.06878279996848885,0.16922344542683102,401.0,-0.0758749102793583,0.2981250684707372,190.0
Nerve - Tibial,production,SMAD3→SERPINE1,SMAD3,SERPINE1,591,0.16065060339441734,8.75499301100134e-05,4.97513827293254,4.784741354472746,0.33488126274480373,0.028158710843217027,43.0,0.2947242726877985,0.04200211228799138,48.0,0.07224598312548354,0.4937354753889498,92.0,0.2555328135313902,0.00046369241207159205,184,0.08123012524404295,0.2492761780108777,203,-0.3,0.18641143545847969,21.0,0.13659673375539932,0.0061502564767966965,401.0,0.22098313187668459,0.0021846393295175594,190.0
Nerve - Tibial,production,ESR1→COL1A1,ESR1,COL1A1,591,0.4780731210849445,4.4284508343604815e-35,1.677032147718565,7.671267162523092,-0.00347327091513138,0.9823644616714317,43.0,0.4610541178153939,0.0009738096534935856,48.0,0.5236043895226529,8.524834742438218e-08,92.0,0.4949126601501806,9.250640748305116e-13,184,0.5847402647471306,5.1968968535062745e-20,203,0.44935064935064933,0.04099667350688648,21.0,0.5157802449674374,1.2265579680391925e-28,401.0,0.39990718478149156,1.0886936200768977e-08,190.0
Nerve - Tibial,production,ESR1→ELN,ESR1,ELN,591,0.1280646814650018,0.0018111008736340112,1.677032147718565,5.960565218062166,-0.05421322863183328,0.7298850417739243,43.0,-0.07609639600521059,0.6072096515591305,48.0,-0.02014410665433668,0.8488444479897992,92.0,0.15625812690598243,0.03416044862748856,184,0.23521867909256222,0.0007296758760105564,203,0.28441558441558445,0.21146401385264046,21.0,0.1582253424943998,0.0014798057124669301,401.0,0.06586640912860456,0.36658135414708726,190.0
Nerve - Tibial,production,AR→COL1A1,AR,COL1A1,591,0.03343515469969981,0.4171755821407723,2.693557308611733,7.671267162523092,-0.21398369072787676,0.16824737654341282,43.0,-0.07050968907960875,0.6339161892367295,48.0,0.15332390600918777,0.14451922511204796,92.0,0.04808635586762448,0.5168523295896961,184,0.10684808983512276,0.12919170252135814,203,0.48571428571428565,0.025600283346738067,21.0,0.06973975374771378,0.16335519906209237,401.0,-0.09283263313753334,0.20269240109267822,190.0
Nerve - Tibial,production,SOX9→ACAN,SOX9,ACAN,591,0.15709604101367983,0.00012564983688606124,4.382434842953625,0.8786570123017036,-0.3042887345212927,0.04726915939585924,43.0,-0.057806605715103376,0.6963401681569396,48.0,0.1383957985761494,0.1882958770514681,92.0,0.11251474887191398,0.12834614181919046,184,0.2883627570066328,3.0175617445121065e-05,203,0.35844155844155845,0.11058955072221291,21.0,0.18590115823960368,0.00018130780268740314,401.0,0.0965014991702745,0.18533805663976777,190.0
Nerve - Tibial,production,PPARG→FABP4,PPARG,FABP4,591,0.7526197753332537,5.643885394526225e-109,3.9602573232602345,8.341754016133937,0.875264270613108,1.634259990900606e-14,43.0,0.7733058325099321,1.1779047666566655e-10,48.0,0.6944503312232589,1.6293704717859433e-14,92.0,0.7412985351826721,2.4185984581151702e-33,184,0.7563516620979392,6.647715823743161e-39,203,0.512987012987013,0.017401319733001776,21.0,0.7504630340224359,9.171473976787844e-74,401.0,0.7419979748635701,1.7501926852767534e-34,190.0
Nerve - Tibial,production,PPARG→ADIPOQ,PPARG,ADIPOQ,591,0.6316258902860012,4.018286431493609e-67,3.9602573232602345,4.173609806082878,0.6911809121111447,2.882020995556949e-07,43.0,0.7001926889435056,3.0398207004019385e-08,48.0,0.5904850710719745,5.820426925475997e-10,92.0,0.597879439348451,3.23203077740522e-19,184,0.6315206230950523,5.44910078764968e-24,203,0.22337662337662337,0.3303879088761241,21.0,0.6325334924635448,3.3529055211837208e-46,401.0,0.6173239911594313,2.4165201255351833e-21,190.0
Nerve - Tibial,production,RUNX2→SPP1,RUNX2,SPP1,591,-0.10858281909616499,0.008243547328075597,3.4967312296433297,6.813090302214001,0.44406690106024593,0.0028544163077322323,43.0,0.03240426630226921,0.8269282773003028,48.0,-0.2125295244129196,0.04195777212140921,92.0,-0.1975325943735168,0.0071937895903407744,184,-0.14797943337426675,0.035119595977786085,203,0.35454545454545455,0.1148015908651135,21.0,-0.09971058315781234,0.04599435997190633,401.0,-0.09625310112921526,0.18647745701457893,190.0
Nerve - Tibial,production,FOXO1→PCK1,FOXO1,PCK1,591,-0.06871534563966611,0.0951292174544924,6.725658545034186,2.4583256972068055,0.011325883418906675,0.9425362190610249,43.0,0.09932696482848459,0.5017863288673028,48.0,-0.12466717790627063,0.23639645755490063,92.0,0.0040376934868711425,0.9566189380402312,184,-0.08936672598424815,0.20481376519567226,203,-0.46753246753246747,0.032589125101716326,21.0,-0.06895366766326033,0.16816425449426045,401.0,-0.09622881747068229,0.1865891209125743,190.0
Nerve - Tibial,detection,RELA→ICAM1,RELA,ICAM1,591,0.44105993599052024,1.585383999819649e-29,6.67516404440762,4.850967267241373,0.6763317858861797,6.425257107297012e-07,43.0,0.41415621838138167,0.003429348430665369,48.0,0.36095805434186434,0.00040807019993613553,92.0,0.45062662749181537,1.3746350348577722e-10,184,0.40264447646997537,2.594687367805725e-09,203,0.4116883116883117,0.06369892951455668,21.0,0.4958079822244276,2.872319902738368e-26,401.0,0.32544049227383764,4.613685757262792e-06,190.0
Nerve - Tibial,detection,RELA→IL6,RELA,IL6,591,0.327455444084096,3.0821758431865694e-16,6.67516404440762,3.369344275614937,0.2436667045946971,0.11535260461565176,43.0,0.2495793305527645,0.08712794437852472,48.0,0.41524548605072376,3.856904674479009e-05,92.0,0.36368890126204473,3.8840373943177914e-07,184,0.2416257020690922,0.0005147120480275837,203,0.212987012987013,0.353946406990143,21.0,0.34432464794620266,1.3258979623277256e-12,401.0,0.2852876982045774,6.615639112771319e-05,190.0
Nerve - Tibial,detection,RELA→CCL2,RELA,CCL2,591,0.4591927208400481,3.6660329979785375e-32,6.67516404440762,5.712948363041111,0.5390568962198767,0.00019177026399302938,43.0,0.49584758255752576,0.00033866356207143194,48.0,0.3222709005826832,0.0017309852976282781,92.0,0.42093126966888855,2.6874299258786963e-09,184,0.45210829925898544,1.2773625526818789e-11,203,0.24805194805194808,0.2782897943042766,21.0,0.5415101153508225,6.245854594816857e-32,401.0,0.2864533625020438,6.156766650163606e-05,190.0
Nerve - Tibial,detection,RELA→NFKBIA,RELA,NFKBIA,591,0.10798573687115658,0.00860616150666507,6.67516404440762,8.80370674762629,0.04628685773676769,0.7681945903564358,43.0,0.007382076762761193,0.9602841472758845,48.0,0.24019080870802917,0.021099424386298523,92.0,0.1722850410152677,0.01935738767689035,184,-0.027371399574223725,0.698277386195241,203,0.08311688311688312,0.7202033241160488,21.0,0.10863377999858735,0.029627155943193793,401.0,0.11076751078894395,0.12815071509723827,190.0
Nerve - Tibial,detection,NFKB1→TNF,NFKB1,TNF,591,0.12579094146062086,0.002185864577815652,4.9965449714822014,0.24065933982304308,0.27639849337380024,0.07278254429544993,43.0,0.07428220133788675,0.6158289496432837,48.0,-0.019877199590283567,0.8508239760656325,92.0,0.08582558539380428,0.24670088832249135,184,0.14195206396772242,0.04335660724900902,203,-0.08447043534762831,0.7158274104751672,21.0,0.11668652741664605,0.019421446287964942,401.0,0.10355898486538569,0.1550645141258404,190.0
Nerve - Tibial,detection,HIF1A→VEGFA,HIF1A,VEGFA,591,0.2708397951461823,2.1441498050551315e-11,5.73392247750271,6.342452956133486,0.5605013784339747,9.268414459685152e-05,43.0,0.3959616795227034,0.00533869807528626,48.0,0.2724761203884119,0.008596841421135855,92.0,0.1689307212306661,0.021884174664165236,184,0.29751018683827274,1.627336101208315e-05,203,0.3077922077922078,0.17467404944767492,21.0,0.3220442222426214,3.959203103982911e-11,401.0,0.1764716945906505,0.01486758339460441,190.0
Nerve - Tibial,detection,HIF1A→SLC2A1,HIF1A,SLC2A1,591,-0.22758767765369248,2.21084837486331e-08,5.73392247750271,9.343571165088067,-0.22244035034732706,0.1516606974920508,43.0,-0.20169344333478073,0.16922009627839357,48.0,-0.35164970658872147,0.0005876306753113344,92.0,-0.25945706970982974,0.0003757352303597421,184,-0.14644280639193324,0.03708223688678542,203,-0.22727272727272727,0.3218000022115526,21.0,-0.21901131361611964,9.6061770599609e-06,401.0,-0.2363757163971013,0.0010257460993282077,190.0
Nerve - Tibial,detection,TP53→CDKN1A,TP53,CDKN1A,591,0.23480798491399496,7.596552111265543e-09,4.6654041555730625,7.5527720523969775,0.5749235478103575,5.52245884735737e-05,43.0,0.04190186712983066,0.7773481771695989,48.0,0.24710918625847617,0.017561559647337494,92.0,0.2878966726047793,7.406392504300148e-05,184,0.1686984289109692,0.016127830821857723,203,0.16883116883116883,0.4644227731653937,21.0,0.24843726177433134,4.688664049828619e-07,401.0,0.20492307719320474,0.0045655037410305055,190.0
Nerve - Tibial,detection,TP53→MDM2,TP53,MDM2,591,0.04502565394753488,0.2744672733357449,4.6654041555730625,4.096233090370037,0.08328614043010564,0.5954364533949716,43.0,0.2079895788102475,0.15602233510298158,48.0,0.11336182151662899,0.2819565580062884,92.0,0.03049190433557272,0.6811537865348235,184,-0.00834105586908793,0.9059805471482061,203,-0.12207792207792208,0.5980864852006569,21.0,0.049741265747462245,0.32043040358401437,401.0,0.02804896398132001,0.7008653858682954,190.0
Nerve - Tibial,detection,ATF4→DDIT3,ATF4,DDIT3,591,0.49041476866912886,4.3466599931499235e-37,9.073324227696142,6.36211223812071,0.749622470552703,7.278821708939007e-09,43.0,0.5320234476769431,9.953310715739663e-05,48.0,0.46691506537188343,2.709416414794012e-06,92.0,0.4732714064732588,1.1654887575220626e-11,184,0.48171889378788313,3.435408064359875e-13,203,0.5896103896103897,0.004908349532622714,21.0,0.4866821215350091,3.091102433159235e-25,401.0,0.4784131219291254,2.9282130579156094e-12,190.0
Nerve - Tibial,detection,XBP1→DNAJB1,XBP1,DNAJB1,591,0.1409400490142929,0.0005898596949090389,6.272960223925699,6.19393922028001,0.038810027182120205,0.8048399789693448,43.0,0.2760529743812418,0.05753498209858891,48.0,0.12252100905185137,0.2446258931567528,92.0,0.14297513377536256,0.05284918570375394,184,0.15100891011178208,0.031507172232819514,203,-0.03766233766233767,0.8712435420745898,21.0,0.13170378158405857,0.008274835011068675,401.0,0.16016166104980611,0.02728771348469073,190.0
Nerve - Tibial,detection,HSF1→HSPA1A,HSF1,HSPA1A,591,0.242623249539842,2.2965199238249434e-09,6.791883709870418,6.1550950350495155,0.2727478667975535,0.0768028633694548,43.0,0.2653061224489796,0.06838593299496626,48.0,0.2581939104655337,0.012957449694428212,92.0,0.23496317459068955,0.0013248440005030713,184,0.22727479758309857,0.001110389585492626,203,0.20519480519480518,0.3722373638543265,21.0,0.2213442529040229,7.669939519561364e-06,401.0,0.28184955130828626,8.163142496782992e-05,190.0
Nerve - Tibial,detection,STAT1→IRF1,STAT1,IRF1,591,0.5072667748760274,5.76165455432682e-40,5.591041213969894,4.292775619655293,0.37722742373905166,0.012643890093713155,43.0,0.520516717325228,0.00014915524857711055,48.0,0.42474636746112493,2.4435505971149597e-05,92.0,0.5179821086728981,5.067447716880533e-14,184,0.5315634300805714,3.353081830174397e-16,203,0.648051948051948,0.0014887342546572653,21.0,0.5206193677823465,3.094890452673658e-29,401.0,0.4687667166901194,9.035172413105987e-12,190.0
Nerve - Tibial,detection,NFE2L2→NQO1,NFE2L2,NQO1,591,0.2554302752665129,2.9513501071017093e-10,6.638032934185615,4.721111778882151,-0.17646392582516487,0.25764948817836286,43.0,0.17878853669127226,0.2240392322910484,48.0,0.1826994952468228,0.08130990325917681,92.0,0.3444912662598787,1.6807254024720128e-06,184,0.3669809591909717,7.225448957659103e-08,203,0.37792207792207794,0.09119661406939479,21.0,0.26734091332375115,5.447695596066387e-08,401.0,0.18947986759191665,0.008836202208628989,190.0
Nerve - Tibial,detection,NFE2L2→HMOX1,NFE2L2,HMOX1,591,0.17227314185192136,2.5458203682716133e-05,6.638032934185615,4.39795911251591,0.03692377395314747,0.8141538381603729,43.0,0.18921486152380315,0.19773369800074556,48.0,0.15612838593304496,0.1372299443160331,92.0,0.2056828306275675,0.005094190985023938,184,0.2049611566877148,0.0033524929758650024,203,0.24155844155844156,0.2914707544291989,21.0,0.16653375061887982,0.0008144616270596218,401.0,0.21154636830464824,0.0033900943050286713,190.0
Nerve - Tibial,housekeeping,ACTB↔GAPDH,ACTB,GAPDH,591,0.36842178235267753,1.9425425381158578e-20,11.70998033855974,10.129434769528771,0.15569902227278135,0.31876528720097386,43.0,0.38065514167138026,0.007606778481589256,48.0,0.5592211986024439,6.870349652108338e-09,92.0,0.2577372464252068,0.0004121832369413981,184,0.4475830615843345,2.1541286066811094e-11,203,0.312987012987013,0.16713674816730892,21.0,0.3598174181795386,1.059489845457589e-13,401.0,0.3830856064135314,4.892508713602931e-08,190.0
Nerve - Tibial,housekeeping,RPL13A↔RPS18,RPL13A,RPS18,591,0.7860321133480659,3.889147188161384e-125,11.418535008244909,11.628125481194045,0.6865254658118952,3.724297474503474e-07,43.0,0.7963199177899358,1.3142457626900404e-11,48.0,0.8282234355374375,2.3335797441564112e-24,92.0,0.7843940576770525,1.3307480213088569e-39,184,0.7786125507161284,1.5071407345441222e-42,203,0.8363636363636363,2.3196074473363604e-06,21.0,0.7749298276549828,1.6228496627100126e-81,401.0,0.8174956981806826,6.321812511127044e-47,190.0
Nerve - Tibial,housekeeping,HPRT1↔TBP,HPRT1,TBP,591,0.005173069391518729,0.9001321180059298,4.609202229633751,4.604289906077377,-0.15449088242973358,0.32258121587500743,43.0,0.16462669965625212,0.2635020470179953,48.0,-0.058715186265826995,0.5782408293427889,92.0,0.011206837182074006,0.8799869888389946,184,0.048373966245832754,0.493111574241791,203,-0.2935064935064935,0.19659251726168686,21.0,-0.004712215759391657,0.9250551395767754,401.0,0.02314803069849222,0.7512356202744276,190.0
Nerve - Tibial,housekeeping,B2M↔PPIA,B2M,PPIA,591,0.2990348241950606,1.1290581005308989e-13,10.522894864154951,7.890237738840067,0.31210119135466613,0.041601487588502586,43.0,0.28931227270260007,0.046102137018378536,48.0,0.28235103726765515,0.00639308478836474,92.0,0.24687898825387944,0.0007289391528148054,184,0.4131838361443558,8.979309812234882e-10,203,0.5545808966861598,0.009077779060226412,21.0,0.32736008394002325,1.8048838627247743e-11,401.0,0.22273004225882623,0.0020099634167128565,190.0
Nerve - Tibial,hormone,ESR1→PGR,ESR1,PGR,591,0.5749349295028136,2.68883716613345e-53,1.677032147718565,1.7768003312766854,0.24796134098459682,0.10888420037613279,43.0,0.6525184541901867,5.022606182744442e-07,48.0,0.6094656088574847,1.1385440834736781e-10,92.0,0.6021644779808191,1.5449235037564667e-19,184,0.6154962591483458,1.4941419856746972e-22,203,0.27792207792207796,0.22253206527884467,21.0,0.581481123579396,1.2021926693989507e-37,401.0,0.6020542729425196,4.016208977877665e-20,190.0
Nerve - Tibial,hormone,AR→KLK3,AR,KLK3,591,-0.011451567425493053,0.7811559490526592,2.693557308611733,0.23616669561978676,0.05721143116262701,0.7155561451182413,43.0,0.17011467653578824,0.24769295631956198,48.0,-0.1901594460657733,0.06942988094475498,92.0,-0.08516990870671468,0.2503425779908835,184,0.08305577268306154,0.23876001428943233,203,0.13229781903154214,0.5675497796029204,21.0,-0.004252455301947627,0.9323489163073333,401.0,-0.04210238599662493,0.564096506607642,190.0
Nerve - Tibial,hormone,AR→SMAD3,AR,SMAD3,591,0.43112494127152157,3.7883253918206813e-28,2.693557308611733,4.97513827293254,0.23460565577183878,0.12994899478810656,43.0,0.46450282240555796,0.0008813304573264307,48.0,0.5083728278192026,2.297706024967849e-07,92.0,0.27719568953011847,0.00013932596153873748,184,0.5252096455421691,8.651287670985935e-16,203,0.6168831168831169,0.0028947180479421846,21.0,0.4361164950255708,4.772064011597979e-20,401.0,0.41393608617735733,2.9116890633507542e-09,190.0
Skin - Not Sun Exposed (Suprapubic),production,SMAD3→COL1A1,SMAD3,COL1A1,582,-0.04972781604433357,0.23098341611592957,4.911439047646277,7.461368081905587,0.0878048780487805,0.5900525829475209,40.0,0.18328996819890145,0.21749533028728932,47.0,0.0411734913200612,0.7016445786824319,89.0,0.07252409533293362,0.32657252569825956,185,-0.213347195659811,0.002481525077354471,199,-0.339356295878035,0.12232787806891611,22.0,-0.07514794005472959,0.1359847867979989,395.0,0.016045562902267177,0.8274582793877783,187.0
Skin - Not Sun Exposed (Suprapubic),production,SMAD3→COL3A1,SMAD3,COL3A1,582,-0.07000149956985648,0.09156432079603037,4.911439047646277,6.8830114222064465,0.07748592870544091,0.6346161103050867,40.0,0.26041455880906,0.07708069541059481,47.0,0.00781416253145888,0.9420626500275595,89.0,0.0436130547288334,0.5555516524230381,185,-0.22675133290513785,0.00127911527485307,199,-0.29983060417843027,0.17520277793847736,22.0,-0.08736157224832672,0.08290191942614364,395.0,-0.008315952994636623,0.9100635384608321,187.0
Skin - Not Sun Exposed (Suprapubic),production,SMAD3→FN1,SMAD3,FN1,582,0.10380291966928268,0.01222438828281803,4.911439047646277,5.240950371391585,0.23039399624765483,0.1526431976807824,40.0,0.3373131740879343,0.020414311463167266,47.0,0.13888439636523212,0.19428345948342343,89.0,0.19759769151089382,0.00701697273413765,185,0.016691893966278813,0.8149841390649907,199,-0.23207227555053642,0.29868783755778283,22.0,0.05345114409380897,0.2892758712902625,395.0,0.1681870817026342,0.021396290932907427,187.0
Skin - Not Sun Exposed (Suprapubic),production,SMAD3→SERPINE1,SMAD3,SERPINE1,582,0.35863238748139803,4.1790662707485483e-19,4.911439047646277,4.132387788639855,0.33545966228893065,0.03433594803782426,40.0,0.3013500622808217,0.039547602842511305,47.0,0.3378561274903425,0.0012035204106524457,89.0,0.34802880307838696,1.2085003746817887e-06,185,0.3910291892871052,1.1271096084590877e-08,199,-0.24675324675324675,0.2682743394211488,22.0,0.41545797327805745,6.4769382213008674e-18,395.0,0.27607178167290086,0.00013103442276742256,187.0
Skin - Not Sun Exposed (Suprapubic),production,ESR1→COL1A1,ESR1,COL1A1,582,0.4167036283391748,7.508124659401936e-26,0.9392966771453517,7.461368081905587,-0.01200750469043152,0.9413791424205267,40.0,0.3616547658416231,0.012496604670710636,47.0,0.4639552600890371,4.665237926928815e-06,89.0,0.45585829926600824,7.011399134827716e-11,185,0.4461164446089035,4.0092799377190496e-11,199,0.40824392998306047,0.059268513552542465,22.0,0.37751226175626085,7.945433732887247e-15,395.0,0.5574588033233548,1.163581276579642e-16,187.0
Skin - Not Sun Exposed (Suprapubic),production,ESR1→ELN,ESR1,ELN,582,0.34502806380738066,1.031568651863361e-17,0.9392966771453517,5.629543929165581,0.3215759849906192,0.04302857777828657,40.0,0.37280296022201664,0.00985826987306756,47.0,0.2605560970235423,0.013659748223726422,89.0,0.2684474971527834,0.00022024957126282844,185,0.4324210939868681,1.793804429347952e-10,199,0.5381140598531904,0.00978453856522305,22.0,0.23021456310963176,3.779251063496297e-06,395.0,0.47643878893250186,5.484010272089209e-12,187.0
Skin - Not Sun Exposed (Suprapubic),production,AR→COL1A1,AR,COL1A1,582,0.413676556593831,1.8245554784877471e-25,2.5793811783348164,7.461368081905587,0.3287671290761835,0.0383267636385407,40.0,0.47116301947935846,0.0008296063396632351,47.0,0.34566881881832834,0.0009071813511100532,89.0,0.4498435424054599,1.3292972609389284e-10,185,0.41304130169376824,1.3372856509024877e-09,199,0.4635798983625071,0.029778209241076523,22.0,0.3988267813339575,1.637165126056633e-16,395.0,0.45900130616402973,3.9214490521165345e-11,187.0
Skin - Not Sun Exposed (Suprapubic),production,SOX9→ACAN,SOX9,ACAN,582,0.650628965919203,2.383627604305786e-71,4.984509201189087,0.392931869875198,0.7735459662288932,4.856397927743011e-09,40.0,0.676572617946346,1.7853901209819166e-07,47.0,0.6996765406877768,2.3831460759815217e-14,89.0,0.6455415745085218,3.423390038495282e-23,185,0.6203576911909104,1.4899225611008353e-22,199,0.3754940711462451,0.08505436731083486,22.0,0.6559882596325907,5.854968788277058e-50,395.0,0.6329378451499494,2.5182828374640597e-22,187.0
Skin - Not Sun Exposed (Suprapubic),production,PPARG→FABP4,PPARG,FABP4,582,0.6479670518547546,1.3542339422002327e-70,2.5963145204630913,6.051216328369383,0.703377110694184,4.152508115997051e-07,40.0,0.6741443108233118,2.0515994393893546e-07,47.0,0.6326317806969722,2.919474128906682e-11,89.0,0.6314958033203854,5.589573170091566e-22,185,0.6537731489060064,1.2099445502825032e-25,199,0.5403726708074535,0.009423217667216476,22.0,0.6182179992401541,5.176998663805404e-43,395.0,0.7021604187792851,4.264741406793841e-29,187.0
Skin - Not Sun Exposed (Suprapubic),production,PPARG→ADIPOQ,PPARG,ADIPOQ,582,0.5865646523677388,4.377959315831636e-55,2.5963145204630913,1.968332441318844,0.7180112570356473,1.8334473009267303e-07,40.0,0.6682469935245143,2.860019246918294e-07,47.0,0.5821710541634462,2.1766369685610813e-09,89.0,0.5891082494107971,1.140821968725047e-18,185,0.5731075321831287,9.091604484494544e-19,199,0.23207227555053642,0.29868783755778283,22.0,0.570764728125365,1.607864520691185e-35,395.0,0.6054837608594321,4.3280192695008764e-20,187.0
Skin - Not Sun Exposed (Suprapubic),production,RUNX2→SPP1,RUNX2,SPP1,582,0.404759971367293,2.368349259214151e-24,1.8963065162761925,1.3197637438978935,0.453658536585366,0.0032813790498258636,40.0,0.29902867715078635,0.04116985632337858,47.0,0.37465259896746783,0.0002978243267923501,89.0,0.3685679642127693,2.4435640400604726e-07,185,0.4577631676625269,1.0627265682671792e-11,199,0.2783738001129306,0.2096789810948037,22.0,0.41623347666265964,5.5466663244015794e-18,395.0,0.3715345639794684,1.6480022483015345e-07,187.0
Skin - Not Sun Exposed (Suprapubic),production,FOXO1→PCK1,FOXO1,PCK1,582,0.1744288707034059,2.321644920433366e-05,4.8613059721451855,0.945734999992299,0.19925887727723018,0.21769951210657118,40.0,0.17021768675263604,0.2526642600578702,47.0,0.17963210446773067,0.09210042617724584,89.0,0.1570193032557333,0.032803812220469,185,0.18974489776517267,0.007269307264136899,199,0.18012422360248448,0.42247517156213166,22.0,0.13855940988140983,0.005808442230752492,395.0,0.28119721094930694,9.679517805697399e-05,187.0
Skin - Not Sun Exposed (Suprapubic),detection,RELA→ICAM1,RELA,ICAM1,582,0.4976237815025525,9.685485413799253e-38,6.2229457245659585,3.9822995879805783,0.22195121951219515,0.1686765305907543,40.0,0.28203868069951044,0.05477121972600526,47.0,0.6668936576140277,9.690112274123622e-13,89.0,0.46169912540974206,3.722105002680397e-11,185,0.5604766424131041,7.421992661981545e-18,199,0.007340485601355168,0.9741367424194011,22.0,0.5159799925288903,2.956400255624677e-28,395.0,0.46110346213440206,3.1116579512432174e-11,187.0
Skin - Not Sun Exposed (Suprapubic),detection,RELA→IL6,RELA,IL6,582,0.3465936935288946,7.189266280851614e-18,6.2229457245659585,1.9674365495834052,0.1881801125703565,0.24489428215390585,40.0,0.2935445637374773,0.045219324215341,47.0,0.5252172728933288,1.2619854040324941e-07,89.0,0.2879557559739405,7.050005275520242e-05,185,0.3693812188481383,7.91600174289781e-08,199,-0.044607566346696784,0.8437394727309631,22.0,0.3394512874418928,4.150161730084865e-12,395.0,0.375878917450965,1.1498178805591127e-07,187.0
Skin - Not Sun Exposed (Suprapubic),detection,RELA→CCL2,RELA,CCL2,582,0.19290050629406694,2.7621812344321595e-06,6.2229457245659585,3.7960115230779876,0.04371482176360226,0.7888242303415803,40.0,0.07447239086441168,0.6188360097577512,47.0,0.3295737961797657,0.0016113236747067323,89.0,0.161075510927465,0.02849978928691262,185,0.2628521786273144,0.00017627247849039913,199,-0.22303783173348396,0.3184167500878144,22.0,0.21314577479492197,1.9376873588247167e-05,395.0,0.15042756531159784,0.03988081353686537,187.0
Skin - Not Sun Exposed (Suprapubic),detection,RELA→NFKBIA,RELA,NFKBIA,582,0.4332844834398831,4.9245970300220205e-28,6.2229457245659585,8.402234655065635,0.38686679174484057,0.013661569380456942,40.0,0.35864820343974235,0.013303897126348168,47.0,0.41931076750593643,4.313542425984205e-05,89.0,0.42487272989189273,1.6622577842880744e-09,185,0.4646784120416839,4.716024366003815e-12,199,0.2907961603613778,0.18920778524573764,22.0,0.4259893137987555,7.618434791218322e-19,395.0,0.4554780411312641,5.7581636099301434e-11,187.0
Skin - Not Sun Exposed (Suprapubic),detection,NFKB1→TNF,NFKB1,TNF,582,0.35325782739565115,1.5109966079788636e-18,4.843171844367719,1.536869378318799,0.6584736627160446,3.863239699727445e-06,40.0,0.32770582793709535,0.024535751757499023,47.0,0.3679605039155602,0.0003887877639628374,89.0,0.25529785697634094,0.00045286539987219617,185,0.3323279252198688,1.6224438554570118e-06,199,0.08300395256916997,0.7134458318122271,22.0,0.36042196314793074,1.46396069244197e-13,395.0,0.3431213773125145,1.529007604439226e-06,187.0
Skin - Not Sun Exposed (Suprapubic),detection,HIF1A→VEGFA,HIF1A,VEGFA,582,0.7039055292912086,3.204444520203984e-88,5.72395255844208,5.974274857347364,0.7058161350844278,3.635962344455701e-07,40.0,0.4891304347826087,0.0004850332499145449,47.0,0.5678777999617315,6.4852302839468865e-09,89.0,0.7191057553908392,9.616571676488279e-31,185,0.7250768237454659,9.544963926672784e-34,199,0.7933370976849238,1.0587514645181699e-05,22.0,0.6934001514276966,6.682669368933524e-58,395.0,0.7141337908952526,1.8029397876267232e-30,187.0
Skin - Not Sun Exposed (Suprapubic),detection,HIF1A→SLC2A1,HIF1A,SLC2A1,582,0.4319156436640254,7.537393605670252e-28,5.72395255844208,8.085660415007077,0.09840986923908403,0.5457560357606743,40.0,0.21785383903792782,0.1412783180931252,47.0,0.28058631756479196,0.00773657952855307,89.0,0.45065959210058165,1.2196809279400248e-10,185,0.4375051393486808,1.0365686241517581e-10,199,0.6770186335403727,0.0005389639099985178,22.0,0.3856784948197456,1.85608305518046e-15,395.0,0.5073302548790972,1.263899045006669e-13,187.0
Skin - Not Sun Exposed (Suprapubic),detection,TP53→CDKN1A,TP53,CDKN1A,582,0.174382028825814,2.3335883912560268e-05,5.165087019045329,7.9547946387549855,0.2326454033771107,0.14856220236052267,40.0,0.4736492153116829,0.0007715600895822594,47.0,0.0030899270930705427,0.9770733164796588,89.0,0.20458323146058052,0.00521604240463041,185,0.043475976707841084,0.5420413902928665,199,-0.02992659514398645,0.8948231841333145,22.0,0.20169291705969314,5.403968562887759e-05,395.0,0.08672599095825105,0.23790748569857367,187.0
Skin - Not Sun Exposed (Suprapubic),detection,TP53→MDM2,TP53,MDM2,582,-0.07673361271003322,0.06432480338155058,5.165087019045329,3.5572459087339054,0.03302218681807204,0.8396954586842003,40.0,-0.10650169123585447,0.47615010216752085,47.0,-0.007363143424085896,0.9454013963041313,89.0,-0.05056904629021604,0.4942347151805603,185,-0.18551431737737434,0.008707575529205553,199,-0.1101072840203275,0.6256982903977764,22.0,-0.08081461106962168,0.10878186741343739,395.0,-0.03529749110565241,0.6315125922052816,187.0
Skin - Not Sun Exposed (Suprapubic),detection,ATF4→DDIT3,ATF4,DDIT3,582,0.4695388282660023,3.0048357048354254e-33,8.439062488038106,5.823981792246763,0.34277673545966236,0.0303693722318319,40.0,0.2875314389337157,0.05002625657559995,47.0,0.4507699248376305,9.29845873202298e-06,89.0,0.46758901914452217,1.941524215218516e-11,185,0.4953700178774632,1.0193966175365597e-13,199,0.7571993224167138,4.5060372025572185e-05,22.0,0.45750645726729716,7.906890996811257e-22,395.0,0.5468173076219555,5.66279415451174e-16,187.0
Skin - Not Sun Exposed (Suprapubic),detection,XBP1→DNAJB1,XBP1,DNAJB1,582,0.24385615285007392,2.5144338310191716e-09,6.752161610986769,7.03159047565919,-0.1630393996247655,0.3148004611134314,40.0,0.11755182288297626,0.43132408545835166,47.0,0.37152330001145156,0.0003375963319211342,89.0,0.25516130331493014,0.00045617939452625273,185,0.22990552735053824,0.001088262086850152,199,0.20835686053077357,0.35211052355961436,22.0,0.24529205372104035,8.005568562208739e-07,395.0,0.2482333180875242,0.0006135461079135589,187.0
Skin - Not Sun Exposed (Suprapubic),detection,HSF1→HSPA1A,HSF1,HSPA1A,582,0.033038867375889514,0.4262903812695962,6.488364712069535,6.155876298130992,0.05497185741088181,0.7361901972196397,40.0,0.19680851063829788,0.1848629312606131,47.0,0.08938618816980055,0.4048357189642253,89.0,0.039447006529807885,0.5939586208507904,185,0.011801843540795241,0.8685957407026651,199,-0.21964991530208924,0.32601325111651913,22.0,0.11106129720099416,0.02730452823590501,395.0,-0.12732403619485463,0.08247014431682025,187.0
Skin - Not Sun Exposed (Suprapubic),detection,STAT1→IRF1,STAT1,IRF1,582,0.5636885086637817,4.092717084627399e-50,5.0484763752553885,3.564745206193826,0.300750469043152,0.05933326357941534,40.0,0.4037583116507661,0.004886799518237233,47.0,0.5367086883807684,5.905360398990472e-08,89.0,0.5373656105038215,3.11621453566306e-15,185,0.5662300502784462,2.8839197330367004e-18,199,0.6295878035008471,0.0016912901526022436,22.0,0.5775412174369206,1.623860312616444e-36,395.0,0.5453113207768743,7.052344673026464e-16,187.0
Skin - Not Sun Exposed (Suprapubic),detection,NFE2L2→NQO1,NFE2L2,NQO1,582,-0.18490247645262073,7.1258661085546144e-06,6.610915614157608,2.863758385181427,-0.12664165103189495,0.436158272459904,40.0,0.04185938945420906,0.7799620913173864,47.0,-0.18560685055858672,0.08160928368283486,89.0,-0.045342399222969565,0.5399698633115346,185,-0.2309199268320629,0.001032675993458195,199,-0.3811405985319029,0.08009881431156597,22.0,-0.21683083347089926,1.3763439914208263e-05,395.0,-0.11886629973064969,0.10516291565428827,187.0
Skin - Not Sun Exposed (Suprapubic),detection,NFE2L2→HMOX1,NFE2L2,HMOX1,582,0.16572129393920582,5.889695375816532e-05,6.610915614157608,6.023562339163318,0.18180112570356474,0.26154863161007447,40.0,0.4755572260667226,0.0007295116312502559,47.0,0.06923790634921986,0.5191023984260861,89.0,0.0962067325098057,0.19267455077197163,185,0.23888737034708848,0.0006787445364981091,199,-0.15302089215132694,0.4965948556350872,22.0,0.16092342496384224,0.0013315422982375664,395.0,0.19817952841329584,0.006549665543098324,187.0
Skin - Not Sun Exposed (Suprapubic),housekeeping,ACTB↔GAPDH,ACTB,GAPDH,582,0.5045134452238914,6.59344131966353e-39,10.922477348563598,9.84101541263541,0.17748592870544094,0.27323120344119645,40.0,0.45209598225326025,0.0014215586075779542,47.0,0.5382579014121672,5.3191001510981175e-08,89.0,0.5511550044826656,4.319093162313253e-16,185,0.4802733990588836,7.049859779921357e-13,199,0.3935629587803502,0.06996155472662648,22.0,0.5092740204661768,1.8716954318077903e-27,395.0,0.49929851637903816,3.494368128968759e-13,187.0
Skin - Not Sun Exposed (Suprapubic),housekeeping,RPL13A↔RPS18,RPL13A,RPS18,582,0.6723714351747921,8.293445240672611e-78,12.064726985197296,12.623652255002575,0.8066982512744362,3.281968585579425e-10,40.0,0.5898644158459215,1.2815202807702693e-05,47.0,0.7357877040884095,2.153758568745029e-16,89.0,0.693573140783019,7.261041027209361e-28,185,0.6450618682184205,8.424240996268732e-25,199,0.7014967803031593,0.00027492835161149255,22.0,0.65570411143176,6.660787873020674e-50,395.0,0.7255901485695256,7.476810591981972e-32,187.0
Skin - Not Sun Exposed (Suprapubic),housekeeping,HPRT1↔TBP,HPRT1,TBP,582,0.31120477941226926,1.551957990637735e-14,4.205678816923161,4.021586681968977,0.6117547734109313,2.739548436033523e-05,40.0,0.27752081406105455,0.05894012509605186,47.0,0.2565756992891607,0.015220447981729312,89.0,0.347466449218592,1.260596317500044e-06,185,0.21387692978900244,0.0024191416161177056,199,0.19147134341607971,0.393328973167977,22.0,0.3801630564957098,4.978051907220005e-15,395.0,0.19092425177429223,0.008858524166944768,187.0
Skin - Not Sun Exposed (Suprapubic),housekeeping,B2M↔PPIA,B2M,PPIA,582,0.41687016693366036,7.148279806159445e-26,10.233434203564096,8.347990160545532,0.5247654784240151,0.0005084618248535971,40.0,0.35761780861520676,0.013590625178819662,47.0,0.465744212710288,4.239038515254582e-06,89.0,0.5446644121834809,1.1072797774510815e-15,185,0.22614472939859107,0.0013191611575936316,199,0.26715618122656554,0.22939181070333062,22.0,0.41522307332316644,6.7878449025084076e-18,395.0,0.4261846069624254,1.1911048926879443e-09,187.0
Skin - Not Sun Exposed (Suprapubic),hormone,ESR1→PGR,ESR1,PGR,582,0.510147155300364,6.996317243511236e-40,0.9392966771453517,0.64412436883935,0.44315196998123835,0.004185651634355263,40.0,0.6437326549491211,1.054741547163592e-06,47.0,0.6205960214165936,8.758544062990948e-11,89.0,0.415079820856325,4.237917433015609e-09,185,0.5250486048958178,1.705235264616214e-15,199,0.4918125352907962,0.020081872418541948,22.0,0.4762082413582043,9.444615080838121e-24,395.0,0.6184099934679242,4.085357301940161e-21,187.0
Skin - Not Sun Exposed (Suprapubic),hormone,AR→KLK3,AR,KLK3,582,0.024083657078378472,0.5620188614203457,2.5793811783348164,0.3840847507477626,-0.108655877219766,0.5045235419417695,40.0,0.1561506051057955,0.2945766108896028,47.0,0.012555969847999502,0.9070321323202667,89.0,-0.009327093640248415,0.8997279075416915,185,0.031116462456252703,0.6626247690055738,199,0.3086082584245004,0.162295601856765,22.0,0.060544721812810426,0.22991000164315978,395.0,-0.026932930255657513,0.7144403273088245,187.0
Skin - Not Sun Exposed (Suprapubic),hormone,AR→SMAD3,AR,SMAD3,582,0.10605756179241857,0.010457335737206117,2.5793811783348164,4.911439047646277,0.22274348299853297,0.16712239035466767,40.0,0.3785377700983384,0.008698737622777574,47.0,0.144502421714647,0.1766747453452515,89.0,0.13912276287704287,0.05893959724992377,185,0.03841999891144124,0.5900486866231682,199,-0.27159796725014124,0.22144590282931434,22.0,0.06646006706484836,0.18745699679801864,395.0,0.1338647304652282,0.06777076620456904,187.0
Lung,production,SMAD3→COL1A1,SMAD3,COL1A1,552,-0.005596955892395456,0.8956158080298007,5.14374694487323,7.650933387486831,-0.16504495752729628,0.3922254851726996,29.0,0.09924057232423211,0.5647140109527997,36.0,0.02186773806461641,0.8388163323670608,89.0,-0.021885162239913145,0.7631814891633906,192,0.12157289478343064,0.09833228544413034,186,-0.34736842105263155,0.13344922901624715,20.0,0.0028713733178578767,0.9556277209400634,378.0,-0.029093182926125855,0.7031438604769562,174.0
Lung,production,SMAD3→COL3A1,SMAD3,COL3A1,552,-0.05070924892128074,0.2342578345137125,5.14374694487323,8.138268626254538,-0.15494519146965577,0.4222253231541123,29.0,0.08559660258834548,0.6196354043231145,36.0,-0.012623532716942831,0.9065341269379039,89.0,-0.05501648850051567,0.4484946394084287,192,0.07725065364721702,0.2946279743598155,186,-0.3759398496240601,0.10234904601068492,20.0,-0.055366669717976096,0.2829527935638171,378.0,-0.054637184379719636,0.4739578038286111,174.0
Lung,production,SMAD3→FN1,SMAD3,FN1,552,0.38261121569553,1.0977511057477554e-20,5.14374694487323,9.78722057826277,0.12661657935676163,0.5127893776684,29.0,0.30338525158004553,0.07206113597171053,36.0,0.34424743356202864,0.0009555715262175201,89.0,0.411942257162555,2.912175694013453e-09,192,0.37506311521342933,1.3310300408547382e-07,186,-0.04962406015037594,0.8354138453754828,20.0,0.397293741329017,9.61566065752134e-16,378.0,0.34978128561171773,2.2343211578844383e-06,174.0
Lung,production,SMAD3→SERPINE1,SMAD3,SERPINE1,552,0.4329581113853467,1.259344664437492e-26,5.14374694487323,8.158046965149866,0.020445867872784466,0.9161600247493822,29.0,0.2544729072438481,0.13420257367889316,36.0,0.3713684999155643,0.0003396850538063827,89.0,0.36772010761261803,1.5458541056743297e-07,192,0.4508785540319217,1.060999806380293e-10,186,0.6872180451127818,0.0008149369421759723,20.0,0.43935511808607386,2.8540253317751446e-19,378.0,0.42472238626799147,5.188180824422514e-09,174.0
Lung,production,ESR1→COL1A1,ESR1,COL1A1,552,0.21093382487481002,5.704441205942987e-07,1.532981324562992,7.650933387486831,0.15369458128078814,0.4260261401420079,29.0,0.4373230373230374,0.0076500533621576446,36.0,0.17071842015662245,0.10969779029667155,89.0,0.17156045549494556,0.017342892556614985,192,0.2854543979575566,7.837224635037796e-05,186,0.04060150375939849,0.8650468790077722,20.0,0.2075705157504405,4.76952046962546e-05,378.0,0.20561876010529237,0.006490875768262617,174.0
Lung,production,ESR1→ELN,ESR1,ELN,552,0.17665486827064536,2.9941429052741144e-05,1.532981324562992,8.053816614807516,0.20246305418719207,0.2922056932389572,29.0,0.07207207207207207,0.6761554214137167,36.0,0.1175694482877872,0.27251941217993814,89.0,0.1271090746495137,0.07893363279551081,192,0.13857992386551762,0.05924791756281064,186,0.25112781954887214,0.2855217106335982,20.0,0.1490934920651743,0.003668264911672456,378.0,0.2412512521804989,0.001341793021117345,174.0
Lung,production,AR→COL1A1,AR,COL1A1,552,0.1516891823800526,0.00034818993879322615,1.879015827740448,7.650933387486831,0.08866995073891623,0.6473828005629503,29.0,0.1891891891891892,0.26912010683663895,36.0,0.01826693905345591,0.8650825196622075,89.0,0.14113097213652936,0.05086909018876441,192,0.2815707344273484,9.889274131579388e-05,186,-0.18045112781954886,0.4464646102705483,20.0,0.1680835143518179,0.0010363687846971538,378.0,0.1190538428027672,0.1176582189633373,174.0
Lung,production,SOX9→ACAN,SOX9,ACAN,552,-0.1251784637257544,0.0032195760606622795,2.8170623595731845,0.8382489120999378,-0.014778325123152707,0.9393498687559616,29.0,-0.25945945945945953,0.126482542291574,36.0,-0.1848237352065395,0.08292749275589485,89.0,-0.10136273275606277,0.1618257471529608,192,-0.06644449500396382,0.36755137211042743,186,0.1263157894736842,0.5956535128148985,20.0,-0.10842424936576985,0.03509655476005564,378.0,-0.15955055539917756,0.03547124870511627,174.0
Lung,production,SOX9→COL2A1,SOX9,COL2A1,552,0.04833837137488905,0.25688559441115977,2.8170623595731845,0.11480114797376555,0.07244949130285766,0.7087896370911904,29.0,-0.03990731337214182,0.8172484493627752,36.0,0.1341015933133549,0.21024377883748216,89.0,-0.013641062286988357,0.8510408322027705,192,0.08063624962761597,0.2739107328060851,186,-0.04136893861566039,0.8625190493686183,20.0,0.03686630313567918,0.4748364913120954,378.0,0.0786507318860733,0.3022616394396494,174.0
Lung,production,PPARG→FABP4,PPARG,FABP4,552,0.45129915433049733,4.726398159229334e-29,4.373812768770301,6.965627699658491,0.36945812807881767,0.048552923888583,29.0,0.6516506867216829,1.6701562986966272e-05,36.0,0.35859720803541034,0.0005591513575368074,89.0,0.49296230753747716,3.765805186477744e-13,192,0.4865193238798879,1.9165432030463338e-12,186,-0.11127819548872178,0.6404548402871415,20.0,0.4028230829297822,3.524622713963464e-16,378.0,0.5656304724814556,4.2173390891415455e-16,174.0
Lung,production,PPARG→ADIPOQ,PPARG,ADIPOQ,552,0.014255699468352194,0.7382355570390807,4.373812768770301,0.28060571422152547,0.05629646790597076,0.7717700810515946,29.0,0.2358168983847067,0.16617958420404044,36.0,-0.200787090314938,0.05919982508695811,89.0,0.010850451546388364,0.881260981752652,192,0.01315555696462211,0.8585532839092848,186,0.39321034682624895,0.08631918001561552,20.0,0.09326268765917103,0.07011332036606505,378.0,-0.17293180718474208,0.022494935431990867,174.0
Lung,production,RUNX2→SPP1,RUNX2,SPP1,552,-0.11681088062516197,0.006002866981536696,2.293808668527914,3.8790713235519934,-0.12906403940886696,0.5046073524589316,29.0,-0.0344916344916345,0.8417109556918972,36.0,-0.00537114986023702,0.9601579620586583,89.0,-0.154962621231571,0.03185821606504742,192,0.00531030058446173,0.9426535360131603,186,-0.015037593984962403,0.9498276950483329,20.0,-0.11220602513772236,0.02916849847027852,378.0,-0.11065368146079095,0.1460657588187803,174.0
Lung,production,FOXO1→PCK1,FOXO1,PCK1,552,0.13669395863089176,0.0012844810425021009,5.15356021558029,0.4861675727845885,0.19014778325123147,0.3231587740537455,29.0,0.002445617196550392,0.9887056494186264,36.0,0.19674838270343895,0.06460400603743378,89.0,0.09243204866005557,0.2022582181689776,192,0.1373855182844984,0.06149294589793512,186,0.3157894736842105,0.17499413541563494,20.0,0.14792568336041817,0.003947183257561845,378.0,0.10750399784965947,0.1579648969645067,174.0
Lung,production,HNF4A→ALB,HNF4A,ALB,552,0.18284880125060837,1.541093914343368e-05,0.1455794112196705,2.120504639337541,0.05717102715055433,0.7683195260503862,29.0,0.45353925353925356,0.005467819188908695,36.0,0.08521849431980555,0.42717768189457495,89.0,0.20601828765588165,0.0041457842375963345,192,0.1733487523570616,0.017973364349859716,186,0.18051900486833627,0.4462907463600946,20.0,0.17832745338063294,0.0004947890626902818,378.0,0.19606003080759613,0.009520298771094234,174.0
Lung,detection,RELA→ICAM1,RELA,ICAM1,552,0.4546832241796104,1.624196055664835e-29,6.654391274072122,7.885073928729348,0.2505234653809855,0.18993028224251168,29.0,0.6550836550836551,1.455257198541745e-05,36.0,0.489047025230107,1.1569400309412584e-06,89.0,0.44483383901000606,1.0184621218860753e-10,192,0.5092748908217434,1.1464802398646145e-13,186,0.5503759398496241,0.011919637001913331,20.0,0.4345347592858149,7.677561152210507e-19,378.0,0.5012862005516924,1.850940691940302e-12,174.0
Lung,detection,RELA→IL6,RELA,IL6,552,0.4680907980759523,2.0933240338469744e-31,6.654391274072122,5.1585484415940615,0.36157635467980287,0.053945183846772715,29.0,0.6267696267696268,4.3151706317865585e-05,36.0,0.39047663635285706,0.00015494064580506327,89.0,0.4017002215160119,7.701249163404506e-09,192,0.5379955988234841,2.3983743102351444e-15,186,0.6015037593984961,0.005023202586882031,20.0,0.4861435721018709,8.115915752986645e-24,378.0,0.42439663611721806,5.34480474042343e-09,174.0
Lung,detection,RELA→CCL2,RELA,CCL2,552,0.4880271998599225,2.246567895463541e-34,6.654391274072122,6.600887307222338,0.08472906403940884,0.662113699345471,29.0,0.6895752895752897,3.291857524853711e-06,36.0,0.386040177051413,0.00018671716224861768,89.0,0.4692597814052112,6.623084990062421e-12,192,0.6157898736606058,8.462623904625969e-21,186,0.4796992481203006,0.032326069200214205,20.0,0.5161191881481745,4.044702133682933e-27,378.0,0.41077867909554716,1.8022380953294878e-08,174.0
Lung,detection,RELA→NFKBIA,RELA,NFKBIA,552,0.3235547068622232,6.428876910183266e-15,6.654391274072122,9.103469768296117,0.1133004926108374,0.5584180322851668,29.0,0.3683397683397684,0.027076719109445258,36.0,0.4193582710212948,4.304044353773845e-05,89.0,0.33857136620288064,1.560160876927443e-06,192,0.3217252247224553,7.541646895572784e-06,186,0.38195488721804516,0.09653857766782038,20.0,0.288315605214326,1.1390729089189188e-08,378.0,0.4059974646097933,2.726718579702313e-08,174.0
Lung,detection,NFKB1→TNF,NFKB1,TNF,552,0.3485351167209385,3.280567083273753e-17,5.190657915412515,2.1635152920000795,0.6344827586206895,0.00021860541903809857,29.0,0.36720509761346265,0.027589056521289203,36.0,0.39139761148801056,0.00014900551444867202,89.0,0.3107182700752451,1.1524757814102594e-05,192,0.3386845237571271,2.2629643605954206e-06,186,0.3293233082706767,0.15623105162611672,20.0,0.37008862246511703,1.0281943529073865e-13,378.0,0.3080783373948287,3.540542501780839e-05,174.0
Lung,detection,HIF1A→VEGFA,HIF1A,VEGFA,552,0.36802172753881207,3.7972293989092523e-19,7.086958905924922,7.363851273405379,0.09458128078817732,0.6255300328907873,29.0,0.3937190303538669,0.017511049284589422,36.0,0.39903301868162244,0.00010730949623101285,89.0,0.35651241403430173,3.8648960545862695e-07,192,0.3726691047163145,1.6215407320520396e-07,186,0.28721804511278193,0.21950431346270238,20.0,0.32676604080785643,7.43423033890063e-11,378.0,0.45205137755383373,3.812426168084079e-10,174.0
Lung,detection,HIF1A→SLC2A1,HIF1A,SLC2A1,552,0.12279172146440011,0.00386034608311845,7.086958905924922,3.808961647144262,0.2793103448275862,0.1422791956548315,29.0,0.25894465894465896,0.12726389814271963,36.0,0.07150183649126937,0.5054978872010469,89.0,0.15297376938563365,0.03414890463834366,192,0.09303453198570069,0.20658577961676616,186,-0.22857142857142856,0.3323968570405118,20.0,0.07603257795537426,0.14008274927270672,378.0,0.2703904798693646,0.00030804553197317385,174.0
Lung,detection,TP53→CDKN1A,TP53,CDKN1A,552,-0.4128574674789713,3.922232871330476e-24,4.117938184651775,7.76084296858829,-0.05714285714285713,0.7684306031429864,29.0,0.1590733590733591,0.35409497118626276,36.0,-0.28859511739465793,0.006093082145319543,89.0,-0.41519809970829635,2.1229975889665243e-09,192,-0.4410829510292891,2.955145315682189e-10,186,-0.3533834586466165,0.12640665077932206,20.0,-0.4106106048282246,8.30449814047885e-17,378.0,-0.41053590130415524,1.840820655750719e-08,174.0
Lung,detection,TP53→MDM2,TP53,MDM2,552,0.15062977557740967,0.00038339445741537474,4.117938184651775,4.279663662547651,-0.003941372120054837,0.9838109655755514,29.0,0.11119691119691119,0.518510904170888,36.0,0.1020085039239123,0.34148948641400867,89.0,0.14047698977455186,0.051962603993896975,192,0.19331176872101472,0.008202181040330752,186,0.4526315789473684,0.04507568878304832,20.0,0.1996851672563146,9.27160517307644e-05,378.0,0.04361674803885151,0.5676814043824547,174.0
Lung,detection,ATF4→DDIT3,ATF4,DDIT3,552,0.5508920403336927,3.9363639263660174e-45,8.986512947773587,6.292958923871966,0.6911330049261083,3.310168349798731e-05,29.0,0.6120978120978121,7.274761309181066e-05,36.0,0.6345896023159926,2.4306574799945527e-11,89.0,0.5151331347093699,2.0940295907132985e-14,192,0.4715434229017912,1.0954225194860421e-11,186,0.544360902255639,0.013082608661519567,20.0,0.5311580425582523,6.648102950195214e-29,378.0,0.593067762529733,6.561455508821249e-18,174.0
Lung,detection,XBP1→DNAJB1,XBP1,DNAJB1,552,-0.14264249513122268,0.0007767652337714808,7.759467237237571,7.278880725736204,0.05763546798029554,0.7664888388040039,29.0,-0.23720960213866515,0.16361893096288044,36.0,0.07883077473162446,0.4627545219181106,89.0,-0.06855350257267522,0.3447536547471528,192,-0.293350428350498,4.832990672590557e-05,186,-0.0706766917293233,0.7671582206450904,20.0,-0.13085855450905667,0.01087422653764582,378.0,-0.19351515427646754,0.010513312014178895,174.0
Lung,detection,HSF1→HSPA1A,HSF1,HSPA1A,552,0.5603324225561038,5.96136590197449e-47,6.842269635718802,7.250574790481208,0.2748768472906403,0.1489883358777664,29.0,0.30630630630630634,0.06922789695848168,36.0,0.2851549199863807,0.00675682334712017,89.0,0.6109491226195712,4.96190817219794e-21,192,0.6137437863757337,1.2316784545704422e-20,186,0.5415570146050088,0.013655141510362807,20.0,0.5658485201602181,2.2308220630675092e-33,378.0,0.5213506360990712,1.6337666902098374e-13,174.0
Lung,detection,STAT1→IRF1,STAT1,IRF1,552,0.45152955689793417,4.396540382673562e-29,6.079235907050147,6.169884325801462,0.5507389162561575,0.001962001013578399,29.0,0.581981981981982,0.00019666825476501618,36.0,0.4344228804902963,2.1034525341018837e-05,89.0,0.5143364815417193,2.3316527708660966e-14,192,0.37070280592739574,1.9047338174452557e-07,186,0.41503759398496237,0.06880769728594098,20.0,0.47965682843754787,3.820543308857106e-23,378.0,0.39094073916731703,9.634097820526257e-08,174.0
Lung,detection,NFE2L2→NQO1,NFE2L2,NQO1,552,-0.03781175685411218,0.37525205663501837,6.433357194713924,4.838336304478023,-0.06059113300492609,0.7548676629159325,29.0,0.2512388189770344,0.1393921670978296,36.0,-0.06883812782826854,0.5215239160753312,89.0,0.01820896117070524,0.8020584599709605,192,-0.08005812915328463,0.27737664126463507,186,0.2571428571428572,0.27375050350001584,20.0,-0.0025397102243015467,0.9607486310347328,378.0,-0.1011452555327148,0.1841816628020581,174.0
Lung,detection,NFE2L2→HMOX1,NFE2L2,HMOX1,552,-0.15386495472485925,0.0002851367858226319,6.433357194713924,7.18474529100501,-0.196551724137931,0.30682037104028814,29.0,0.2633374096449858,0.12071088859147223,36.0,-0.13434741528759858,0.20940140300182392,89.0,-0.17855015948073882,0.013217593439473192,192,-0.17372112084308813,0.017724305736546063,186,0.006015037593984962,0.9799209119891911,20.0,-0.2021555345852779,7.549195945314845e-05,378.0,-0.02338914190276478,0.7593441736254334,174.0
Lung,housekeeping,ACTB↔GAPDH,ACTB,GAPDH,552,0.5584661209492578,1.3795268153301523e-46,12.211029716159986,9.77905275337938,0.5926108374384236,0.0007057577628114727,29.0,0.8005148005148005,4.606098874518357e-09,36.0,0.5876940232178833,1.4072781955582407e-09,89.0,0.6167979247378371,1.6450571015145894e-21,192,0.4533788742152264,8.126080338622847e-11,186,0.3488721804511278,0.13166317155695254,20.0,0.513275847320646,8.596845177844724e-27,378.0,0.6425071884452872,1.2212378202309592e-21,174.0
Lung,housekeeping,RPL13A↔RPS18,RPL13A,RPS18,552,0.8201319786469854,1.8110302198155153e-135,11.271024669426074,11.303510693536289,0.8901477832512312,1.0293003033710835e-10,29.0,0.8689664121412334,6.35187343503434e-12,36.0,0.8304263813643047,8.082961882983506e-24,89.0,0.8263479881554723,2.909395208293102e-49,192,0.810049317858212,1.5910763393036862e-44,186,0.8390977443609022,3.7690619292004634e-06,20.0,0.8148914926903746,4.38997915589486e-91,378.0,0.821430910440236,8.29108577968066e-44,174.0
Lung,housekeeping,HPRT1↔TBP,HPRT1,TBP,552,-0.12890938544326372,0.002409433217074068,4.7229644505010135,4.209065001943837,-0.08325123152709359,0.6676701120758934,29.0,-0.035394813124326054,0.8376205152349075,36.0,-0.22454225861643357,0.034389447293885746,89.0,-0.1348006324158631,0.06229743093696698,192,-0.11736614217527534,0.11062527661640868,186,-0.27409669638287915,0.24222841310152063,20.0,-0.10036025873673174,0.05121318291060081,378.0,-0.19479764342102598,0.010002014482117844,174.0
Lung,housekeeping,B2M↔PPIA,B2M,PPIA,552,0.06472258726328621,0.1288173359888919,11.696901820708012,8.189133008321127,0.15467980295566497,0.4230303131786931,29.0,0.27118862273801814,0.10963160618460449,36.0,0.09455387392024406,0.378108789477109,89.0,0.16047244528487434,0.0261833654862332,192,0.0668142746117427,0.3648853756638847,186,-0.22857142857142856,0.3323968570405118,20.0,0.05181481524685699,0.31502505727164387,378.0,0.09427496870716282,0.2159509768161719,174.0
Lung,hormone,ESR1→PGR,ESR1,PGR,552,0.7279957904772775,3.17154903089881e-92,1.532981324562992,1.940668766103361,0.6068965517241378,0.0004818982777493223,29.0,0.4283140283140284,0.009157066994548019,36.0,0.7137074979103538,4.171673599241845e-15,89.0,0.7495934015170642,6.851652775534787e-36,192,0.7043987947128884,3.3752446717907724e-29,186,0.5458646616541353,0.012783628876204734,20.0,0.7360756922759446,1.0548763117438209e-65,378.0,0.6995260085924356,6.851059959582002e-27,174.0
Lung,hormone,AR→KLK3,AR,KLK3,552,0.0022750473487073136,0.9574686492814537,1.879015827740448,0.2829209956090789,0.07074896225046116,0.7153402671880352,29.0,-0.27760948247373046,0.10115602356932961,36.0,0.05372909324863247,0.6170221382140387,89.0,0.02812070808205344,0.6986199044922753,192,-0.03045178442785732,0.6798975224685317,186,0.554659764708267,0.011143537907416368,20.0,0.001925305891536894,0.9702391982611541,378.0,0.005850510426033268,0.938927488287457,174.0
Lung,hormone,AR→SMAD3,AR,SMAD3,552,0.43239307579996744,1.4878109047572e-26,1.879015827740448,5.14374694487323,0.4305949041159909,0.019712865297643455,29.0,0.4736774398873855,0.0035216964261860326,36.0,0.5232509640210335,1.4330911309235324e-07,89.0,0.4243378846986267,8.583959695986098e-10,192,0.28599188954614213,7.58694601196958e-05,186,0.060150375939849614,0.8011125555760907,20.0,0.450172444142085,2.922440124704583e-20,378.0,0.39632118737075367,6.180793435172015e-08,174.0
Esophagus - Mucosa,production,SMAD3→COL1A1,SMAD3,COL1A1,537,0.08528848769594088,0.048221937212382805,5.443688613298441,5.784646120373319,0.051908763505402154,0.7203372151545955,50.0,0.08428571428571427,0.5647536602665355,49.0,0.20205318491032775,0.04489808799187694,99.0,0.0437849974301404,0.5628106185239883,177,0.06094696344451921,0.4602873029790491,149,,,,0.08798579252505272,0.09982011888297314,351.0,0.0811800720411601,0.27067734791421294,186.0
Esophagus - Mucosa,production,SMAD3→COL3A1,SMAD3,COL3A1,537,0.053386828031076076,0.21677655365383475,5.443688613298441,6.306380441956902,0.044897959183673466,0.7568630339178207,50.0,0.04877551020408162,0.7392756834706125,49.0,0.13686498721459125,0.17674006283771534,99.0,0.061585838589913004,0.4154648616426727,177,0.006861968857221085,0.9338065672538803,149,,,,0.03451122875134888,0.5192815368362393,351.0,0.09162368838974308,0.2135825182039864,186.0
Esophagus - Mucosa,production,SMAD3→FN1,SMAD3,FN1,537,-0.02862344437707552,0.5080426764694184,5.443688613298441,5.933168826822462,-0.09291716686674668,0.5210054483879641,50.0,-0.07214285714285713,0.6222910136186797,49.0,-0.05138559916980868,0.6134739978960068,99.0,-0.014853255526961638,0.844437636824084,177,0.00031199040810884836,0.9969869914845829,149,,,,-0.05661201614111069,0.29019639932768526,351.0,0.029692953378420896,0.6874509784989269,186.0
Esophagus - Mucosa,production,SMAD3→SERPINE1,SMAD3,SERPINE1,537,0.2400630084531334,1.7745842610621527e-08,5.443688613298441,3.196188943457115,0.3018007202881153,0.03316991642388587,50.0,0.2277551020408163,0.11551224888591717,49.0,0.08755720470006184,0.3888110007493363,99.0,0.21422589252685742,0.004193678705239353,177,0.3210795583889933,6.537914946889204e-05,149,,,,0.25652428248404197,1.1127213323436487e-06,351.0,0.20047853314485417,0.006076183316571499,186.0
Esophagus - Mucosa,production,ESR1→COL1A1,ESR1,COL1A1,537,0.48153016333347387,1.606536917855739e-32,0.43278813051333864,5.784646120373319,0.19644657863145257,0.17152542147182692,50.0,0.32817163713834463,0.02133179214225252,49.0,0.434025974025974,7.183706837207997e-06,99.0,0.4304412043173642,2.233269106836456e-09,177,0.6277058868353763,1.0626175470121194e-17,149,,,,0.4521223449962814,4.366330363850458e-19,351.0,0.5294018094210754,7.927967211806934e-15,186.0
Esophagus - Mucosa,production,ESR1→ELN,ESR1,ELN,537,0.33370500079362114,1.960021764698354e-15,0.43278813051333864,5.5927230805658095,0.10290516206482593,0.47699976222200113,50.0,-0.061583203673193705,0.6742273791967581,49.0,0.28034100291105857,0.004946104742680697,99.0,0.36344543157168824,6.621041271122121e-07,177,0.35292869250831943,1.0116342193295099e-05,149,,,,0.35909464841285904,4.023683831298737e-12,351.0,0.315891209035218,1.1224497825890504e-05,186.0
Esophagus - Mucosa,production,AR→COL1A1,AR,COL1A1,537,0.28250182320791056,2.601619707477734e-11,1.2919988160470788,5.784646120373319,-0.1466986794717887,0.30934725344687913,50.0,0.11295918367346938,0.43965259893819486,49.0,0.299160786405142,0.002629591122631384,99.0,0.27002047777975763,0.0002783182182125235,177,0.35026609927900637,1.1918317317578008e-05,149,,,,0.3363816076788161,9.858414468854863e-11,351.0,0.20748899705380902,0.004487534184272459,186.0
Esophagus - Mucosa,production,SOX9→ACAN,SOX9,ACAN,537,-0.009315358952783232,0.8294797238936731,4.231269830432018,0.10232576646484795,0.15137471524449453,0.2940079541689551,50.0,-0.10806122448979592,0.459864830791883,49.0,-0.12361895750956295,0.22282370364348297,99.0,0.12179659197667056,0.10632465764811451,177,-0.024531108289497554,0.7664946031711204,149,,,,0.05497135734875679,0.3044246760405962,351.0,-0.11622249387633352,0.11416726758978657,186.0
Esophagus - Mucosa,production,PPARG→FABP4,PPARG,FABP4,537,0.08835754729535306,0.040681088195377066,2.6016082379627052,4.119175914945549,0.08581032412965187,0.5535036162348479,50.0,0.18081632653061222,0.21375066753401212,49.0,-0.01567099567099567,0.8776463204638066,99.0,0.1886789594588892,0.011901331706699346,177,0.13926484472573675,0.09028577854284199,149,,,,0.07739055877599371,0.1479219982409426,351.0,0.11758233560872336,0.10996548227467219,186.0
Esophagus - Mucosa,production,PPARG→ADIPOQ,PPARG,ADIPOQ,537,0.055803951615628664,0.19665084131772861,2.6016082379627052,0.2246508536534297,0.09584730522288451,0.5078893725441767,50.0,0.006587685348753852,0.9641680373537593,49.0,0.09312641126439691,0.3592356376829725,99.0,0.11240198956113934,0.13634512674226115,177,0.07522495014530158,0.3618755607842611,149,,,,0.11018214025483254,0.03909515591448028,351.0,-0.07400660837215467,0.3154321927230168,186.0
Esophagus - Mucosa,production,RUNX2→SPP1,RUNX2,SPP1,537,0.309028113646432,2.3972548316754304e-13,1.3032193227811566,2.084622175944362,0.45537708001312976,0.0008908525619121871,50.0,0.33367346938775505,0.01912906068008767,49.0,0.4707031914356897,8.806568732498911e-07,99.0,0.2225628279633151,0.0029064456129912356,177,0.2933964086607646,0.00028183159855894456,149,,,,0.3024894374583454,7.340000262801562e-09,351.0,0.3222690260783563,7.264144388254902e-06,186.0
Esophagus - Mucosa,production,FOXO1→PCK1,FOXO1,PCK1,537,0.22125885091903139,2.2227374417701183e-07,3.6074214767477364,0.776010774998636,0.12278806217373962,0.39560115130124884,50.0,0.2735714285714286,0.05716796156195752,49.0,0.1054184176150888,0.2990486636485951,99.0,0.26714341671652536,0.00032503947295212126,177,0.18491451084531416,0.023966481012337275,149,,,,0.2698709448035992,2.8432080508151205e-07,351.0,0.12992527783732943,0.0771447195926917,186.0
Esophagus - Mucosa,detection,RELA→ICAM1,RELA,ICAM1,537,0.3173055834276841,5.021485969819523e-14,5.978521431402565,3.2160698418510694,0.6222478332605857,1.4061772639382135e-06,50.0,0.4206122448979592,0.0026191477875611006,49.0,0.13770423876609483,0.17407570007703435,99.0,0.41198175231667483,1.2172685086923317e-08,177,0.24142090508474975,0.0030160065062974084,149,,,,0.33392623658285436,1.3720089740862613e-10,351.0,0.27586179566067376,0.00013834485593648859,186.0
Esophagus - Mucosa,detection,RELA→IL6,RELA,IL6,537,0.32449059682065573,1.2422592268547651e-14,5.978521431402565,1.624217250285535,0.4776470588235293,0.0004519619536217162,50.0,0.3837755102040815,0.00648532501014568,49.0,0.25007653132337854,0.012545032427529947,99.0,0.38981467204724607,8.181109453498748e-08,177,0.21265488475394,0.009220345869382609,149,,,,0.31587846380831824,1.4258611671335697e-09,351.0,0.3545113141273616,6.888215779390602e-07,186.0
Esophagus - Mucosa,detection,RELA→CCL2,RELA,CCL2,537,0.21903366539317984,2.955330804579374e-07,5.978521431402565,3.470506315235763,0.3227370948379351,0.022258793874184658,50.0,0.14377917808704213,0.3243267080420311,49.0,0.07504684630227805,0.46035322692241054,99.0,0.3604666449909123,8.289648832521362e-07,177,0.1374957599989202,0.09449150133366734,149,,,,0.26802851929030214,3.447823681081213e-07,351.0,0.12150313094012816,0.09852693513602791,186.0
Esophagus - Mucosa,detection,RELA→NFKBIA,RELA,NFKBIA,537,0.39376290314003926,2.31967025487765e-21,5.978521431402565,7.486120600496147,0.4967587034813925,0.00024307993710281646,50.0,0.16429409685144086,0.2592964536962692,49.0,0.3484262377218672,0.00040902159081482407,99.0,0.48644430101227837,6.677238450798516e-12,177,0.3183111825391553,7.616286704155352e-05,149,,,,0.3889702352377316,3.994074200240256e-14,351.0,0.4094595678265443,6.510679350780245e-09,186.0
Esophagus - Mucosa,detection,NFKB1→TNF,NFKB1,TNF,537,0.35496232178835874,2.170095202880502e-17,4.657768341416087,0.9178291724776256,0.4218487394957983,0.002278692149159849,50.0,0.06928571428571427,0.6361783870058384,49.0,0.2524629094799597,0.011700479815496247,99.0,0.43930171120472444,9.536966435713184e-10,177,0.3096393617689989,0.00012170071120862607,149,,,,0.39035970186888147,3.185422328359512e-14,351.0,0.27621964865359416,0.00013549299029207566,186.0
Esophagus - Mucosa,detection,HIF1A→VEGFA,HIF1A,VEGFA,537,0.03466779966055522,0.42270630765846584,6.329676866531372,6.505478900682105,0.21465616596235115,0.13440137593694493,50.0,0.2907727238885923,0.04267352602521047,49.0,0.0050773507486793325,0.9602198370270337,99.0,0.01105959967518414,0.8838421581866169,177,0.06940172955644025,0.4003276679832142,149,,,,0.06202878196644553,0.24642360812705458,351.0,-0.024304344663860607,0.7419431530595191,186.0
Esophagus - Mucosa,detection,HIF1A→SLC2A1,HIF1A,SLC2A1,537,0.24367740122409792,1.0646954023404334e-08,6.329676866531372,7.324865838890857,0.3127160968113715,0.027029716835350565,50.0,0.2230782968810267,0.12338399510634943,49.0,0.1095564248061021,0.28037304539544466,99.0,0.2938152779940404,7.210524365138184e-05,177,0.3055151960389212,0.00015132767411578545,149,,,,0.28298472613533093,6.911941096631258e-08,351.0,0.1712644331950008,0.01942435157065074,186.0
Esophagus - Mucosa,detection,TP53→CDKN1A,TP53,CDKN1A,537,-0.17470257131698014,4.694497415506033e-05,4.735768049122901,7.33971047712216,-0.10977454443847039,0.44791947777414154,50.0,-0.06245375939918834,0.6698840959362633,49.0,-0.19276236653328313,0.055931166924954125,99.0,-0.14573902599371588,0.052923959293698565,177,-0.20582065335882493,0.011794815641988872,149,,,,-0.20205657642170452,0.0001381761425375192,351.0,-0.11663679697456773,0.11287403964535046,186.0
Esophagus - Mucosa,detection,TP53→MDM2,TP53,MDM2,537,0.32075109930862294,2.582019306687181e-14,4.735768049122901,3.5323193783644635,0.12144057623049219,0.400846196407491,50.0,0.4364619754090335,0.001717244128163789,49.0,0.35154950308964955,0.00035964938847049197,99.0,0.3281858065523665,8.217606877258155e-06,177,0.3178632680956267,7.805675771960299e-05,149,,,,0.3344068960355142,1.2863399222487955e-10,351.0,0.29217001861679,5.199914014299929e-05,186.0
Esophagus - Mucosa,detection,ATF4→DDIT3,ATF4,DDIT3,537,0.555319090899114,9.034601330631943e-45,8.290834689717498,4.8804236661566485,0.3127160971719435,0.027029716649419715,50.0,0.5065186900919427,0.00020439380366599723,49.0,0.33514432814520384,0.0006965893527180614,99.0,0.5592243189425746,5.963800224838873e-16,177,0.6139950226375667,8.319085393913188e-17,149,,,,0.5955131502680501,4.613581869694282e-35,351.0,0.4868498286848679,1.842437921409603e-12,186.0
Esophagus - Mucosa,detection,XBP1→DNAJB1,XBP1,DNAJB1,537,-0.20421947194715667,1.8260241688274116e-06,6.760348304911921,8.57615801741957,0.22093637454981993,0.12310632967456596,50.0,-0.1514834562599106,0.29879492338424524,49.0,-0.13235125867537928,0.1915842355292831,99.0,-0.1901193717187957,0.01125714601977983,177,-0.20383186936281453,0.01265387397799442,149,,,,-0.1547593296187613,0.00365375939043573,351.0,-0.2863827220014696,7.409686316943297e-05,186.0
Esophagus - Mucosa,detection,HSF1→HSPA1A,HSF1,HSPA1A,537,0.5133941811767567,1.914173910914873e-37,6.128268131774675,6.542953919210025,0.1938535414165666,0.17736351561198904,50.0,0.2516326530612245,0.08113414711907507,49.0,0.4902658041534219,2.5914821780815327e-07,99.0,0.49811534306065625,1.7313250042068823e-12,177,0.49144837919169093,1.9641485070540028e-10,149,,,,0.4650006871609274,3.124107369295747e-20,351.0,0.5966798204474257,2.540445163717525e-19,186.0
Esophagus - Mucosa,detection,STAT1→IRF1,STAT1,IRF1,537,0.5961671402403602,5.535323718061123e-53,4.928240938559591,3.768609480928886,0.6049605034277559,3.264991069383406e-06,50.0,0.7111224489795918,1.028564929411818e-08,49.0,0.60952139470179,2.1506552435839964e-11,99.0,0.5995249804576821,1.1811070819474826e-18,177,0.5859322779445452,4.1682469328016e-15,149,,,,0.5816910309002497,3.640177999484589e-33,351.0,0.6162086860520594,7.834216476752489e-21,186.0
Esophagus - Mucosa,detection,NFE2L2→NQO1,NFE2L2,NQO1,537,0.18173517129979402,2.2661153439138465e-05,7.432948974701723,6.3050566540972035,0.01915966386554622,0.8949331404691208,50.0,-0.07663265306122448,0.6007298939664931,49.0,6.493546651494443e-05,0.999491034237636,99.0,0.2838032314346052,0.00012918013041383225,177,0.22435588141729912,0.005946713369832418,149,,,,0.22842512006806515,1.5493936913405683e-05,351.0,0.0849425889699941,0.2490181225835071,186.0
Esophagus - Mucosa,detection,NFE2L2→HMOX1,NFE2L2,HMOX1,537,-0.23865334399777222,2.1610809819010096e-08,7.432948974701723,5.279348289722393,-0.3194314390221807,0.023747348324053105,50.0,-0.33163265306122447,0.019922560823584182,49.0,-0.2287824019256513,0.022741776092714435,99.0,-0.2561879781994397,0.0005777880539553493,177,-0.21743511420142655,0.007727987379377482,149,,,,-0.17498981397672927,0.0009941526047026054,351.0,-0.37035196309048946,1.9600127147353418e-07,186.0
Esophagus - Mucosa,housekeeping,ACTB↔GAPDH,ACTB,GAPDH,537,0.4275089147150816,2.8578694963639635e-25,11.729285357384708,10.606073787980462,0.1984729160951539,0.16706113906380649,50.0,0.24765306122448977,0.08622460261486234,49.0,0.288466355179135,0.003784674420779601,99.0,0.40347296915348135,2.5713218657083192e-08,177,0.5624010288474454,8.399709378157427e-14,149,,,,0.4677450730371292,1.7551592321875725e-20,351.0,0.3443238830487873,1.4922697488129859e-06,186.0
Esophagus - Mucosa,housekeeping,RPL13A↔RPS18,RPL13A,RPS18,537,0.6059207563878711,4.013872984119506e-55,11.60114176979278,11.9708330431464,0.6761909343178956,7.077931189148107e-08,50.0,0.6429591836734693,6.305090057423532e-07,49.0,0.5638818283579781,1.2217534815195397e-09,99.0,0.6149289471324383,8.61548379917406e-20,177,0.6074957577431062,2.1316842680175025e-16,149,,,,0.5951087384464785,5.258353101641738e-35,351.0,0.6323852274720627,3.6337838830556546e-22,186.0
Esophagus - Mucosa,housekeeping,HPRT1↔TBP,HPRT1,TBP,537,0.5669663616746954,5.374176102531249e-47,4.693447963707496,3.8715542312884907,0.4895910871341962,0.0003080477366446223,50.0,0.44094086490377393,0.0015185246988685189,49.0,0.47153772659960536,8.371629905858938e-07,99.0,0.571423779484821,9.909259235954763e-17,177,0.6581122629488524,7.543448331181344e-20,149,,,,0.5869104127758145,7.1686507063726505e-34,351.0,0.5214141882283186,2.337668583817186e-14,186.0
Esophagus - Mucosa,housekeeping,B2M↔PPIA,B2M,PPIA,537,0.4032732313271971,2.034195833174147e-22,9.399769938413879,8.621673177296445,0.30516206482593033,0.031166774794112437,50.0,0.38353019222153856,0.0065224435469180015,49.0,0.45320486458121606,2.4711304058093277e-06,99.0,0.45456365265366827,2.0771293702743257e-10,177,0.3645564270427787,4.858575444411968e-06,149,,,,0.4111927441317197,9.406305935252221e-16,351.0,0.3851153236293222,5.7090138154450054e-08,186.0
Esophagus - Mucosa,hormone,ESR1→PGR,ESR1,PGR,537,0.5195547058147431,1.8562835975066814e-38,0.43278813051333864,0.49899010357466045,0.23466986794717884,0.10092340630840084,50.0,0.22804734935455892,0.11503334719251847,49.0,0.43752628324056886,5.940860449977153e-06,99.0,0.48078366152719537,1.2619277792241153e-11,177,0.6619626209782011,3.869169646024367e-20,149,,,,0.5279771272886107,1.378473534300129e-26,351.0,0.5115118059943163,8.593366434527358e-14,186.0
Esophagus - Mucosa,hormone,AR→KLK3,AR,KLK3,537,-0.0731270568765846,0.09047247526818458,1.2919988160470788,0.29252771739076194,-0.15632515967598243,0.2783162874075179,50.0,0.09750508217385387,0.5050873163095448,49.0,-0.27290206171844034,0.006277251305223846,99.0,0.04982273288510137,0.5101776498884543,177,-0.1436666004635707,0.0804666506653056,149,,,,-0.053930266950836483,0.3136885714966672,351.0,-0.09722348471178396,0.18678741894673284,186.0
Esophagus - Mucosa,hormone,AR→SMAD3,AR,SMAD3,537,0.22219848579368048,1.9690463561745097e-07,1.2919988160470788,5.443688613298441,0.020312124849939977,0.8886520854497548,50.0,0.09377551020408162,0.5215893768850883,49.0,0.2235820877104457,0.02610793215640534,99.0,0.15501002248013673,0.039385959925269796,177,0.3044977489493453,0.00015960588079654787,149,,,,0.2394174203761765,5.7435321943135875e-06,351.0,0.19750550380004936,0.006889740420704028,186.0
Adipose - Visceral (Omentum),production,SMAD3→COL1A1,SMAD3,COL1A1,525,0.19163943457990784,9.797657931448629e-06,5.220973513466971,7.913732307070777,0.3536585365853659,0.023307936933961045,41.0,-0.1328330206378987,0.4138712470194651,40.0,0.2076998241156928,0.05646860187145361,85.0,0.1724004080718605,0.019952662732855217,182,0.18262214728428935,0.0208125245778806,160,,,,0.13929071042752614,0.00822057120268024,359.0,0.29234037445840216,0.00013241899562211002,166.0
Adipose - Visceral (Omentum),production,SMAD3→COL3A1,SMAD3,COL3A1,525,0.15993142203901367,0.000233723916062914,5.220973513466971,8.3217206909543,0.2709059233449478,0.0866756068938115,41.0,-0.07335834896810507,0.6528158761588037,40.0,0.16732460426030876,0.12586127922594742,85.0,0.12541080851900163,0.09162375737563512,182,0.1645454838437364,0.03759632505401055,160,,,,0.11429058283103234,0.03038430055962755,359.0,0.2615135084793792,0.0006657009113306806,166.0
Adipose - Visceral (Omentum),production,SMAD3→FN1,SMAD3,FN1,525,0.31450106023431834,1.619515225194721e-13,5.220973513466971,6.419886539550054,0.6789198606271779,1.064651805563604e-06,41.0,-0.0851782363977486,0.6012643233419839,40.0,0.4911080711354309,1.8225249501508032e-06,85.0,0.2824251176815942,0.00011209057918838172,182,0.25024372343494516,0.0014154728207562818,160,,,,0.2960814891427429,1.0708107479138864e-08,359.0,0.35296663944896994,3.0965579814742136e-06,166.0
Adipose - Visceral (Omentum),production,SMAD3→SERPINE1,SMAD3,SERPINE1,525,0.38693100626914073,3.398685628722854e-20,5.220973513466971,7.387631073679243,0.5149825783972126,0.0005706494809724606,41.0,0.20000000000000004,0.21595789272090804,40.0,0.40115301934727376,0.00014192075897125192,85.0,0.3277455827585285,6.2886559264384836e-06,182,0.4506258427765791,2.241306649311544e-09,160,,,,0.3705903166525346,3.951360744640896e-13,359.0,0.4215239901672976,1.552052393170975e-08,166.0
Adipose - Visceral (Omentum),production,ESR1→COL1A1,ESR1,COL1A1,525,0.48045925643297255,1.1254174158317555e-31,1.4459017844994864,7.913732307070777,0.34407665505226487,0.027610463534644556,41.0,0.31238273921200754,0.049709637832357524,40.0,0.4683333414817546,6.182665469392558e-06,85.0,0.4674065042673369,2.890784779561552e-11,182,0.5308706810936232,5.158537788000677e-13,160,,,,0.5278406994298538,3.823519267411872e-27,359.0,0.39337682150005576,1.5803260465951223e-07,166.0
Adipose - Visceral (Omentum),production,ESR1→ELN,ESR1,ELN,525,0.09750319089447994,0.025477867926680327,1.4459017844994864,6.6896665604909265,-0.02996515679442509,0.8524615477546301,41.0,-0.10975609756097562,0.5001917749348543,40.0,0.09896520388121831,0.36752486926872874,85.0,0.0961348110850407,0.19670853857948456,182,0.11912902592602118,0.1335083454782027,160,,,,0.10660373223420617,0.043532599980742964,359.0,0.09003977165411653,0.24863947362897795,166.0
Adipose - Visceral (Omentum),production,AR→COL1A1,AR,COL1A1,525,-0.06673331100199459,0.1267335816739368,2.482232287951878,7.913732307070777,-0.01236933797909408,0.938817733031394,41.0,0.17448405253283306,0.281557128713594,40.0,-0.051964041430525694,0.636705110169424,85.0,-0.16255667587167455,0.028343150786190176,182,-0.027459669297460597,0.7303334464492831,160,,,,-0.06946376671766198,0.18913338393299217,359.0,-0.029361726129597483,0.7072724320081814,166.0
Adipose - Visceral (Omentum),production,SOX9→ACAN,SOX9,ACAN,525,0.022173643461831993,0.6122156346376446,2.2202035003049034,0.6130480807664849,0.03763066202090593,0.8153072788059138,41.0,0.15403377110694186,0.34262911302895593,40.0,-0.10137825570892789,0.3559010033597412,85.0,0.04547203097357807,0.5421665617676971,182,-0.041760084964578774,0.6000594283485878,160,,,,0.026508853456234324,0.6166474559957982,359.0,-0.021560892107039483,0.7827588130052727,166.0
Adipose - Visceral (Omentum),production,PPARG→FABP4,PPARG,FABP4,525,0.527290129883633,6.611501873738356e-39,6.635198661259243,12.728249115716844,0.5871080139372823,5.46075263140048e-05,41.0,0.6280782407585009,1.4329147878941495e-05,40.0,0.45125514224493796,1.4614720179273302e-05,85.0,0.5578968217239884,2.8030169499919825e-16,182,0.5017406749568063,1.3921852530903623e-11,160,,,,0.5378355500442276,2.6383176550176656e-28,359.0,0.5287519610580337,2.4333403482220163e-13,166.0
Adipose - Visceral (Omentum),production,PPARG→ADIPOQ,PPARG,ADIPOQ,525,0.7415074628776624,1.0686173142416733e-92,6.635198661259243,8.56363589105152,0.6451219512195123,5.2793132230941035e-06,41.0,0.6792063425080728,1.4472870393441347e-06,40.0,0.7720712534202222,5.1365315563993304e-18,85.0,0.7709021021165442,4.212077661693962e-37,182,0.7208095652485093,6.175370893777131e-27,160,,,,0.7347862941343113,3.761866013711966e-62,359.0,0.7502951408179761,2.7590191114125993e-31,166.0
Adipose - Visceral (Omentum),production,RUNX2→SPP1,RUNX2,SPP1,525,0.40870961864026223,1.4783083254161889e-22,1.0746784664335705,4.980288148607526,0.38780487804878055,0.01223563229407818,41.0,0.47898686679174485,0.0017670386560379309,40.0,0.3373575208048902,0.0015921762490656627,85.0,0.40089735684819316,2.0448702571432273e-08,182,0.3808660214260816,6.750832513645851e-07,160,,,,0.41405140277297775,2.6518346204950024e-16,359.0,0.3974451468024139,1.1448989608903713e-07,166.0
Adipose - Visceral (Omentum),production,FOXO1→PCK1,FOXO1,PCK1,525,0.3679956989824285,2.7922535066196463e-18,5.573875489461989,6.05425737449101,0.38170731707317085,0.013794375299630922,41.0,0.5401500938086304,0.000321176387983996,40.0,0.38774672659761583,0.0002459349880489917,85.0,0.3479616632752463,1.4854309534303278e-06,182,0.2872442735070954,0.00023067037293020493,160,,,,0.39077482654380974,1.5173651577303262e-14,359.0,0.3080279083311799,5.407387225561842e-05,166.0
Adipose - Visceral (Omentum),detection,RELA→ICAM1,RELA,ICAM1,525,0.23923583951216906,2.8681826938099153e-08,6.216265192485991,6.1812261249905545,0.5951219512195123,4.06177403449697e-05,41.0,0.4386491557223265,0.00463521644747773,40.0,0.39091455401362596,0.00021642728053571878,85.0,0.22730197530781002,0.002029790900968464,182,0.23163375024537158,0.0032068832212177557,160,,,,0.2802418239750793,6.668216164087719e-08,359.0,0.18607628477059213,0.016381138079227916,166.0
Adipose - Visceral (Omentum),detection,RELA→IL6,RELA,IL6,525,0.047423043503582916,0.278090540753032,6.216265192485991,6.051251656327929,0.5193379790940768,0.0005025163364023282,41.0,0.3647279549718575,0.02067086576379,40.0,0.1347671231554249,0.218804399515089,85.0,0.05342435621943828,0.47381853344449676,182,0.03526021806551607,0.6580181554294927,160,,,,0.07608664853270601,0.1502370299101509,359.0,0.009281771144528592,0.9055239952701775,166.0
Adipose - Visceral (Omentum),detection,RELA→CCL2,RELA,CCL2,525,0.04470931935973008,0.3065496203082527,6.216265192485991,6.598037831896828,0.58205574912892,6.554766150543809e-05,41.0,0.377110694183865,0.016451645965631582,40.0,0.09493844049247604,0.3874320310534666,85.0,0.0334975565574997,0.6534899747423608,182,0.036051265749578336,0.6508453517115456,160,,,,0.09369919397665051,0.07621919877332109,359.0,-0.0367939303788004,0.6379021840506872,166.0
Adipose - Visceral (Omentum),detection,RELA→NFKBIA,RELA,NFKBIA,525,0.24412216240982876,1.4603465645452418e-08,6.216265192485991,8.360424274262927,0.5806620209059234,6.88976083032317e-05,41.0,0.33733583489681057,0.03328049002351431,40.0,0.39670503632817566,0.0001707632876078446,85.0,0.1717636438464496,0.020421574252432094,182,0.22644082693968828,0.003985413286725085,160,,,,0.25719124063058874,7.835541890898738e-07,359.0,0.22963887487896054,0.0029183370835628047,166.0
Adipose - Visceral (Omentum),detection,NFKB1→TNF,NFKB1,TNF,525,0.05690845172391529,0.19295616329957552,4.966223720823016,1.2636893791244144,0.2749128919860628,0.08193682005432756,41.0,0.31765092206247714,0.04578596533690277,40.0,0.17819034590580418,0.10276466539418198,85.0,-0.022689711698305134,0.7611042136535092,182,-0.0936515307550991,0.23883204885997011,160,,,,0.11797424056522621,0.025397097914854977,359.0,-0.06985111825427341,0.3711821876334118,166.0
Adipose - Visceral (Omentum),detection,HIF1A→VEGFA,HIF1A,VEGFA,525,0.45371888409401034,5.076052195694041e-28,6.468174727757772,7.735443918137324,0.06254355400696865,0.6976682100946312,41.0,0.2737335834896811,0.08742091770241284,40.0,0.593009507616842,2.232919196981893e-09,85.0,0.3955150162158402,3.275676561048123e-08,182,0.5018827708704721,1.3710080586916412e-11,160,,,,0.4532717873304347,1.3661719478051807e-19,359.0,0.45951254896931426,4.739565428588113e-10,166.0
Adipose - Visceral (Omentum),detection,HIF1A→SLC2A1,HIF1A,SLC2A1,525,0.4482705918019659,2.578073706899774e-27,6.468174727757772,3.9537458183651877,0.2836360471351981,0.07231974577060526,41.0,0.17898686679174486,0.26912948360253136,40.0,0.4310945431678535,3.809151237454838e-05,85.0,0.44130506833273303,4.501463726656805e-10,182,0.5122579520494285,4.3911786031756084e-12,160,,,,0.4417163366912819,1.4091392297721157e-18,359.0,0.48948881393115706,2.196116545721685e-11,166.0
Adipose - Visceral (Omentum),detection,TP53→CDKN1A,TP53,CDKN1A,525,-0.19002396354161052,1.1672249606025794e-05,4.223691749572754,8.184563594091506,-0.09337979094076657,0.5614408640313842,41.0,-0.5362135284735904,0.000361998166329623,40.0,-0.1784745870384162,0.10220825021561775,85.0,-0.08015224058790955,0.28210878028264663,182,-0.0745769167385661,0.34863449450680395,160,,,,-0.19944412726937596,0.00014235838051631093,359.0,-0.15230628371264068,0.05011919459820306,166.0
Adipose - Visceral (Omentum),detection,TP53→MDM2,TP53,MDM2,525,0.23713103301406155,3.818906366419794e-08,4.223691749572754,3.6625759301866805,0.2557491289198607,0.10654497465738662,41.0,0.038275716539128965,0.8146073430940071,40.0,0.16016376943296298,0.1431272428945674,85.0,0.2706727479481181,0.0002193309252751191,182,0.1748123081883115,0.027040280007088687,160,,,,0.23810210187314212,5.0807560119982735e-06,359.0,0.2408392793588708,0.0017738845457789623,166.0
Adipose - Visceral (Omentum),detection,ATF4→DDIT3,ATF4,DDIT3,525,0.3990239567688756,1.744388137705438e-21,9.042291069939022,6.143777896336147,0.0006968944647056463,0.996549719170263,41.0,0.31726078799249535,0.04606766860851454,40.0,0.3925737736955247,0.00020230876633173847,85.0,0.4382164273814948,6.135991713849212e-10,182,0.28815942903716046,0.00021982296011687443,160,,,,0.38744233304220554,2.6399651322751045e-14,359.0,0.4187871342813239,1.9634672408390406e-08,166.0
Adipose - Visceral (Omentum),detection,XBP1→DNAJB1,XBP1,DNAJB1,525,0.24624487655014693,1.0842511683211036e-08,7.15968113944644,7.306554686228434,0.38954703832752624,0.011818831425138593,41.0,0.18687555722045318,0.24824069084345207,40.0,0.3964041430525698,0.00017289765815023012,85.0,0.24499639204866733,0.0008580452511142396,182,0.1643836017791083,0.03778726218948715,160,,,,0.2606318731983058,5.503825344692495e-07,359.0,0.24172528999033252,0.0017037109163692257,166.0
Adipose - Visceral (Omentum),detection,HSF1→HSPA1A,HSF1,HSPA1A,525,0.5005255302463825,1.22881792194583e-34,6.4636185764131096,7.037498021352858,-0.09756097560975611,0.5439660097473695,41.0,0.2587242026266417,0.10695982132989437,40.0,0.4958764901309361,1.3953776130932113e-06,85.0,0.5452612773121175,1.7392971313790129e-15,182,0.5288396744436071,6.558265537663016e-13,160,,,,0.4433597240209012,1.0166406805645696e-18,359.0,0.5789460912122074,3.075982696285317e-16,166.0
Adipose - Visceral (Omentum),detection,STAT1→IRF1,STAT1,IRF1,525,0.013061036089117949,0.7652717079226345,5.379932888575962,4.876099151883807,-0.10296615716025925,0.5217682572556059,41.0,-0.18180965356086257,0.2615258774208969,40.0,0.0114521345728994,0.9171506619259124,85.0,0.042752864456869204,0.566606851029545,182,0.2145615871358549,0.006439131526733042,160,,,,0.09709098008463822,0.06613032079575486,359.0,-0.13674391881965284,0.07895684223367933,166.0
Adipose - Visceral (Omentum),detection,NFE2L2→NQO1,NFE2L2,NQO1,525,0.07855344901679036,0.07211756650716242,6.443895148322696,5.856325718107677,0.10348432055749131,0.5196640654968914,41.0,-0.24127579737335839,0.13365798704918763,40.0,0.21196013289036547,0.051483160841642055,85.0,0.0912732773979079,0.22041719216080355,182,0.03159065889194029,0.6916922189069324,160,,,,0.08030363203646901,0.1288420910155944,359.0,0.03468603127425582,0.6572921202895761,166.0
Adipose - Visceral (Omentum),detection,NFE2L2→HMOX1,NFE2L2,HMOX1,525,-0.13939848276001351,0.0013645120092161476,6.443895148322696,6.303274862652733,0.35592334494773525,0.022377189680963094,41.0,-0.11388367729831146,0.4841111564515871,40.0,0.04537837296503722,0.6800565496393368,85.0,-0.06646860350541936,0.37265100675037965,182,-0.24341726990207052,0.0019243886424703369,160,,,,-0.14387154347783368,0.006320187955697155,359.0,-0.10592316304293785,0.17438869106477287,166.0
Adipose - Visceral (Omentum),housekeeping,ACTB↔GAPDH,ACTB,GAPDH,525,0.5392932856857879,6.007856523404483e-41,11.707069155375162,9.531019520532517,0.3362369337979094,0.03160244559311307,41.0,0.6450281425891183,7.0218267640357045e-06,40.0,0.52353452740402,2.730176940120349e-07,85.0,0.5858926068087776,3.6833115924558424e-18,182,0.551082128689966,4.325375678188411e-14,160,,,,0.5011885144763154,3.141307556694452e-24,359.0,0.6213804402455433,4.165305826499323e-19,166.0
Adipose - Visceral (Omentum),housekeeping,RPL13A↔RPS18,RPL13A,RPS18,525,0.904682407585455,6.503701968997179e-196,11.47250556400844,11.628196058727447,0.8439024390243904,4.229221373693677e-12,41.0,0.7906191369606005,1.2876324253163306e-09,40.0,0.9035905002575121,2.6745731063247185e-32,85.0,0.923059581951117,1.3222477716171834e-76,182,0.8879267660268899,3.683820957366807e-55,160,,,,0.8925673040899852,1.5341795948120416e-125,359.0,0.9293593108694154,7.106243278815692e-73,166.0
Adipose - Visceral (Omentum),housekeeping,HPRT1↔TBP,HPRT1,TBP,525,0.22374494213249335,2.2160373503691681e-07,4.456566349665324,3.9760156404404414,0.5459297012887857,0.00022252272093407986,41.0,0.05544610188573037,0.7339968197832281,40.0,0.21834615854663927,0.044692301239890195,85.0,0.2601850363563142,0.0003893557816896208,182,0.16642324539076378,0.03544032618609888,160,,,,0.19877399051170966,0.00015004730945989713,359.0,0.27120720616750366,0.00040880607185738723,166.0
Adipose - Visceral (Omentum),housekeeping,B2M↔PPIA,B2M,PPIA,525,0.22096084779907813,3.1519510758681596e-07,10.832758329482306,7.875023436773391,0.2708306113462319,0.0867666660911238,41.0,0.2720577891261617,0.08945426138819365,40.0,0.0868294923230852,0.42942883851083735,85.0,0.29335077093199735,5.8437590400732755e-05,182,0.171339253540154,0.03028504854038373,160,,,,0.2558666713956878,8.964874741772613e-07,359.0,0.15959840021211316,0.039982662165895376,166.0
Adipose - Visceral (Omentum),hormone,ESR1→PGR,ESR1,PGR,525,0.679517805468291,2.305787421036761e-72,1.4459017844994864,1.2030865211146218,0.2616724738675959,0.09840363341798831,41.0,0.42701688555347095,0.005995714673697757,40.0,0.6155620047098369,3.6268509053675177e-10,85.0,0.6830173768609381,2.386415673208949e-26,182,0.7773100657378802,1.2859048340595978e-33,160,,,,0.7045586671320104,3.96294808643735e-55,359.0,0.6252488186251409,2.1685668663136986e-19,166.0
Adipose - Visceral (Omentum),hormone,AR→KLK3,AR,KLK3,525,0.0454146657904692,0.29897388007053877,2.482232287951878,0.27355027027250756,-0.0965744405151844,0.5480655980613991,41.0,0.23892573523436508,0.13760158054053542,40.0,0.09599676049005655,0.3821384934595943,85.0,0.01763325522122294,0.8132270648925488,182,0.014270324582585774,0.8578586112883642,160,,,,0.060411583473513435,0.2535840516628476,359.0,0.06224877199189983,0.42560666273459635,166.0
Adipose - Visceral (Omentum),hormone,AR→SMAD3,AR,SMAD3,525,-0.2473935322210637,9.218217841581248e-09,2.482232287951878,5.220973513466971,-0.057839721254355415,0.7194435877452519,41.0,0.05196998123827393,0.7501211135972171,40.0,-0.1684189955051788,0.1233692384175134,85.0,-0.2333709721006277,0.0015215064418638527,182,-0.3311039900394363,1.8977607716406096e-05,160,,,,-0.23813746429025123,5.0638992751261155e-06,359.0,-0.2805526314931925,0.0002510746729271907,166.0
Esophagus - Muscularis,production,SMAD3→COL1A1,SMAD3,COL1A1,500,0.4930592772451621,5.458432201410006e-32,4.546059643745422,6.905552477836609,0.6383458646616542,1.204768375288475e-07,56.0,0.37906909574784164,0.008597528136062718,47.0,0.5855793371301641,5.672582647391508e-10,94.0,0.3882441660431315,3.6006639471014535e-07,161,0.5237662259860636,9.850561008110835e-11,133,,,,0.44349393311930946,3.850452686813472e-17,326.0,0.5696733028159309,2.339478659892441e-16,174.0
Esophagus - Muscularis,production,SMAD3→COL3A1,SMAD3,COL3A1,500,0.20890550669316443,2.4570428070268377e-06,4.546059643745422,7.806540425300598,0.43506493506493504,0.0008055232819336512,56.0,0.36206996302211475,0.012388483218507575,47.0,0.32944763337880834,0.00118528936912144,94.0,0.13631432710179758,0.08466893910539615,161,0.16767836237920225,0.053707342368747746,133,,,,0.15964685001658122,0.0038526051684452025,326.0,0.29479072225710035,7.859680972817219e-05,174.0
Esophagus - Muscularis,production,SMAD3→FN1,SMAD3,FN1,500,-0.29095262237099767,3.274584185452725e-11,4.546059643745422,9.655776973724365,-0.05543403964456596,0.684899551874888,56.0,0.1562346411361544,0.2943135963205816,47.0,-0.2662413663555183,0.009493196045742676,94.0,-0.31043337483717176,6.130334477510081e-05,161,-0.2631133283352348,0.002214623852707554,133,,,,-0.2763083449120819,4.00476158035222e-07,326.0,-0.33250832318680956,7.3708529061728e-06,174.0
Esophagus - Muscularis,production,SMAD3→SERPINE1,SMAD3,SERPINE1,500,0.20463530941736668,3.964416474150677e-06,4.546059643745422,4.129239745616913,0.034928229665071774,0.7982893366149599,56.0,0.057879672752513156,0.6991691042522425,47.0,0.25371171783659413,0.013608699238701926,94.0,0.14308461960397276,0.07018381926889526,161,0.24098244629814247,0.005202604431351379,133,,,,0.19978740134779369,0.00028335164576760794,326.0,0.2153012061916952,0.004329692192512978,174.0
Esophagus - Muscularis,production,ESR1→COL1A1,ESR1,COL1A1,500,0.5827196860246283,8.396873700310974e-47,0.848747359842062,6.905552477836609,0.5870813397129188,1.976306685199726e-06,56.0,0.5764338575393154,2.2316870422042597e-05,47.0,0.7209964310156811,2.5158840733930524e-16,94.0,0.5219354180115856,1.2465011858842675e-12,161,0.5776262782887795,3.364720717673e-13,133,,,,0.5591923336396826,3.265885630974951e-28,326.0,0.6168734502636252,1.2674974584816297e-19,174.0
Esophagus - Muscularis,production,ESR1→ELN,ESR1,ELN,500,-0.14718906865539555,0.0009633878580407074,0.848747359842062,7.815004655361175,-0.019685577580314424,0.8854967545793547,56.0,-0.09545835625971538,0.5232996390786854,47.0,-0.12172857612540544,0.24249891235272322,94.0,-0.20295922900740312,0.009819268264793983,161,-0.22764822754365788,0.008406767342590478,133,,,,-0.1927286849495246,0.000466476020339232,326.0,-0.05486498168795278,0.47211365540496664,174.0
Esophagus - Muscularis,production,AR→COL1A1,AR,COL1A1,500,0.4086760415539411,1.4997300752051237e-21,1.68956464022398,6.905552477836609,0.36675894617955007,0.005431318729676876,56.0,0.3725716928769658,0.00990769474998432,47.0,0.621084648539058,2.413477550581752e-11,94.0,0.32067155654387003,3.365353344923776e-05,161,0.3812640277543991,5.9637349496434314e-06,133,,,,0.4196531869989691,2.445319380847093e-15,326.0,0.3878814489824468,1.235648826847567e-07,174.0
Esophagus - Muscularis,production,SOX9→ACAN,SOX9,ACAN,500,0.18523663877373364,3.0759063242904486e-05,1.2843488547801971,0.21775860549695789,0.19733424470266575,0.14489957373294093,56.0,0.15691942997508637,0.2921760272057471,47.0,0.1964534062556843,0.05773045419482191,94.0,0.24443273452232317,0.0017787859487111673,161,0.08747393724542128,0.3167316325286832,133,,,,0.16909912674587305,0.0021874388279519478,326.0,0.19457784839530773,0.010088050974049101,174.0
Esophagus - Muscularis,production,PPARG→FABP4,PPARG,FABP4,500,0.6413466999644661,2.7777577612208413e-59,2.2892623882293703,6.508895133972168,0.6462747778537252,7.45813003759235e-08,56.0,0.6769195189639222,1.750105612558301e-07,47.0,0.5927622405409897,3.088765331840304e-10,94.0,0.6153806338485588,3.757714295217036e-18,161,0.6506955788759472,2.3004498535142033e-17,133,,,,0.6359944432740233,2.3609838676055104e-38,326.0,0.6463216630617602,5.892155180885168e-22,174.0
Esophagus - Muscularis,production,PPARG→ADIPOQ,PPARG,ADIPOQ,500,0.2395330668824603,5.8987420754360805e-08,2.2892623882293703,0.7353874092064798,0.4655726767812224,0.0002994509320333974,56.0,0.22075544425304247,0.13592594116273723,47.0,0.1757228412822353,0.09024434939211637,94.0,0.33173030832574935,1.717613535884613e-05,161,0.08421906735341599,0.3351426110596778,133,,,,0.2754467837065057,4.365559473426118e-07,326.0,0.16818624390393963,0.026529966083853555,174.0
Esophagus - Muscularis,production,RUNX2→SPP1,RUNX2,SPP1,500,0.3301408619583972,3.531626707082201e-14,0.6929970344305039,3.9896255090236665,0.22781954887218045,0.09128079003322011,56.0,0.299722479185939,0.04067940041014503,47.0,0.2384929379041289,0.020621331227053827,94.0,0.36126521254984933,2.4988493236610647e-06,161,0.39879566316445386,1.989493999111017e-06,133,,,,0.36974634706946896,5.340495948434741e-12,326.0,0.3077594204380158,3.6106025345840935e-05,174.0
Esophagus - Muscularis,production,FOXO1→PCK1,FOXO1,PCK1,500,0.18218032398676753,4.1705547530194044e-05,5.0478163995742795,0.6228949433043599,0.29636338796447664,0.026565396698592415,56.0,0.1435013876040703,0.33590026976997867,47.0,-0.05598381678286313,0.5919990235070012,94.0,0.3103224428976396,6.169564596718846e-05,161,0.11768921671031175,0.1772919542901519,133,,,,0.24264102991522946,9.399073978848193e-06,326.0,0.04266259515587098,0.5761913160812628,174.0
Esophagus - Muscularis,detection,RELA→ICAM1,RELA,ICAM1,500,0.321329493761029,1.7937856121689605e-13,6.304299444198608,4.151453649997711,0.42952836637047165,0.0009547183396814227,56.0,0.424722479185939,0.002923834939025652,47.0,0.25236426687858976,0.01413230754067166,94.0,0.378068050294058,7.632384333530221e-07,161,0.2803517116935578,0.0010813577595716812,133,,,,0.3233421584144425,2.27304785991426e-09,326.0,0.3166649961502189,2.0712740880089525e-05,174.0
Esophagus - Muscularis,detection,RELA→IL6,RELA,IL6,500,0.13001444782577284,0.0035877148765899878,6.304299444198608,3.039050678610802,0.538961038961039,1.823737978089588e-05,56.0,0.28422756706753005,0.05283864026218593,47.0,0.1874435574179099,0.07043736717110674,94.0,0.20466472470962438,0.009206299616958331,161,-0.09678550614864144,0.267752610852547,133,,,,0.08271951858174133,0.13613010003050935,326.0,0.20884696909827402,0.005682018070798815,174.0
Esophagus - Muscularis,detection,RELA→CCL2,RELA,CCL2,500,0.17809309506751772,6.218258235986612e-05,6.304299444198608,4.779836230754852,0.5121667805878332,5.460008107066043e-05,56.0,0.13193802035152638,0.3766755111661253,47.0,0.20703755748268407,0.04526368028392786,94.0,0.17809172444208796,0.02380741758198234,161,0.08715246516681417,0.31852025994838146,133,,,,0.1376336987417822,0.012870088461156984,326.0,0.2561579412555298,0.0006455794038773639,174.0
Esophagus - Muscularis,detection,RELA→NFKBIA,RELA,NFKBIA,500,0.388739424040058,1.7443741321285603e-19,6.304299444198608,7.79090438079834,0.05584701888843715,0.6826760227885071,56.0,0.5009250693802035,0.000335481668511078,47.0,0.34163451674855216,0.0007518249399398187,94.0,0.4874923887500694,5.440697866345523e-11,161,0.365530679807964,1.51567113975904e-05,133,,,,0.4097127753669038,1.2557775074047483e-14,326.0,0.34810053413007164,2.5174149751169257e-06,174.0
Esophagus - Muscularis,detection,NFKB1→TNF,NFKB1,TNF,500,0.17414917055475657,9.066782784839588e-05,4.563722884654998,0.5312820523828268,0.13978127136021873,0.30418983025366336,56.0,0.07435245143385755,0.6194025742053446,47.0,0.21112178769335252,0.04109215867714824,94.0,0.20479357023213013,0.009161396413035499,161,0.12497401688423472,0.15177451016846977,133,,,,0.12202051570797619,0.02760087963965418,326.0,0.26368387002783783,0.0004387853012732775,174.0
Esophagus - Muscularis,detection,HIF1A→VEGFA,HIF1A,VEGFA,500,0.17322670462142434,9.891281833143608e-05,5.8435202679634095,5.548380961418152,0.40765550239234455,0.001817821400978702,56.0,0.0956290471785384,0.5225536783088135,47.0,0.35671969599382,0.0004169730920678966,94.0,0.16782299823804855,0.033340484587136024,161,0.04454669036927591,0.6106534014897583,133,,,,0.2081985976404313,0.0001529338487643683,326.0,0.09709176871513071,0.20248252708961195,174.0
Esophagus - Muscularis,detection,HIF1A→SLC2A1,HIF1A,SLC2A1,500,0.44459668795764146,1.2192674745144625e-25,5.8435202679634095,4.316193046808243,0.2533237637762394,0.05959201936216292,56.0,0.48993987049028676,0.00047311586517221704,47.0,0.4209617524348741,2.3912187785052527e-05,94.0,0.3803507742785683,6.462869450544584e-07,161,0.6064029891712585,1.0318822814400231e-14,133,,,,0.43687729044503204,1.259441680301457e-16,326.0,0.47620284234484583,3.106046891545349e-11,174.0
Esophagus - Muscularis,detection,TP53→CDKN1A,TP53,CDKN1A,500,0.5163270652776878,2.0353933472400415e-35,3.80302139043808,6.699554130077362,0.5285030758714969,2.8290526708280176e-05,56.0,0.5395467160037003,9.092490939493517e-05,47.0,0.5212641830491299,7.178165730621105e-08,94.0,0.5448613939922875,7.892951946306178e-14,161,0.5111832901699185,3.231809151947678e-10,133,,,,0.5200341758204263,5.534670204861295e-24,326.0,0.5149352968077383,3.612358815721101e-13,174.0
Esophagus - Muscularis,detection,TP53→MDM2,TP53,MDM2,500,0.36595911058199554,2.7253012204696483e-17,3.80302139043808,3.2456835703849793,0.24825700615174304,0.06505465295910963,56.0,0.2556156226675964,0.08288908218371331,47.0,0.357182076966855,0.00040931658274349946,94.0,0.4663500662939659,4.5228065188351193e-10,161,0.3341635199938758,8.459310650791324e-05,133,,,,0.3891605256161411,3.1269256941943784e-13,326.0,0.31928364050150165,1.7530581611008757e-05,174.0
Esophagus - Muscularis,detection,ATF4→DDIT3,ATF4,DDIT3,500,0.12854144316052085,0.003988973495733349,9.31059594631195,5.725870985031128,0.25338345864661654,0.05952993722174809,56.0,0.2599444958371878,0.0776350703938722,47.0,-0.022685648437619794,0.8281845156604501,94.0,0.19487949252159198,0.013238978546248404,161,0.09419932233830301,0.2808083477816953,133,,,,0.15486820875629853,0.00507232458008911,326.0,0.06979046004940909,0.3601494709528896,174.0
Esophagus - Muscularis,detection,XBP1→DNAJB1,XBP1,DNAJB1,500,0.23788237076903165,7.310560175005294e-08,5.793514151573181,6.295771545410156,0.09446343130553657,0.4886190937057704,56.0,0.26515567644279514,0.07166182021341275,47.0,0.29161684650281117,0.004347767307822599,94.0,0.27044323111990337,0.0005210638794909852,161,0.20825007045745947,0.016153848763274647,133,,,,0.21143192621403742,0.00011986027508841049,326.0,0.2984709640347579,6.326421411338068e-05,174.0
Esophagus - Muscularis,detection,HSF1→HSPA1A,HSF1,HSPA1A,500,0.4167627194718365,1.984433957105902e-22,6.795155921936035,6.780775729179382,0.3897262383082107,0.0029873951863256185,56.0,0.4162354371373053,0.0036136896251574586,47.0,0.4244068433815891,2.0164466890825726e-05,94.0,0.4039434684296145,1.0739875449496404e-07,161,0.38696949604135816,4.200975496019284e-06,133,,,,0.3661436829808503,8.859100976628198e-12,326.0,0.5069627000704123,9.464626559554873e-13,174.0
Esophagus - Muscularis,detection,STAT1→IRF1,STAT1,IRF1,500,0.48885720390671134,2.1312253229801456e-31,5.207587250709533,4.063698595046997,0.561116902284631,6.844234120790842e-06,56.0,0.37142609364773577,0.010155681090509782,47.0,0.5628601049782235,3.5307938297179445e-09,94.0,0.5403944697174472,1.3737315507893743e-13,161,0.40151447525271955,1.6685134157005774e-06,133,,,,0.47763939357105234,5.547968787061694e-20,326.0,0.510541071712338,6.161618269494888e-13,174.0
Esophagus - Muscularis,detection,NFE2L2→NQO1,NFE2L2,NQO1,500,0.3008948709889131,6.364344879263055e-12,5.9719932832717895,4.825828283786774,0.19556041630360932,0.1486204686322861,56.0,0.4025208140610546,0.005032218727825542,47.0,0.2444252589159426,0.01758630110192979,94.0,0.25539470855963914,0.0010764502235417904,161,0.40141041745073547,1.6798353941296437e-06,133,,,,0.3230606839140045,2.351045977473978e-09,326.0,0.244390329743782,0.0011543828944321373,174.0
Esophagus - Muscularis,detection,NFE2L2→HMOX1,NFE2L2,HMOX1,500,0.4721249116765114,4.0230421531453746e-29,5.9719932832717895,3.9737993013858794,0.29177347141050614,0.029116501160493403,56.0,0.39916743755781686,0.005445432350264544,47.0,0.3456093516912159,0.000645486825839728,94.0,0.507200388777082,6.6038322081368874e-12,161,0.5901028482530798,7.748039549973643e-14,133,,,,0.4667964956564155,4.798776398409035e-19,326.0,0.4810802191421962,1.8271504959754275e-11,174.0
Esophagus - Muscularis,housekeeping,ACTB↔GAPDH,ACTB,GAPDH,500,0.5328476460807603,5.114064679520286e-38,13.129588758468628,10.408068258285523,0.29948388437359125,0.024940372365827926,56.0,0.358243473885643,0.013415899180549707,47.0,0.39487259145764075,8.198819958079028e-05,94.0,0.5807146390003587,6.7579907337301e-16,161,0.7261917818025511,4.5774268657001125e-23,133,,,,0.5750262112325739,4.357898725219555e-30,326.0,0.4412676410088263,1.0980774936446413e-09,174.0
Esophagus - Muscularis,housekeeping,RPL13A↔RPS18,RPL13A,RPS18,500,0.8125225286826756,8.312250975735045e-119,11.21499557685852,11.119816837310792,0.7959943953519449,2.2647234904006062e-13,56.0,0.7621415356151711,4.870038831233744e-10,47.0,0.8141310002235425,1.9414645564666904e-23,94.0,0.7948538778514882,2.5296452137556314e-36,161,0.8099206541531796,3.795546495743259e-32,133,,,,0.8141275574039073,1.7864167320606975e-78,326.0,0.8041145406015577,1.0660443484708115e-40,174.0
Esophagus - Muscularis,housekeeping,HPRT1↔TBP,HPRT1,TBP,500,0.38130847805676427,9.469186040648003e-19,4.15620039510727,4.169689215660095,0.2794012100473229,0.03703118481808343,56.0,0.3177113449751359,0.029540418608457766,47.0,0.3779026081930496,0.00017325210218955043,94.0,0.3718867158232137,1.1899410527511095e-06,161,0.47855290106026627,5.672201265824719e-09,133,,,,0.4570231330474144,3.1450365166591435e-18,326.0,0.21733083816303422,0.00396868546697615,174.0
Esophagus - Muscularis,housekeeping,B2M↔PPIA,B2M,PPIA,500,0.32190490663799326,1.615765783394347e-13,9.661730587005616,7.730377102851867,0.3394511092587169,0.010484842162384815,56.0,0.5394466771066896,9.125183605038945e-05,47.0,0.35118557371364173,0.0005194005417428147,94.0,0.21290851319146498,0.006695558472523627,161,0.3906438296947578,3.3406878571481227e-06,133,,,,0.3166829501628014,5.003135322454247e-09,326.0,0.3277843238600728,1.0091259102560598e-05,174.0
Esophagus - Muscularis,hormone,ESR1→PGR,ESR1,PGR,500,0.22775887701510056,2.634079078614106e-07,0.848747359842062,2.309767158150673,0.30813397129186604,0.020866888650530123,56.0,0.14153561517113786,0.34263094362287605,47.0,0.23761961355359873,0.02110403730553184,94.0,0.24298562870727908,0.0018976398975779664,161,0.18302780664798443,0.03497030538137126,133,,,,0.20365674245987508,0.0002140217348583809,326.0,0.2802320118227392,0.00018025500726345534,174.0
Esophagus - Muscularis,hormone,AR→KLK3,AR,KLK3,500,-0.024321431305910763,0.5874308410299556,1.68956464022398,0.32949053585529325,-0.0893333882973119,0.5126332046412744,56.0,-0.026688488463461908,0.8586665757380673,47.0,0.08787243861668395,0.3996835399141977,94.0,0.0056867564109109705,0.9429240671976931,161,-0.11382811598482047,0.19203486792906624,133,,,,-0.02016185592820214,0.7168511438964045,326.0,-0.011628524652737237,0.8789579612481014,174.0
Esophagus - Muscularis,hormone,AR→SMAD3,AR,SMAD3,500,0.3194610882132484,2.514743805519882e-13,1.68956464022398,4.546059643745422,0.43282408856749816,0.0008631701054065037,56.0,0.36149176122872273,0.01253927279324673,47.0,0.4286447082394604,1.630814531140733e-05,94.0,0.2568157833442125,0.0010069751335881488,161,0.2321099057213207,0.007180119378704895,133,,,,0.30474332559619705,1.9625295149111786e-08,326.0,0.34114910794037395,4.093334338488909e-06,174.0
Cells - Cultured fibroblasts,production,SMAD3→COL1A1,SMAD3,COL1A1,480,-0.18861082410108626,3.1983030912383014e-05,5.835785349210103,11.766221321622531,-0.35206258890469416,0.032601397285101835,37.0,-0.0551859375259063,0.7528623241963518,35.0,-0.19985565220672868,0.0650485129457704,86.0,-0.20428727989658652,0.008903481953057171,163,-0.15504142472363958,0.06078106827321078,147,,,,-0.14674746831076546,0.009211222441132547,314.0,-0.2729016733109578,0.000374701482029409,166.0
Cells - Cultured fibroblasts,production,SMAD3→COL3A1,SMAD3,COL3A1,480,0.4801318237176852,4.763721398622763e-29,5.835785349210103,10.79170884291331,0.3946416935389639,0.01564304663881745,37.0,0.5120806791743996,0.0016628146206541434,35.0,0.4994056267335887,9.83989272385099e-07,86.0,0.45013761471164865,1.6537646239666222e-09,163,0.4871390441505649,3.9290348978779327e-10,147,,,,0.5100590295113534,3.3769474056192226e-22,314.0,0.426200284515625,1.0334901486734196e-08,166.0
Cells - Cultured fibroblasts,production,SMAD3→FN1,SMAD3,FN1,480,-0.0614327630009428,0.17905041084258053,5.835785349210103,14.292218834161758,-0.25438596491228066,0.12866704413305116,37.0,-0.052524686731509805,0.7644350861005498,35.0,-0.02746381870671925,0.8018068109016541,86.0,-0.014791651224346508,0.851343838145303,163,-0.043134388128344865,0.6039325581790922,147,,,,-0.009533329101898143,0.8663778636907971,314.0,-0.1521298985962784,0.05038865053477546,166.0
Cells - Cultured fibroblasts,production,SMAD3→SERPINE1,SMAD3,SERPINE1,480,-0.7152447153854413,2.1349054899278167e-76,5.835785349210103,11.158836393555005,-0.7884535607472661,6.856484079634996e-09,37.0,-0.5517193094277789,0.00059120490695541,35.0,-0.6401181193435027,3.2264368287217486e-11,86.0,-0.6977645724674645,4.210344174784733e-25,163,-0.7812461040373293,1.778824148921785e-31,147,,,,-0.7013745398443053,8.545206094363874e-48,314.0,-0.7423540746691916,2.5016925709548097e-30,166.0
Cells - Cultured fibroblasts,production,ESR1→COL1A1,ESR1,COL1A1,480,-0.1617368222441081,0.0003741337512121303,0.46984595494965714,11.766221321622531,-0.16525398642034114,0.3283505212434368,37.0,-0.1123249299719888,0.5205956036912529,35.0,-0.05770137932335793,0.5977003316423088,86.0,-0.17565461238661442,0.02490864125748284,163,-0.22405009491967245,0.00637111189457541,147,,,,-0.17630727246423256,0.0017108428921066403,314.0,-0.13952057674034796,0.07300607213490047,166.0
Cells - Cultured fibroblasts,production,ESR1→ELN,ESR1,ELN,480,0.18173113909519112,6.213760930504554e-05,0.46984595494965714,3.56025971788913,0.16169758786036248,0.33901092015509515,37.0,0.12661064425770308,0.46859921463690823,35.0,0.3410365632216972,0.0013123130747075783,86.0,0.21945153741602155,0.004883782982664982,163,0.037637267411621156,0.6508422481184808,147,,,,0.1457114475646885,0.00972295904542673,314.0,0.2393758276180791,0.0018955778882199627,166.0
Cells - Cultured fibroblasts,production,AR→COL1A1,AR,COL1A1,480,-0.11251121867544665,0.013647649505458907,3.9173983144263427,11.766221321622531,-0.11119013750592696,0.5123610706777475,37.0,0.032492997198879554,0.8529948447188369,35.0,-0.11661422492335563,0.28495060193797994,86.0,-0.11315149953579959,0.15039807757214457,163,-0.18463563999624927,0.02517140934972525,147,,,,-0.12425091471696495,0.02770145817667239,314.0,-0.09530899112253925,0.22190654121248715,166.0
Cells - Cultured fibroblasts,production,SOX9→ACAN,SOX9,ACAN,480,-0.20304362665614598,7.337610903683544e-06,0.8651495217345655,0.48638879927651335,-0.138217164532954,0.4146074780146203,37.0,-0.14286714790970667,0.4129405287185349,35.0,-0.2473795933770461,0.021655869791990214,86.0,-0.19811395295704418,0.011242722667244638,163,-0.21219038803921492,0.009875464004939287,147,,,,-0.25281607145667384,5.734628886136293e-06,314.0,-0.1273218700090007,0.1021136725387075,166.0
Cells - Cultured fibroblasts,production,PPARG→FABP4,PPARG,FABP4,480,0.20409642290539337,6.562653493776041e-06,4.357438662399848,1.3465293292732288,0.26979611190137504,0.10633558167604412,37.0,0.26262343365754903,0.12746597995455905,35.0,0.23665962224276849,0.028246757688781498,86.0,0.17416430092509846,0.026182758676439932,163,0.1738793297232193,0.03518267522575035,147,,,,0.25359602743607124,5.354071462466156e-06,314.0,0.11279341037170806,0.1479300618798668,166.0
Cells - Cultured fibroblasts,production,PPARG→ADIPOQ,PPARG,ADIPOQ,480,-0.08867859686946658,0.05218411927519411,4.357438662399848,0.16565628587268294,-0.141299195212039,0.4041757539065486,37.0,-0.07373662505625124,0.6737821874695578,35.0,-0.24255428620640634,0.02443903097068558,86.0,-0.0374138562288273,0.6353871544665637,163,-0.05877193006694676,0.47950420915548353,147,,,,-0.0913510268290172,0.10616605451924689,314.0,-0.0852916896402093,0.274571604657793,166.0
Cells - Cultured fibroblasts,production,RUNX2→SPP1,RUNX2,SPP1,480,-0.20840723412711626,4.1300882221434445e-06,4.322631374498209,0.667650247454488,-0.1607396870554765,0.3419181444652847,37.0,-0.2459383753501401,0.15440854504632556,35.0,-0.24580636639809797,0.022531907574457284,86.0,-0.19614717706421986,0.012093895462188545,163,-0.17268678030769713,0.03647591346711244,147,,,,-0.14959799068508162,0.007924519567823377,314.0,-0.2970441320784647,0.00010177711421714872,166.0
Cells - Cultured fibroblasts,detection,RELA→ICAM1,RELA,ICAM1,480,0.5344202975215484,8.378237786273594e-37,5.968493276834488,4.548470427344243,0.7536747273589378,7.27118317791457e-08,37.0,0.6372549019607843,3.8440531806656375e-05,35.0,0.662232474333866,3.821703568968775e-12,86.0,0.5267716180888049,5.088132867188997e-13,163,0.41957636427364353,1.2241761773166086e-07,147,,,,0.5442427975262697,1.3108673745313372e-25,314.0,0.5124781515113862,1.6871011197459679e-12,166.0
Cells - Cultured fibroblasts,detection,RELA→IL6,RELA,IL6,480,0.175021986350923,0.00011604588922265663,5.968493276834488,3.408675474052628,0.4075391180654338,0.01229252265209674,37.0,0.2669467787114846,0.1210918368741584,35.0,0.3072692108118308,0.00400501429265766,86.0,0.14698751111876468,0.061157978071566886,163,0.06228625344640407,0.4535788355853867,147,,,,0.17364815234768005,0.002013211957849787,314.0,0.16842077647810902,0.030077230917216726,166.0
Cells - Cultured fibroblasts,detection,RELA→CCL2,RELA,CCL2,480,0.20032026563538455,9.767513349766133e-06,5.968493276834488,6.172698117792606,0.41939307728781405,0.009770048142416898,37.0,0.14061624649859944,0.4204160897851881,35.0,0.41965582959393566,5.767725065142503e-05,86.0,0.22797819779949335,0.0034238726063080057,163,0.025087198841704565,0.7629440631724118,147,,,,0.24377104070468053,1.2511167360493617e-05,314.0,0.13857518480651343,0.07498995928344492,166.0
Cells - Cultured fibroblasts,detection,RELA→NFKBIA,RELA,NFKBIA,480,0.3910310159780556,5.50372407090515e-19,5.968493276834488,6.571383129556974,0.5270270270270271,0.0008041257127533285,37.0,0.38739495798319334,0.02149194950267496,35.0,0.5105240813245908,5.119712171219968e-07,86.0,0.3791690479909818,5.997114258213818e-07,163,0.27236519492147104,0.0008457004247807388,147,,,,0.3313378384919656,1.7574938053386072e-09,314.0,0.48023026108674205,5.855663190407425e-11,166.0
Cells - Cultured fibroblasts,detection,NFKB1→TNF,NFKB1,TNF,480,0.117130935440659,0.010217930066665064,5.078859178721904,0.1905299619073048,-0.03840910444776939,0.8214365276661661,37.0,0.04471663891355327,0.7986713146897162,35.0,0.1266970748271953,0.2450572872193792,86.0,0.08903504362850986,0.2583829271369527,163,0.1717717481328107,0.03749517805047856,147,,,,0.1562881812369407,0.005512302947466167,314.0,0.07993611310822334,0.30594782981523794,166.0
Cells - Cultured fibroblasts,detection,HIF1A→VEGFA,HIF1A,VEGFA,480,0.09504084905045022,0.037385840537384876,8.895173728466034,6.802717757225037,-0.22380275011853956,0.18299905462676297,37.0,-0.07620114936783337,0.6635091870318737,35.0,-0.11793064734622152,0.27951059518521276,86.0,0.25263176125051956,0.0011399103512073354,163,0.2095537990323708,0.01085402516551658,147,,,,0.12363922527479411,0.028483183687071447,314.0,0.06787171246826006,0.3849234182172606,166.0
Cells - Cultured fibroblasts,detection,HIF1A→SLC2A1,HIF1A,SLC2A1,480,0.49462117103219144,5.525732124517973e-31,8.895173728466034,6.096404740711053,0.24087245139876717,0.15096668214011366,37.0,0.5235660773396896,0.001248194538588216,35.0,0.34291401912744907,0.0012287779095920086,86.0,0.6050915922744518,1.1809405487163482e-17,163,0.5398965609744537,1.7039089943653345e-12,147,,,,0.501975320533539,1.9069963619552444e-21,314.0,0.4910359591344419,1.8587884944341286e-11,166.0
Cells - Cultured fibroblasts,detection,TP53→CDKN1A,TP53,CDKN1A,480,-0.10633573865811272,0.01979371973500335,5.031722834209601,8.769372540712357,-0.27240398293029866,0.10286700542606506,37.0,-0.088515406162465,0.6131090216864258,35.0,-0.2136421529317421,0.04825546814560172,86.0,-0.06358965335455599,0.4199967133220326,163,0.009654471544715446,0.9076068345310195,147,,,,-0.08852617175064814,0.11746418366506149,314.0,-0.1407012237114464,0.07058848539185103,166.0
Cells - Cultured fibroblasts,detection,TP53→MDM2,TP53,MDM2,480,-0.02741033321559026,0.5491214557755637,5.031722834209601,5.2804959386587145,-0.182076813655761,0.2807820674022835,37.0,-0.1338935574229692,0.44318875834959814,35.0,-0.18992405302136894,0.07986156883935937,86.0,0.026400742629128796,0.7379823406550863,163,0.08953478707649529,0.28083207869195886,147,,,,-0.007047091174379306,0.9010157602474054,314.0,-0.0652284839923379,0.4037461630510313,166.0
Cells - Cultured fibroblasts,detection,ATF4→DDIT3,ATF4,DDIT3,480,0.6231601226819009,5.544211401296982e-53,9.204194231828053,6.097551979621252,0.5894137880071277,0.0001238029867964143,37.0,0.6652661064425771,1.2999851926004485e-05,35.0,0.623815386654361,1.3971153685210652e-10,86.0,0.5564348863426284,1.2396436264832569e-14,163,0.6990917917467898,7.081468416363162e-23,147,,,,0.6045925454618476,1.1132290614926018e-32,314.0,0.6463506455012028,5.2194095823630344e-21,166.0
Cells - Cultured fibroblasts,detection,XBP1→DNAJB1,XBP1,DNAJB1,480,-0.0390856509296614,0.3928736785029723,7.1773802975813545,6.193185324470202,0.18444760550023706,0.2744584404405908,37.0,-0.025491981293692758,0.884427491300934,35.0,-0.1424986319980376,0.1905915627383821,86.0,-0.10433406742208594,0.18503280513207487,163,0.0678156598819709,0.41441885838683346,147,,,,-0.044705407412581645,0.42986819669861664,314.0,-0.021273679233216932,0.7855821573286637,166.0
Cells - Cultured fibroblasts,detection,HSF1→HSPA1A,HSF1,HSPA1A,480,0.30884377365890475,4.56005169004369e-12,6.453003012140592,4.29256337483724,0.5611996927646306,0.00030212713929806605,37.0,0.23865546218487396,0.1673793601182567,35.0,0.340440586820133,0.0013398867389108834,86.0,0.309517277880371,5.8094574402576694e-05,163,0.18325490988832893,0.02630158102996316,147,,,,0.31275231142958126,1.4912975080949904e-08,314.0,0.30255565364445747,7.433544902933898e-05,166.0
Cells - Cultured fibroblasts,detection,STAT1→IRF1,STAT1,IRF1,480,0.37785877746541646,9.745128379980884e-18,7.786347061395645,3.41862087075909,0.32740635372214316,0.047919770621143117,37.0,0.4378457885938657,0.008524757388580918,35.0,0.4226222486578701,5.045085712525213e-05,86.0,0.3438917976789384,6.970698408518983e-06,163,0.3548560148855489,1.0334193751880831e-05,147,,,,0.38069004559202085,2.876047409462862e-12,314.0,0.3821169458246385,3.771310594756164e-07,166.0
Cells - Cultured fibroblasts,detection,NFE2L2→NQO1,NFE2L2,NQO1,480,-0.22225152529788048,8.732761111256327e-07,6.598319938778877,8.089096607764562,0.017543859649122806,0.917915191378406,37.0,-0.07366946778711485,0.6740629466571232,35.0,-0.3502478925633464,0.0009466705883391578,86.0,-0.21070355055496723,0.006938993051348581,163,-0.23462254082490386,0.0042310468673245494,147,,,,-0.280527203064552,4.3503547375793535e-07,314.0,-0.12461730176428151,0.10966706283482845,166.0
Cells - Cultured fibroblasts,detection,NFE2L2→HMOX1,NFE2L2,HMOX1,480,0.14491993440933135,0.001454658389779028,6.598319938778877,7.549330366651217,0.21834992887624466,0.19417867310096062,37.0,0.19411764705882356,0.2638328334790673,35.0,0.276676038266317,0.009914608754242448,86.0,0.0667686394804461,0.3970898361996973,163,0.0633743487838167,0.44571352753237703,147,,,,0.0725389635339294,0.19985782768921273,314.0,0.2684810611436042,0.0004697550287585154,166.0
Cells - Cultured fibroblasts,housekeeping,ACTB↔GAPDH,ACTB,GAPDH,480,0.24948829872174058,3.0316291445979564e-08,12.669291923443476,11.949199390411376,0.07705530213287068,0.6503350109116492,37.0,-0.0011204481792717086,0.9949032141897617,35.0,0.17980178216994316,0.09761172640297343,86.0,0.302947509012957,8.466847457339516e-05,163,0.3051426628509903,0.00017120187863342757,147,,,,0.2247317094064352,5.8722569965940985e-05,314.0,0.3006260227388895,8.303890387242058e-05,166.0
Cells - Cultured fibroblasts,housekeeping,RPL13A↔RPS18,RPL13A,RPS18,480,0.8511524244445198,6.848747084835825e-136,11.95802137653033,12.61820808649063,0.8719772403982929,2.1157116110643107e-12,37.0,0.9338935574229693,2.675805693212216e-16,35.0,0.7883879671954389,2.064584050777712e-19,86.0,0.8031299856394735,4.822192965961441e-38,163,0.9003898797509047,2.8740020639151716e-54,147,,,,0.8540463898095375,1.468419125943486e-90,314.0,0.8434182350044692,4.137071710488173e-46,166.0
Cells - Cultured fibroblasts,housekeeping,HPRT1↔TBP,HPRT1,TBP,480,0.2146245164049598,2.081594462985801e-06,5.990122369925181,4.47054747492075,-0.10621777032469559,0.5315144848234642,37.0,0.05882352941176472,0.7371295774938528,35.0,-0.006896714392087528,0.9497487129785456,86.0,0.2528067003433364,0.001130601380042211,163,0.42538839404282397,7.835014059957477e-08,147,,,,0.21610158199974913,0.00011349747202692546,314.0,0.2074999967270801,0.007307203963980759,166.0
Cells - Cultured fibroblasts,housekeeping,B2M↔PPIA,B2M,PPIA,480,-0.7005460627375043,4.668019723144483e-72,10.1571948270003,9.054747678836186,-0.7217545939537642,4.62569132896226e-07,37.0,-0.6196512376005318,7.204289372708944e-05,35.0,-0.6636680127097397,3.3068984053967467e-12,86.0,-0.6676531469022167,2.1761141618182593e-22,163,-0.7338550639223864,3.9985101464714185e-26,147,,,,-0.6748005705300152,4.54264605425743e-43,314.0,-0.7462859833804374,8.483978723629331e-31,166.0
Cells - Cultured fibroblasts,hormone,ESR1→PGR,ESR1,PGR,480,0.137847096459032,0.0024726749500263105,0.46984595494965714,0.17133823801220086,0.22156363028666973,0.18753324447881142,37.0,0.5436974789915967,0.0007363955780080858,35.0,0.23009684465015973,0.0330650498665422,86.0,-0.049086750082783404,0.5337775361208801,163,0.16639355642433548,0.04398259318081622,147,,,,0.12205473080351953,0.03059659357207531,314.0,0.16318413964129075,0.035667686030431064,166.0
Cells - Cultured fibroblasts,hormone,AR→KLK3,AR,KLK3,480,-0.04050580225420675,0.37589386586289364,3.9173983144263427,0.23975144698439788,0.11245767852210312,0.5075342321290471,37.0,-0.19661012980544096,0.257630077052693,35.0,0.07393894211821271,0.4986757089473929,86.0,-0.0557720674059559,0.4794913722556443,163,-0.06875058230628973,0.4079989523799471,147,,,,-0.09700737117703026,0.08613110358992966,314.0,0.06379439330837808,0.4141829904404175,166.0
Cells - Cultured fibroblasts,hormone,AR→SMAD3,AR,SMAD3,480,0.5667869727620726,3.852359626908948e-42,3.9173983144263427,5.835785349210103,0.5756282598387861,0.00019340012282670395,37.0,0.5060578484291864,0.001925094418903681,35.0,0.632424604436687,6.512721649133111e-11,86.0,0.5667550619595701,3.116248397816814e-15,163,0.5493763612288035,5.780153937767645e-13,147,,,,0.5521114998434979,1.887425901931282e-26,314.0,0.5932738199475402,3.685514952747763e-17,166.0
Breast - Mammary Tissue,production,SMAD3→COL1A1,SMAD3,COL1A1,438,0.30902294079949244,3.807125520973055e-11,5.078979703389346,7.601187187242726,0.30053475935828877,0.08416119711853554,34.0,0.20956551244969454,0.16217215304617302,46.0,0.3809112436189733,0.0008853927949291938,73.0,0.3494617371837078,3.0456461724219782e-05,136,0.2601033181255132,0.0024043673813067376,134,,,,0.2665576293218467,6.351331223645358e-06,279.0,0.39664510928595537,2.2674797782762256e-07,159.0
Breast - Mammary Tissue,production,SMAD3→COL3A1,SMAD3,COL3A1,438,0.25276897963065864,8.218380698311328e-08,5.078979703389346,7.875459280188225,0.19327731092436973,0.2734274188389966,34.0,0.39242653199452804,0.0069868962987943905,46.0,0.29976783111954847,0.00997894068213262,73.0,0.25683412050951765,0.0025417361214103004,136,0.20072320103741945,0.02004576119091823,134,,,,0.2469700362461557,3.0261257896109067e-05,279.0,0.2645683983476314,0.0007516448975142337,159.0
Breast - Mammary Tissue,production,SMAD3→FN1,SMAD3,FN1,438,0.41491176047511313,1.1819678157935264e-19,5.078979703389346,6.540584223999825,0.35462184873949576,0.039603866954255044,34.0,0.37047087501039283,0.011264007378950936,46.0,0.3946130231553616,0.0005508741254730218,73.0,0.465844820966024,1.096727504611791e-08,136,0.38885716209993554,3.4296111954671876e-06,134,,,,0.3812995166393671,4.3675585702750847e-11,279.0,0.49273865269931616,4.177931321880466e-11,159.0
Breast - Mammary Tissue,production,SMAD3→SERPINE1,SMAD3,SERPINE1,438,0.3021015060271966,1.0757584210401147e-10,5.078979703389346,5.359319652324398,-0.03284950343773873,0.8536770092315364,34.0,0.2390452990744603,0.10960789667695264,46.0,0.17070969633434147,0.1487408963983265,73.0,0.41738466676208197,4.298231789485115e-07,136,0.3551744475301051,2.5417356784621538e-05,134,,,,0.3097460019958249,1.2848304144517165e-07,279.0,0.29374297489729245,0.0001712896471268113,159.0
Breast - Mammary Tissue,production,ESR1→COL1A1,ESR1,COL1A1,438,0.375217706388807,4.3216201434130315e-16,3.0690031216296974,7.601187187242726,0.39740259740259737,0.019947652653270365,34.0,0.5014492753623189,0.0003851788325220972,46.0,0.48065531284709373,1.6778885637674767e-05,73.0,0.3467026702097716,3.551240875089791e-05,136,0.27693715733568336,0.0011980467906054194,134,,,,0.44150614626578794,9.711719793846312e-15,279.0,0.20739568678238543,0.00871310802248627,159.0
Breast - Mammary Tissue,production,ESR1→ELN,ESR1,ELN,438,-0.04625033199087596,0.3341950465786392,3.0690031216296974,6.735150352460608,-0.00748663101604278,0.9664812814299149,34.0,-0.22109158186864014,0.1397853105686775,46.0,0.09240404788349996,0.4368405110945759,73.0,-0.12083183252701836,0.161135634374825,136,-0.09047777582436675,0.29848960466363705,134,,,,-0.00266911300824516,0.9645991934543641,279.0,-0.16869066908889885,0.03353806069781179,159.0
Breast - Mammary Tissue,production,AR→COL1A1,AR,COL1A1,438,0.211042311072041,8.411425112133085e-06,3.599506342111657,7.601187187242726,0.10588235294117647,0.5511879453066593,34.0,-0.013506012950971322,0.9290141316035928,46.0,0.3775145008021721,0.0009928111268672098,73.0,0.25135639614299243,0.0031594820801218223,136,0.20924502611011633,0.015248729988958539,134,,,,0.20186689030436905,0.0006946369359774478,279.0,0.22204019303883915,0.0049092254260050825,159.0
Breast - Mammary Tissue,production,SOX9→ACAN,SOX9,ACAN,438,-0.050959077067305,0.28726604311407167,3.964648827570214,0.2931635717145852,-0.16699770817417878,0.3451774650280257,34.0,-0.17718162195497997,0.2388042693421171,46.0,-0.19613106256941876,0.09630917152993518,73.0,-0.03413482181193645,0.6931988939529488,136,0.05840500956393958,0.5026503861852534,134,,,,0.09628255407087334,0.10854975413492897,279.0,-0.10124492476713638,0.2041407394109943,159.0
Breast - Mammary Tissue,production,SOX9→COL2A1,SOX9,COL2A1,438,0.7624277020177418,1.88272803728898e-84,3.964648827570214,0.45479888658434764,0.754809300143133,2.5043146572665603e-07,34.0,0.8052770433916071,1.5064737289554013e-11,46.0,0.7289375050613514,2.643135557925904e-13,73.0,0.7968633259091105,4.061657231572542e-31,136,0.7141583936490088,3.4325541849865732e-22,134,,,,0.7043713968158822,3.9899738103235735e-43,279.0,0.5198782829924379,2.1796196751434825e-12,159.0
Breast - Mammary Tissue,production,PPARG→FABP4,PPARG,FABP4,438,0.8594289808882614,4.10603272399326e-129,5.982247155550953,11.719912291661789,0.9025210084033612,3.016470765670263e-13,34.0,0.8273203823620106,1.3647291215854403e-12,46.0,0.8704713568640778,1.5010457548845e-23,73.0,0.8727027249454288,1.4928279545882575e-43,136,0.8519094401550784,6.713217804753322e-39,134,,,,0.8204342940190243,3.233634129180393e-69,279.0,0.86353872632363,1.5342492614400772e-48,159.0
Breast - Mammary Tissue,production,PPARG→ADIPOQ,PPARG,ADIPOQ,438,0.8488591507188028,8.77016749494903e-123,5.982247155550953,7.285685416702266,0.7833460656990069,4.328465019439307e-08,34.0,0.8481652790625962,1.0095234467647643e-13,46.0,0.8730630095826907,7.671671516208695e-24,73.0,0.844217461517727,4.1496911734324263e-38,136,0.8070150500629685,5.44821442592834e-32,134,,,,0.8445213876583813,4.210672975527028e-77,279.0,0.8557375678823956,8.750747664471197e-47,159.0
Breast - Mammary Tissue,production,RUNX2→SPP1,RUNX2,SPP1,438,0.15575638417373927,0.0010739339913639486,1.7372191162890496,4.836771805332676,0.3964858670741024,0.02026128058676251,34.0,-0.16879432624113475,0.2621252573021489,46.0,0.235344933975071,0.04503465797567233,73.0,0.1541338676589857,0.07319301506173635,136,0.15952896933412536,0.06559367630270814,134,,,,0.12706855367423314,0.03387626133134888,279.0,0.14336136159744686,0.07142298703282787,159.0
Breast - Mammary Tissue,production,FOXO1→PCK1,FOXO1,PCK1,438,0.4661751493767384,5.144577254059156e-25,5.620311578114827,4.53381941482833,0.3179526355996944,0.06687677337342561,34.0,0.4835795123949543,0.0006626882572136577,46.0,0.35665802789090467,0.00195335929527795,73.0,0.5241944236720382,5.77442459681852e-11,136,0.5240191225283235,8.157864191241657e-11,134,,,,0.48454071225044526,7.842803757429941e-18,279.0,0.4505421920097624,2.537491054066028e-09,159.0
Breast - Mammary Tissue,detection,RELA→ICAM1,RELA,ICAM1,438,0.5693708025614659,5.336301958735922e-39,6.372429500431775,5.227005494784002,0.3714285714285714,0.030555478597247575,34.0,0.5379586802343509,0.00011533963304003013,46.0,0.48242136284530285,1.5459232657682767e-05,73.0,0.5801587718084624,1.3415152646987565e-13,136,0.5916237939389236,5.1810187237048404e-14,134,,,,0.616912555651003,1.1951800116936804e-30,279.0,0.5502933936789373,5.742015617475112e-14,159.0
Breast - Mammary Tissue,detection,RELA→IL6,RELA,IL6,438,0.36824055456084587,1.63457791296844e-15,6.372429500431775,3.963877465490881,0.03498854087089381,0.8442615934582035,34.0,0.39796484736355225,0.006162751239552721,46.0,0.3484874196301929,0.0025160047677457087,73.0,0.3908054887978592,2.55212610340072e-06,136,0.3380732332027895,6.466643033781038e-05,134,,,,0.39945650747487893,4.118875259219355e-12,279.0,0.3706642146289328,1.5133698042731443e-06,159.0
Breast - Mammary Tissue,detection,RELA→CCL2,RELA,CCL2,438,0.4809309848067565,9.824112039770608e-27,6.372429500431775,4.644112653928261,0.2553093964858671,0.14503634057896722,34.0,0.5119333950046253,0.00027624229133952754,46.0,0.428027089201387,0.0001584416680530893,73.0,0.46336989346831486,1.3415615492374524e-08,136,0.49444565671773705,1.26350036304585e-09,134,,,,0.5061060009052577,1.489099754797604e-19,279.0,0.44680625568165705,3.5556413248310396e-09,159.0
Breast - Mammary Tissue,detection,RELA→NFKBIA,RELA,NFKBIA,438,0.4875299421487989,1.57065420161392e-27,6.372429500431775,8.030565962943857,0.7112299465240641,2.4210278532194704e-06,34.0,0.33741404314663886,0.021837670788127393,46.0,0.4341360320156214,0.00012436396595469636,73.0,0.4200516438367321,3.5638523258493643e-07,136,0.5493589631687493,6.260868649312331e-12,134,,,,0.5140623912158754,3.209033348127113e-20,279.0,0.4336226977571424,1.1325017508887446e-08,159.0
Breast - Mammary Tissue,detection,NFKB1→TNF,NFKB1,TNF,438,0.405557553800872,9.035190082930391e-19,4.7929242043734686,0.8123734828263317,0.4378725559903082,0.009598752386139647,34.0,0.4753006475485661,0.0008437553383002181,46.0,0.4129398515958842,0.0002826287523596532,73.0,0.36741433929358885,1.081988613144647e-05,136,0.36538456753917525,1.4178701686924755e-05,134,,,,0.3535137866680359,1.234952741154567e-09,279.0,0.43793979525778953,7.79187458361631e-09,159.0
Breast - Mammary Tissue,detection,HIF1A→VEGFA,HIF1A,VEGFA,438,0.19912558967110167,2.697700059349504e-05,5.898370505467942,7.00889313602012,-0.019709702062643237,0.9119032806279381,34.0,-0.03225408572309589,0.8314885828467558,46.0,0.17552141182278172,0.13745656982008128,73.0,0.09722184122219601,0.2601670967623952,136,0.41758282864966684,5.170636310059317e-07,134,,,,0.16307336122816277,0.006334763163146994,279.0,0.2521461613904233,0.0013444233495153062,159.0
Breast - Mammary Tissue,detection,HIF1A→SLC2A1,HIF1A,SLC2A1,438,0.10486300913308208,0.028206526833507262,5.898370505467942,4.725619206417641,0.054851031321619545,0.758004271932352,34.0,0.07887758248535306,0.6023221417396049,46.0,0.22476243366654328,0.05590639371058964,73.0,0.11875640326853928,0.1685058647363871,136,0.057719140085856734,0.5076890846775177,134,,,,0.033369281568062376,0.5788747423431694,279.0,0.3400460951937401,1.157780790711206e-05,159.0
Breast - Mammary Tissue,detection,TP53→CDKN1A,TP53,CDKN1A,438,-0.08328179342390152,0.08168294495265253,4.617501234355038,7.2991398044917135,0.14346829640947287,0.41824703578097877,34.0,-0.26327474560592046,0.07709267907252872,46.0,0.06633345674441565,0.5771271452248388,73.0,-0.1232449465433259,0.1528720645002396,136,-0.1395125844009337,0.10789703538285822,134,,,,0.03789682753468737,0.5284417937116599,279.0,-0.14358622995666212,0.07097521238981148,159.0
Breast - Mammary Tissue,detection,TP53→MDM2,TP53,MDM2,438,-0.044171415498127496,0.3563993750227419,4.617501234355038,3.954754711286118,0.11077158135981664,0.5328455001550447,34.0,-0.2090040086339809,0.16332580396966742,46.0,-0.018696923184278135,0.8752424219990843,73.0,-0.03514417388689284,0.6846026430484131,136,-0.053093593356607904,0.5423423399192799,134,,,,0.07560238284309684,0.20805135398989064,279.0,-0.20840943135425816,0.00838352916878556,159.0
Breast - Mammary Tissue,detection,ATF4→DDIT3,ATF4,DDIT3,438,0.4332216979391619,1.825758710235497e-21,8.94551358484242,6.29253813882941,0.40278096228789356,0.018187810233491055,34.0,0.242005612375692,0.1051508831587543,46.0,0.38439763358567863,0.00078620665901331,73.0,0.447496949684236,4.7060059421777854e-08,136,0.3798345607030547,5.995713721059181e-06,134,,,,0.45267861151365146,1.681631016411539e-15,279.0,0.398956587939067,1.8998134331724164e-07,159.0
Breast - Mammary Tissue,detection,XBP1→DNAJB1,XBP1,DNAJB1,438,0.07784587716646847,0.10373547927539935,8.424193336539073,6.138089464135366,0.39284895828610555,0.021546156338401356,34.0,0.062102991057662656,0.6818005099190588,46.0,0.26385492916162806,0.02409565009836763,73.0,0.04180621153570917,0.6289173491225413,136,-0.018883052011950004,0.8285523739841353,134,,,,0.09297046766483996,0.12131000034551463,279.0,0.030516398636559063,0.702572651317831,159.0
Breast - Mammary Tissue,detection,HSF1→HSPA1A,HSF1,HSPA1A,438,0.2259854748048274,1.7708397185360619e-06,6.610936931279152,5.653629820096438,0.21130634071810545,0.2302814872205601,34.0,0.40241758938618505,0.0055627543163411135,46.0,0.3375962235626244,0.003490066916736752,73.0,0.25620621301796015,0.0026065305119870774,136,0.14327218498124655,0.09863872346344846,134,,,,0.3151301144929437,7.543552416456354e-08,279.0,0.00975052712114714,0.9029130618726227,159.0
Breast - Mammary Tissue,detection,STAT1→IRF1,STAT1,IRF1,438,0.47377412324274704,6.862732361773241e-26,5.380014166984384,4.283962940516537,0.6597906658418529,2.1880850777670746e-05,34.0,0.6878199198273205,1.2834896999786977e-07,46.0,0.38177218314204625,0.0008598971119414243,73.0,0.5565613989906512,1.9870013437817302e-12,136,0.37909639320505023,6.271505396054802e-06,134,,,,0.484218070141923,8.304549297258124e-18,279.0,0.4263872479259906,2.0949618028097035e-08,159.0
Breast - Mammary Tissue,detection,NFE2L2→NQO1,NFE2L2,NQO1,438,-0.22483023170575803,2.0053249117443687e-06,6.072009929238933,5.575893594794078,-0.2779220779220779,0.11150408601101737,34.0,-0.3323465926611162,0.024031800636862433,46.0,-0.4057787685142344,0.00036850722096051704,73.0,-0.09971637735913431,0.24807798157273822,136,-0.2354277563104474,0.0061749874825626294,134,,,,-0.2037829772791244,0.000615773630052591,279.0,-0.2226328854684912,0.004792899169742965,159.0
Breast - Mammary Tissue,detection,NFE2L2→HMOX1,NFE2L2,HMOX1,438,-0.04035324152896356,0.39953018032677357,6.072009929238933,4.639144109264357,0.06829640947288004,0.7011369873646454,34.0,-0.23441258094357076,0.11687026670498822,46.0,-0.24656181786659853,0.035479034601465904,73.0,0.07792604325284641,0.36718965606469856,136,-0.007054977200384044,0.9355189693943577,134,,,,-0.008402140153180375,0.8888845448032721,279.0,-0.09913907309551169,0.21375805441529402,159.0
Breast - Mammary Tissue,housekeeping,ACTB↔GAPDH,ACTB,GAPDH,438,0.5524633587863242,2.2945961482055842e-36,11.614778239977413,9.511280371173877,0.38915202444614205,0.022920714871965838,34.0,0.4941720629047178,0.0004821466968651993,46.0,0.42046155744785885,0.00021251174619330734,73.0,0.5829933149264376,9.563047580819526e-14,136,0.5912589605571769,5.4162301780060167e-14,134,,,,0.5551096288535255,5.948986583921213e-24,279.0,0.5201148202799857,2.121763550779812e-12,159.0
Breast - Mammary Tissue,housekeeping,RPL13A↔RPS18,RPL13A,RPS18,438,0.9208368412782798,1.9794769965767096e-180,11.675039685480126,11.953766975228644,0.9141329258976317,4.317816559695939e-14,34.0,0.9218909005585738,9.83744008239005e-20,46.0,0.9463063955080256,1.5042054347234572e-36,73.0,0.9263559142119038,1.1113692709397426e-58,136,0.8957850937740369,2.5426277872184973e-48,134,,,,0.9003464794390587,4.316270232586537e-102,279.0,0.9161837717451986,3.114360023949172e-64,159.0
Breast - Mammary Tissue,housekeeping,HPRT1↔TBP,HPRT1,TBP,438,0.2391646582640812,4.0898361493118973e-07,4.551764465902494,4.2185213941417326,0.6702826585179525,1.4458100459096634e-05,34.0,0.3724329324699353,0.010807097945190915,46.0,0.3375988275776313,0.0034897986177949976,73.0,0.15359311861652697,0.07421852692557734,136,0.09607411609950299,0.2694735583438268,134,,,,0.19663800237856802,0.0009597983122897086,279.0,0.2106910259041478,0.007681850514912545,159.0
Breast - Mammary Tissue,housekeeping,B2M↔PPIA,B2M,PPIA,438,0.03681501827074962,0.4421664011420855,10.71749944991717,7.863043847149366,-0.16119174942704353,0.36244272754156903,34.0,0.13734196731421525,0.36272406608919694,46.0,0.01937583882494565,0.8707505776959378,73.0,0.1731174523661666,0.04385347115748183,136,0.00021945492882071257,0.997992066184911,134,,,,0.027882955325007973,0.6428366118471698,279.0,0.10988018566781525,0.167961699836791,159.0
Breast - Mammary Tissue,hormone,ESR1→PGR,ESR1,PGR,438,0.8276802208314687,1.900793601400008e-111,3.0690031216296974,2.4125532681403095,0.7283422459893049,1.0456357891127658e-06,34.0,0.8624730188097439,1.3345031397231529e-14,46.0,0.8272617183829203,1.886503623095458e-19,73.0,0.85446133698836,6.23527074038088e-40,136,0.8332155010000405,8.974800094676956e-36,134,,,,0.826658135232422,3.889792243982213e-71,279.0,0.7287130663752878,1.3297733678979807e-27,159.0
Breast - Mammary Tissue,hormone,AR→KLK3,AR,KLK3,438,0.37408257962386277,5.377715626054227e-16,3.599506342111657,0.9835468575094729,0.3258533349714723,0.06001803881722503,34.0,0.3940544320901226,0.006735280352889268,46.0,0.5171271386094519,2.808680055240676e-06,73.0,0.3036391859431466,0.00032620034939414877,136,0.3899684108859702,3.197911476787702e-06,134,,,,0.44414572166352717,6.4547671751162066e-15,279.0,0.21627994334528858,0.006178509547859557,159.0
Breast - Mammary Tissue,hormone,AR→SMAD3,AR,SMAD3,438,0.14424690894333886,0.002477483795101463,3.599506342111657,5.078979703389346,0.43743315508021385,0.009679822772238195,34.0,0.3078725833280974,0.037389619210106535,46.0,0.13660169537688358,0.24915980039705168,73.0,0.15523408437465566,0.07114187737312917,136,-0.005152190366704796,0.9528863574330432,134,,,,0.11937618203610607,0.04635432290772182,279.0,0.18743501998385617,0.017989970700025414,159.0
Artery - Aorta,production,SMAD3→COL1A1,SMAD3,COL1A1,413,0.07402932963748855,0.13310860368726835,5.379545468683681,8.756821463818122,0.1695536621546925,0.35355201017111504,32.0,0.14985994397759103,0.39020131120452484,35.0,0.10258256528417821,0.4236917640464207,63.0,0.023117228906595278,0.7832964256436329,144,0.09888738678031592,0.2611288081360786,131,,,,0.044680329992483885,0.46553453245248133,269.0,0.13769419197450358,0.09980936364195586,144.0
Artery - Aorta,production,SMAD3→COL3A1,SMAD3,COL3A1,413,-0.4337627919851814,2.2404530420183493e-20,5.379545468683681,9.445819855890898,0.002566452795600367,0.9888775062828565,32.0,-0.2481792717086835,0.15056815210910252,35.0,-0.33366935483870974,0.007530104855677222,63.0,-0.46767482821388917,3.421294950481618e-09,144,-0.48643562929391604,3.8499747983161655e-09,131,,,,-0.4614905763000941,1.3580465270160627e-15,269.0,-0.3653495459054952,6.711522840991426e-06,144.0
Artery - Aorta,production,SMAD3→FN1,SMAD3,FN1,413,-0.31011476392891496,1.1737278857007668e-10,5.379545468683681,11.886951600090931,0.11089726011198806,0.5456845836846747,32.0,-0.115406162464986,0.5091462584683042,35.0,-0.19662294335785313,0.12246378648744215,63.0,-0.272455077787468,0.0009541939103865459,144,-0.5163662375207617,2.7374250458979356e-10,131,,,,-0.35649158304273154,1.7597047602710271e-09,269.0,-0.2705954812671984,0.0010371019586466559,144.0
Artery - Aorta,production,SMAD3→SERPINE1,SMAD3,SERPINE1,413,-0.20431386318722072,2.8670330631918723e-05,5.379545468683681,9.79155030146638,0.003299422614902124,0.9857012484016021,32.0,-0.2879551820728291,0.09345682081768718,35.0,-0.13556067588325654,0.28944840474189737,63.0,-0.23661931641257566,0.004298962852364857,144,-0.2866099573222116,0.0009038171725585586,131,,,,-0.2089977184970988,0.0005605188739311734,269.0,-0.2856430923251954,0.0005196103693279882,144.0
Artery - Aorta,production,ESR1→COL1A1,ESR1,COL1A1,413,0.07966598559155316,0.10595005853398154,1.9526841229157066,8.756821463818122,0.16532258064516128,0.36586707735218393,32.0,0.004761904761904762,0.9783410573702076,35.0,0.04776305683563748,0.7100952430670204,63.0,0.043067493908740435,0.608270598192801,144,0.017426489919529102,0.8433903630121616,131,,,,0.013865635390383829,0.8209173979547869,269.0,0.20703201925939743,0.012782642413777422,144.0
Artery - Aorta,production,ESR1→ELN,ESR1,ELN,413,0.045940860745099316,0.35170320761020635,1.9526841229157066,10.672551747384428,-0.06488269794721407,0.7242373690376973,32.0,-0.0557422969187675,0.7504495166920176,35.0,0.20218894009216593,0.11202662415997232,63.0,0.0054507767231924366,0.9483016082328649,144,0.00717986222140555,0.9351312247611566,131,,,,0.022107142664500215,0.7181445001642607,269.0,0.08208175420703899,0.32805054531410116,144.0
Artery - Aorta,production,AR→COL1A1,AR,COL1A1,413,-0.024049385658240333,0.6260241689483217,3.7639614029023027,8.756821463818122,-0.07038123167155425,0.7018892592331514,32.0,-0.01596750476637898,0.9274608201674062,35.0,0.10128769787233156,0.4295969009928359,63.0,0.011669230468092739,0.8895962925940097,144,-0.10200208723132234,0.24633202808900168,131,,,,-0.10764505547651591,0.07799954934374305,269.0,0.114444751451124,0.1719829212200151,144.0
Artery - Aorta,production,SOX9→ACAN,SOX9,ACAN,413,-0.2198584613841252,6.488618277542546e-06,1.9285106673367665,4.471365018921383,-0.07258064516129031,0.6930168653905393,32.0,-0.04705882352941177,0.7883594747723589,35.0,-0.14405721966205837,0.2599923783419488,63.0,-0.34420637512262736,2.3968827872623924e-05,144,-0.1456524466253163,0.09692338277151087,131,,,,-0.1238318145922164,0.04242244774742149,269.0,-0.4006442427587509,6.495295024568551e-07,144.0
Artery - Aorta,production,PPARG→FABP4,PPARG,FABP4,413,0.6064945581640123,7.598090612555225e-43,2.56151253648878,5.663271321727923,0.8244134897360703,6.631954763718547e-09,32.0,0.576750700280112,0.0002871737238059575,35.0,0.37692464630025946,0.002326795094388124,63.0,0.6590131782554028,2.7289786815707296e-19,144,0.66598337684205,3.972587341333848e-18,131,,,,0.5341098628756201,3.0505545070817974e-21,269.0,0.7580462524507056,3.8483872793238695e-28,144.0
Artery - Aorta,production,PPARG→ADIPOQ,PPARG,ADIPOQ,413,0.46919940180973857,5.3486584181491974e-24,2.56151253648878,1.427479985248992,0.7053432345635208,6.53830541615734e-06,32.0,0.3016806722689076,0.0781972107196421,35.0,0.4069220430107527,0.0009341414022863143,63.0,0.5475641454614903,1.2286192282864712e-12,144,0.4097761419111347,1.1719234594902767e-06,131,,,,0.44545854848456584,1.6185258561733263e-14,269.0,0.5219365845533096,1.9648236031268187e-11,144.0
Artery - Aorta,production,RUNX2→SPP1,RUNX2,SPP1,413,0.20424060625430113,2.886432779241994e-05,1.326595242895168,5.4028155708428445,0.23717008797653957,0.1912130805398876,32.0,0.13249299719887955,0.44801618534005117,35.0,0.36072341500551447,0.0036808834900927036,63.0,0.1548561599269352,0.06384308473466492,144,0.11772870191115221,0.18050085152389456,131,,,,0.27678423221512427,4.049716751211717e-06,269.0,0.07685081268673268,0.35991493895968785,144.0
Artery - Aorta,production,FOXO1→PCK1,FOXO1,PCK1,413,0.16832473847916915,0.0005926962007349868,5.036387957903144,0.810593494879348,0.2261730205278592,0.2132309543952537,32.0,0.31262693542594633,0.06747565185351985,35.0,0.004320276497695853,0.9731924575679208,63.0,0.29538138164749633,0.0003253593694243306,144,0.04705885493093392,0.5935166426516513,131,,,,0.1464160069886439,0.016253035620163454,269.0,0.19160189375521472,0.021417585784956845,144.0
Artery - Aorta,detection,RELA→ICAM1,RELA,ICAM1,413,0.21091998945132331,1.545314757370735e-05,6.761325258896945,4.541366968547461,-0.09440014703747744,0.6073135295910093,32.0,0.3204481792717087,0.06054840260390829,35.0,0.1283199119000801,0.3162164755653689,63.0,0.23117376367745968,0.005307166996809819,144,0.2640269047758845,0.0023096393231941607,131,,,,0.3049553013278965,3.390213660581028e-07,269.0,0.010214385545194812,0.9032890587136353,144.0
Artery - Aorta,detection,RELA→IL6,RELA,IL6,413,0.1587408156015093,0.0012089349583966034,6.761325258896945,3.8194062218755556,-0.09293373698640985,0.612931216138734,32.0,0.45518207282913176,0.006005189017491811,35.0,0.0318759526755156,0.8041312644311738,63.0,0.23344429254470667,0.004863593103378225,144,0.08742443048382333,0.320743607885801,131,,,,0.249626824215057,3.460058982787932e-05,269.0,-0.012615735509061426,0.8807051464071127,144.0
Artery - Aorta,detection,RELA→CCL2,RELA,CCL2,413,-0.016521215274423736,0.737809150279785,6.761325258896945,6.009308468631624,-0.04087618017350965,0.8242177351664188,32.0,0.38711484593837536,0.021594632652855886,35.0,-0.006816845301089179,0.9577126777995377,63.0,0.1021933967170731,0.2229100022572227,144,-0.1852560158893234,0.03414093702471138,131,,,,0.07430072961592554,0.224508280448545,269.0,-0.20246708660644464,0.0149457606480445,144.0
Artery - Aorta,detection,RELA→NFKBIA,RELA,NFKBIA,413,0.3300874383274712,5.915848409871933e-12,6.761325258896945,7.850420044351721,-0.11731280408540887,0.5225416170176143,32.0,0.32885154061624655,0.05374487925596956,35.0,0.3612578013522753,0.003626948194795545,63.0,0.3118898530378928,0.00014155782967763462,144,0.36364801077781217,1.9603714921379165e-05,131,,,,0.3130343151592283,1.5834287709298294e-07,269.0,0.3540441693806508,1.3406780822874236e-05,144.0
Artery - Aorta,detection,NFKB1→TNF,NFKB1,TNF,413,0.07192623182308036,0.14451723281281575,4.787393071172312,0.7878084239926523,0.08211143695014662,0.6550426211351725,32.0,0.16582633053221288,0.3410835918433356,35.0,-0.040700190683818645,0.7514636633216045,63.0,0.1754885175558496,0.03539031595089797,144,0.01693811422690188,0.8477255094617038,131,,,,0.09469562168011972,0.12129167233686061,269.0,0.024685887678766633,0.7689920135782454,144.0
Artery - Aorta,detection,HIF1A→VEGFA,HIF1A,VEGFA,413,0.2425985472396309,6.038576924616846e-07,6.38389554843487,6.070828046983437,0.4065621866584951,0.0209371634471475,32.0,0.0557422969187675,0.7504495166920176,35.0,0.27371680249669883,0.029954307687240667,63.0,0.2900033960366679,0.0004222186561067458,144,0.18560368976030683,0.033800024842073874,131,,,,0.2523957072083771,2.8101761042173505e-05,269.0,0.20940041697113537,0.01177236484185884,144.0
Artery - Aorta,detection,HIF1A→SLC2A1,HIF1A,SLC2A1,413,0.09926604360606868,0.043779872863348786,6.38389554843487,6.150581241519919,0.24926686217008792,0.16888489223347697,32.0,-0.1526610644257703,0.38130044968636945,35.0,0.025873655913978496,0.8404741751765172,63.0,0.14319660395548817,0.08685639230913186,144,0.07776692343417196,0.3772954483075588,131,,,,0.09248970603557066,0.13024793105877056,269.0,0.0790915493877983,0.346037041083212,144.0
Artery - Aorta,detection,TP53→CDKN1A,TP53,CDKN1A,413,0.009318081119732551,0.8502527515137057,4.305373489135114,8.726371966031794,-0.21847507331378296,0.2296390675865131,32.0,-0.18123249299719887,0.29745515852589266,35.0,0.10503198243822819,0.4126489916639462,63.0,0.011172813891540345,0.8942650315526787,144,0.2260141248818923,0.00943886246781211,131,,,,0.02910171521026401,0.6346575618318336,269.0,-0.04900675293465259,0.5596871142039115,144.0
Artery - Aorta,detection,TP53→MDM2,TP53,MDM2,413,0.08162242177220437,0.09762038697315663,4.305373489135114,3.70142668673259,-0.1974154531249771,0.27879864215393657,32.0,-0.026890756302521007,0.8781319242035421,35.0,0.08971112423754547,0.484419059044513,63.0,0.10170949273862466,0.22512023750393742,144,0.20730616886185366,0.017508234631169593,131,,,,0.1492634343471778,0.014267985018907147,269.0,-0.03714164282895679,0.6585125016998857,144.0
Artery - Aorta,detection,ATF4→DDIT3,ATF4,DDIT3,413,0.4905165929228566,2.1716149406395433e-26,9.270554704181219,6.3272249773685925,0.2752932551319648,0.12726543361513928,32.0,0.5543805602221754,0.0005489916149683931,35.0,0.45281841423208696,0.00019428642078479874,63.0,0.47480555703500077,1.8264106234933613e-09,144,0.4604720559228525,3.131513398974476e-08,131,,,,0.5256709732132567,1.6296764779967035e-20,269.0,0.4104353068249541,3.234410381206442e-07,144.0
Artery - Aorta,detection,XBP1→DNAJB1,XBP1,DNAJB1,413,-0.0005979184516745074,0.990334414307614,7.138653989565575,6.548177624441521,0.14370818500462584,0.4326419565390207,32.0,-0.21009874692603922,0.22574323735176557,35.0,0.034130184331797236,0.7905838478141552,63.0,0.041458138454716305,0.6217483727621351,144,-0.012376604294321707,0.8884194712263707,131,,,,-0.025384945567043196,0.6785284453743843,269.0,0.030974353821948748,0.7124696957936193,144.0
Artery - Aorta,detection,HSF1→HSPA1A,HSF1,HSPA1A,413,0.5240844486426851,1.6344410713808863e-30,6.9435380515405685,7.161984783107951,0.07351054202344728,0.689277582492952,32.0,0.5104356352430311,0.001731140582265507,35.0,0.369324932519846,0.002893684629124421,63.0,0.6680867182806317,5.845271202779634e-20,144,0.4272597456569998,3.589735653722041e-07,131,,,,0.5108036514886717,2.791539782629823e-19,269.0,0.5513470770806267,7.997141657207385e-13,144.0
Artery - Aorta,detection,STAT1→IRF1,STAT1,IRF1,413,0.38090073543425534,1.0425036410008635e-15,5.777375703862447,3.6381549950662015,0.5806451612903225,0.0004937009728760047,32.0,0.5599439775910364,0.0004692804595943819,35.0,0.471689508812634,9.525046698218122e-05,63.0,0.2949748713430748,0.00033189094587177966,144,0.38212983574489257,6.671887249625794e-06,131,,,,0.3932570900673524,2.2104682704668183e-11,269.0,0.3629936932259018,7.769357659816585e-06,144.0
Artery - Aorta,detection,NFE2L2→NQO1,NFE2L2,NQO1,413,0.3380100720304755,1.699747865784317e-12,6.620864033410394,5.4048835746312545,0.5564516129032258,0.0009420168482845633,32.0,0.650140056022409,2.3665595111764726e-05,35.0,0.20962941628264212,0.09915981560883284,63.0,0.31844529089405565,0.0001003275129066486,144,0.3288332112241144,0.00012566419903623231,131,,,,0.3048878657750514,3.411499580017813e-07,269.0,0.3957933319083929,9.100704010552309e-07,144.0
Artery - Aorta,detection,NFE2L2→HMOX1,NFE2L2,HMOX1,413,0.19224738940847422,8.430398653347783e-05,6.620864033410394,5.47442146825444,-0.02126099706744868,0.9080502863308837,32.0,0.323249299719888,0.05820886549417503,35.0,0.12255184331797238,0.3386381764744618,63.0,0.20529823948351197,0.013569579835479226,144,0.26612038996208454,0.002124204570064321,131,,,,0.1117577838728499,0.06722519119967893,269.0,0.3273668081687619,6.199236725759917e-05,144.0
Artery - Aorta,housekeeping,ACTB↔GAPDH,ACTB,GAPDH,413,0.15590326081284137,0.0014820238796320153,13.135140077253808,11.006122233503955,0.2663611410475534,0.1405920566353896,32.0,0.2314373774166433,0.18098708585105427,35.0,0.11861559139784945,0.35449624456187767,63.0,0.25513327010103765,0.002027623824974031,144,0.0936592500854117,0.28730784606574655,131,,,,0.17780203703806455,0.003434180233048422,269.0,0.11624939463929893,0.16527597647752315,144.0
Artery - Aorta,housekeeping,RPL13A↔RPS18,RPL13A,RPS18,413,0.8290058401930506,8.681087972041588e-106,11.403627070041315,11.195632013223939,0.88534506833207,1.701107523192551e-11,32.0,0.7115344229228528,1.6527858833212108e-06,35.0,0.8289029966874338,4.972945922369298e-17,63.0,0.8428162062898574,4.923252150115453e-40,144,0.8286977538098939,2.5809503767991873e-34,131,,,,0.8102822740365095,6.536389044626465e-64,269.0,0.863490309162338,4.759758679508442e-44,144.0
Artery - Aorta,housekeeping,HPRT1↔TBP,HPRT1,TBP,413,-0.03391020777932018,0.4919278148674685,4.937532445709007,4.1242577660170365,-0.23313782991202345,0.19909381612905924,32.0,0.11933608825399027,0.49472816072223225,35.0,-0.0812250973044799,0.5268374635022337,63.0,-0.08964016329998088,0.28531325807759983,144,0.09880263495081316,0.26153974400022817,131,,,,0.024275269843523115,0.6918480516059701,269.0,-0.13407839754110293,0.10912001186628027,144.0
Artery - Aorta,housekeeping,B2M↔PPIA,B2M,PPIA,413,0.16703989792781815,0.0006535949887375722,10.666768773704694,8.094092733923517,0.39220898258478465,0.026404596110447612,32.0,0.04888639865527384,0.780337685905804,35.0,0.12132922102953461,0.3435155206704047,63.0,0.19720135400862188,0.017831189760711068,144,0.03405252544740057,0.6994036648002893,131,,,,0.1734332988864699,0.004331916784225778,269.0,0.14087705284529325,0.09214281719146415,144.0
Artery - Aorta,hormone,ESR1→PGR,ESR1,PGR,413,0.6059643587278309,9.371058936281693e-43,1.9526841229157066,3.821857927497882,0.6682551319648093,2.9194771480950618e-05,32.0,0.5450980392156863,0.0007089751346529129,35.0,0.5279201219672827,8.73225310835338e-06,63.0,0.6435219979181654,3.362682193105633e-18,144,0.6997305546306866,1.433725260372006e-20,131,,,,0.603573589615727,4.353576150301321e-28,269.0,0.6111874719926373,4.100771692404742e-16,144.0
Artery - Aorta,hormone,AR→KLK3,AR,KLK3,413,-0.03398620886390167,0.4909573004154302,3.7639614029023027,0.34387002075339057,-0.09115097664197948,0.6197899658304002,32.0,-0.07260825316586914,0.6785052104758769,35.0,0.03860773144149979,0.7638606600729543,63.0,-0.07848738561959873,0.34974526247801563,144,0.0015275254169750294,0.9861847017360525,131,,,,-0.04652178216345493,0.44733093309444727,269.0,-0.00683537120695788,0.9351950053186228,144.0
Artery - Aorta,hormone,AR→SMAD3,AR,SMAD3,413,0.05431750847300459,0.27075316108042663,3.7639614029023027,5.379545468683681,0.016680414330894074,0.9278019589770746,32.0,0.04131942022878771,0.8136873799958676,35.0,0.0057364359695467396,0.9644100973317173,63.0,0.1066546899964926,0.20325439499784143,144,0.11043123270935223,0.20923426417518246,131,,,,0.017801696541681476,0.7713320801259274,269.0,0.17680942453171172,0.03400999853691593,144.0
Heart - Left Ventricle,production,SMAD3→COL1A1,SMAD3,COL1A1,412,0.30816223742771054,1.6348683507038421e-10,3.1566354134707777,5.068750130320058,,,,0.4285714285714285,0.052571540420705054,21.0,0.17275028016629806,0.1793774696183597,62.0,0.3264900479757225,4.55166393325672e-05,150,0.37706562620309775,2.3140665390061976e-06,148,,,,0.3216045036802377,3.5031563400987874e-08,281.0,0.2771457207032336,0.001352066428350407,131.0
Heart - Left Ventricle,production,SMAD3→COL3A1,SMAD3,COL3A1,412,0.2724006858290491,1.921354913492565e-08,3.1566354134707777,5.6439891425729956,,,,0.22987012987012984,0.3161498376663408,21.0,0.14525125597656083,0.25998777641539,62.0,0.2578570228518045,0.0014439319468295304,150,0.3665572775251387,4.604018445315815e-06,148,,,,0.2645981359968745,6.92140762657894e-06,281.0,0.2819626887883373,0.0011033915679447347,131.0
Heart - Left Ventricle,production,SMAD3→FN1,SMAD3,FN1,412,0.4203499831478066,4.538814322369243e-19,3.1566354134707777,5.789213179963307,,,,0.5844155844155844,0.005399998364912398,21.0,0.22117575957734634,0.08406643121118967,62.0,0.4057392824031848,2.5908998042072667e-07,150,0.5122965611838352,2.821494506330669e-11,148,,,,0.45947923663802215,4.4037647776562003e-16,281.0,0.32772157118692924,0.00013287199897881526,131.0
Heart - Left Ventricle,production,SMAD3→SERPINE1,SMAD3,SERPINE1,412,0.47469009297024145,1.5281783593303433e-24,3.1566354134707777,4.281752127322179,,,,0.6870129870129871,0.0005809897943125255,21.0,0.3132420896484813,0.013174745868124218,62.0,0.41682282203266285,1.1217154565323103e-07,150,0.5538070568037132,2.8602592156693183e-13,148,,,,0.5287701619910268,1.2114237496679975e-21,281.0,0.35330794135467186,3.482987934391356e-05,131.0
Heart - Left Ventricle,production,ESR1→COL1A1,ESR1,COL1A1,412,0.44356693649097084,2.7437342497971745e-21,0.4258611280362583,5.068750130320058,,,,0.6532467532467533,0.001323116191344271,21.0,0.16723326030570873,0.19388600703973272,62.0,0.4698163289615679,1.3166692238953012e-09,150,0.5636823337898268,8.716500380384224e-14,148,,,,0.4821251856938792,9.192345930922416e-18,281.0,0.33183863683679515,0.00010795919636202746,131.0
Heart - Left Ventricle,production,ESR1→ELN,ESR1,ELN,412,0.23017630046149298,2.342060181887726e-06,0.4258611280362583,4.602472092630793,,,,0.3220779220779221,0.1544922989180332,21.0,-0.0954911169665601,0.46034098379602295,62.0,0.25918024291100683,0.001361691082959656,150,0.3384390996009938,2.5853517637497795e-05,148,,,,0.21983638243056577,0.00020381429130247013,281.0,0.24542382652979516,0.004721742331155572,131.0
Heart - Left Ventricle,production,AR→COL1A1,AR,COL1A1,412,0.11346184559165298,0.021252421388619415,1.8780590170650806,5.068750130320058,,,,0.1948051948051948,0.39744295350722536,21.0,0.031351909447090535,0.8088571360070076,62.0,0.12762379027639234,0.11962217722757705,150,0.15176984926111295,0.06556493377561397,148,,,,0.0673736253543613,0.2603209261840695,281.0,0.17087561072298377,0.051010274346804114,131.0
Heart - Left Ventricle,production,SOX9→ACAN,SOX9,ACAN,412,0.40656220785751246,7.861149449547578e-18,2.909049297131381,0.11426258374523209,,,,0.39090909090909093,0.07974355165372467,21.0,0.38896513519659476,0.001781577458261592,62.0,0.377256948485362,1.9472317740725793e-06,150,0.409682644535839,2.3343638457789987e-07,148,,,,0.4135537193236751,4.913932407899552e-13,281.0,0.37274695122897744,1.1626857479437519e-05,131.0
Heart - Left Ventricle,production,PPARG→FABP4,PPARG,FABP4,412,0.5646684832361079,4.5286357357656705e-36,2.5086394496334408,6.782467118744711,,,,0.8168831168831169,6.228850108065048e-06,21.0,0.4812329233204018,7.512199811026326e-05,62.0,0.6230681294963767,1.680586572466085e-17,150,0.5579838636536107,1.7386401284380762e-13,148,,,,0.5385428204584591,1.5557595569661386e-22,281.0,0.6150678149098187,5.459812201107123e-15,131.0
Heart - Left Ventricle,production,PPARG→ADIPOQ,PPARG,ADIPOQ,412,0.4055733601540233,9.596876291850214e-18,2.5086394496334408,0.8639952426333234,,,,0.125974025974026,0.5863643592427877,21.0,0.3306682112046152,0.008665238646540396,62.0,0.35480105861751754,8.394672222437782e-06,150,0.45680983387502827,5.3540483215075976e-09,148,,,,0.3746250886161132,8.598997884363939e-11,281.0,0.46607632660602066,2.021266422157922e-08,131.0
Heart - Left Ventricle,production,RUNX2→SPP1,RUNX2,SPP1,412,0.44626380577191843,1.4770288402819363e-21,0.46957748625382273,2.2424423346675715,,,,0.3181818181818181,0.15982689555474963,21.0,0.48845408073329816,5.6331084605259525e-05,62.0,0.3745918696615631,2.3294070718482667e-06,150,0.4966322581370153,1.3660693422645668e-10,148,,,,0.47862447236050987,1.703684337181712e-17,281.0,0.36432062222043565,1.887125897230132e-05,131.0
Heart - Left Ventricle,production,FOXO1→PCK1,FOXO1,PCK1,412,0.21608197113620967,9.642240779931907e-06,2.6629595568457853,0.30711181284814565,,,,0.14025974025974028,0.5442470998307318,21.0,0.17972095039990557,0.16219263540047846,62.0,0.1486097999380031,0.06953056062109743,150,0.29041378347196894,0.0003428505093709818,148,,,,0.22674422929696508,0.0001260566989515688,281.0,0.2076723407424973,0.01730570185818791,131.0
Heart - Left Ventricle,detection,RELA→ICAM1,RELA,ICAM1,412,0.5878988888974471,1.1707560984632108e-39,4.325150765261604,2.9785571117134926,,,,0.748051948051948,9.650639036965701e-05,21.0,0.6114426733146988,1.2994155804013223e-07,62.0,0.5793037360891822,8.086340572977713e-15,150,0.571395519294964,3.3512483879145615e-14,148,,,,0.5810897272090707,8.950347009374147e-27,281.0,0.5949676906200038,6.699383342393463e-14,131.0
Heart - Left Ventricle,detection,RELA→IL6,RELA,IL6,412,0.38732261051438277,3.3910937079254895e-16,4.325150765261604,1.637214077238753,,,,0.6090909090909091,0.003382286138493024,21.0,0.3924605273098134,0.0016051504934994107,62.0,0.3284708777137605,4.06538454292971e-05,150,0.4024676459271857,3.960930137978396e-07,148,,,,0.4235286386823823,1.169878740938868e-13,281.0,0.3272282262003582,0.0001361925763524383,131.0
Heart - Left Ventricle,detection,RELA→CCL2,RELA,CCL2,412,0.5079605877722696,2.0720429921248157e-28,4.325150765261604,4.042767182137203,,,,0.6181818181818182,0.0028194820446825796,21.0,0.6787288156933847,1.3398963493970984e-09,62.0,0.5170181350784243,1.2564954490163235e-11,150,0.41238155260844855,1.9093034943547854e-07,148,,,,0.4755795201750991,2.897239334428966e-17,281.0,0.5768437741474391,5.559006143759039e-13,131.0
Heart - Left Ventricle,detection,RELA→NFKBIA,RELA,NFKBIA,412,0.6378700548428902,1.9209829468983438e-48,4.325150765261604,5.730428636652752,,,,0.6766233766233766,0.0007567063943834323,21.0,0.556200501170995,2.684896676542061e-06,62.0,0.5955965886371958,9.049213949792365e-16,150,0.7433829626571208,2.7859779511652787e-27,148,,,,0.6682665610231147,1.0186719635966652e-37,281.0,0.5722109972001206,9.352776874237642e-13,131.0
Heart - Left Ventricle,detection,NFKB1→TNF,NFKB1,TNF,412,0.01741258862151847,0.7245459165530013,2.7043210019185704,0.7733432932404204,,,,0.28831168831168835,0.20500176731420708,21.0,0.17357910906298005,0.1772677071698304,62.0,0.00506957667302165,0.9509049754965881,150,-0.037497709491376964,0.6509300014073155,148,,,,-0.006132981823880352,0.918478707510124,281.0,0.1146294168439296,0.1923286440380919,131.0
Heart - Left Ventricle,detection,HIF1A→VEGFA,HIF1A,VEGFA,412,0.4361613626326681,1.4610451308430058e-20,3.98325652477232,6.02820639471406,,,,0.4116883116883117,0.06369892951455668,21.0,0.251643121553222,0.048496579309878975,62.0,0.3107743045226595,0.00010854946161504551,150,0.6228720189759114,2.847991719640281e-17,148,,,,0.5013429051153618,2.7318095011332565e-19,281.0,0.25856277499992997,0.002864631814647977,131.0
Heart - Left Ventricle,detection,HIF1A→SLC2A1,HIF1A,SLC2A1,412,0.7863625966825537,8.64228011009942e-88,3.98325652477232,3.548888775981167,,,,0.7,0.00041129387136387544,21.0,0.6933847044899397,4.200428404922334e-10,62.0,0.7186402167585921,4.036183809614343e-25,150,0.8844306489512127,3.525411507289552e-50,148,,,,0.8082252847590758,4.0413046093671127e-66,281.0,0.6900061122247163,7.842341292306529e-20,131.0
Heart - Left Ventricle,detection,TP53→CDKN1A,TP53,CDKN1A,412,0.6116234129080883,1.238676154235511e-43,2.2916979739098875,5.800941615718083,,,,0.7506493506493507,8.843868728411263e-05,21.0,0.5542614674140264,2.9570925689013538e-06,62.0,0.5885598064262639,2.365608799138781e-15,150,0.6255238102332078,1.9089926953729758e-17,148,,,,0.6186162156988151,4.575845624521543e-31,281.0,0.5759004533466934,6.184306358249201e-13,131.0
Heart - Left Ventricle,detection,TP53→MDM2,TP53,MDM2,412,0.7575301340489363,5.956859114314698e-78,2.2916979739098875,1.9646775655954787,,,,0.7,0.00041129387136387544,21.0,0.7390488662274803,6.964149596295436e-12,62.0,0.6765403170107576,2.068919274203982e-21,150,0.822168545356951,1.5005611876650383e-37,148,,,,0.7511610480611971,2.9952372472743204e-52,281.0,0.7787251590455303,6.79876926868943e-28,131.0
Heart - Left Ventricle,detection,ATF4→DDIT3,ATF4,DDIT3,412,0.5433710233312969,5.0656706247217846e-33,6.883191352909051,4.370917148960447,,,,0.4727272727272727,0.030455231601954364,21.0,0.6646604802783195,3.839848419998411e-09,62.0,0.514806932955004,1.588023118111384e-11,150,0.513175746336528,2.5762722567717598e-11,148,,,,0.5544085369596993,4.803266181824825e-24,281.0,0.5074021136807508,6.207352178751053e-10,131.0
Heart - Left Ventricle,detection,XBP1→DNAJB1,XBP1,DNAJB1,412,0.4691921412843857,6.074951886316261e-24,5.181409123163779,4.750360264940169,,,,0.274025974025974,0.2293523522657805,21.0,0.6296823258831317,4.1894956132700144e-08,62.0,0.504432653273459,4.659563269100161e-11,150,0.4256841236306163,6.906524717405923e-08,148,,,,0.4546567938145222,9.6798777023335e-16,281.0,0.5316574960935821,6.403289044325861e-11,131.0
Heart - Left Ventricle,detection,HSF1→HSPA1A,HSF1,HSPA1A,412,0.29000139545799686,1.999164330365086e-09,6.09023157832692,5.969344389670104,,,,0.18181818181818182,0.43023793249590314,21.0,0.4682581652438871,0.0001240213727119871,62.0,0.3875848262938843,9.577137784524566e-07,150,0.12057248888297646,0.1443666589437846,148,,,,0.3428876693858758,3.588750828112253e-09,281.0,0.18701297314771287,0.032447465952965604,131.0
Heart - Left Ventricle,detection,STAT1→IRF1,STAT1,IRF1,412,0.11909807680743424,0.015576223127428365,3.594344785925254,2.6623304060940605,,,,-0.10389610389610389,0.6540274583163916,21.0,0.08478759034020801,0.512330713339981,62.0,0.21885692189612102,0.007129877328959827,150,0.10779365246847383,0.1922163624379916,148,,,,0.12723366879833886,0.03300767961992395,281.0,0.15465345636637656,0.07777366638548662,131.0
Heart - Left Ventricle,detection,NFE2L2→NQO1,NFE2L2,NQO1,412,0.5274352895553767,7.036594773385411e-31,4.153665140705201,2.586574352047976,,,,0.7025974025974026,0.00038302230618131083,21.0,0.37977361154343164,0.0023312357038829602,62.0,0.5164074104694787,1.3406706556912148e-11,150,0.5921874464990899,2.241221992924596e-15,148,,,,0.5464475148213784,2.814777288454101e-23,281.0,0.4766026616291018,8.692567647900883e-09,131.0
Heart - Left Ventricle,detection,NFE2L2→HMOX1,NFE2L2,HMOX1,412,0.7095417219116189,2.6048438788860887e-64,4.153665140705201,2.247645900123617,,,,0.7090909090909091,0.00031951313058866174,21.0,0.7092078921754305,1.109002325394796e-10,62.0,0.6618006682972244,2.973940041558921e-20,150,0.716749557167909,1.2675874466078664e-24,148,,,,0.7449200977298001,5.81342850961816e-51,281.0,0.6258304217968873,1.3231515895801642e-15,131.0
Heart - Left Ventricle,housekeeping,ACTB↔GAPDH,ACTB,GAPDH,412,0.4819242800694134,2.3923994056133665e-25,8.917976270601587,9.995379159751447,,,,0.6766233766233766,0.0007567063943834323,21.0,0.45138626577018964,0.00023115432261954695,62.0,0.44361555927501545,1.3035232953307668e-08,150,0.504310324882567,6.36878130156409e-11,148,,,,0.47606273480277816,2.6640565590871005e-17,281.0,0.49534107198303917,1.8003168039255449e-09,131.0
Heart - Left Ventricle,housekeeping,RPL13A↔RPS18,RPL13A,RPS18,412,0.9490737577044591,9.030213911198807e-208,9.365338026898579,9.237516433289908,,,,0.92987012987013,1.0810361295691526e-09,21.0,0.9636745949568358,4.216845788174447e-36,62.0,0.9374432751057753,1.0542756183107854e-69,150,0.9466906916281375,1.0417722050470564e-73,148,,,,0.9519374767776991,2.1477811077121968e-145,281.0,0.9325452378641113,6.3433022651719975e-59,131.0
Heart - Left Ventricle,housekeeping,HPRT1↔TBP,HPRT1,TBP,412,0.8152741560287103,2.5396606579689197e-99,3.4333827592504833,2.4670097868419387,,,,0.7441558441558441,0.00010979854693235139,21.0,0.7842006522826076,4.7550893919215064e-14,62.0,0.7705887843408722,9.407807647867431e-31,150,0.8689238714035883,1.925316339387772e-46,148,,,,0.8082103801752237,4.0807359878039665e-66,281.0,0.8212707123597761,3.093935100541102e-33,131.0
Heart - Left Ventricle,housekeeping,B2M↔PPIA,B2M,PPIA,412,0.6698853712645814,5.5595621864545145e-55,8.40805425805953,5.859682457539642,,,,0.8558441558441559,7.537531330491883e-07,21.0,0.5373070433884818,6.707906063626112e-06,62.0,0.6601620697144878,3.9628382707372224e-20,150,0.7198335657776415,6.471192711498537e-25,148,,,,0.7137232409392085,4.787717486262491e-45,281.0,0.5709912213526487,1.0711351265779822e-12,131.0
Heart - Left Ventricle,hormone,ESR1→PGR,ESR1,PGR,412,0.3452688839538564,5.603168520080352e-13,0.4258611280362583,1.371975951674349,,,,0.33246753246753247,0.14087699566933984,21.0,0.2851854649845131,0.024657073522899007,62.0,0.3415295858910007,1.8925583361475465e-05,150,0.3845892581998914,1.3930794307991567e-06,148,,,,0.3220372625121869,3.3503157757330463e-08,281.0,0.3809954678666944,7.141810668863129e-06,131.0
Heart - Left Ventricle,hormone,AR→KLK3,AR,KLK3,412,-0.14684802844090838,0.002809501975794443,1.8780590170650806,0.1550267813388186,,,,-0.16495136180863496,0.47489731780151123,21.0,-0.13902673802572962,0.28118402734691306,62.0,-0.2572027653532533,0.0014862474388558041,150,-0.028761642539214313,0.7285871851202783,148,,,,-0.1480797007421165,0.012958141001708702,281.0,-0.1584303080542325,0.07070438226099937,131.0
Heart - Left Ventricle,hormone,AR→SMAD3,AR,SMAD3,412,0.21279951522298068,1.3232203959333e-05,1.8780590170650806,3.1566354134707777,,,,-0.07792207792207792,0.7370748924266823,21.0,0.17126668345504908,0.18319925585960756,62.0,0.2193914740948026,0.006987212699731755,150,0.2716816714543786,0.0008372431396934936,148,,,,0.23310933093633265,7.990467051826316e-05,281.0,0.1983750557173323,0.023124705571714595,131.0
Heart - Atrial Appendage,production,SMAD3→COL1A1,SMAD3,COL1A1,412,0.26927236008510014,2.825797781685589e-08,4.357097803388984,6.405738947460953,,,,,,,0.46814728229105795,0.0002107073755426738,58.0,0.3107330925348905,9.769374574435554e-05,152,0.16260646825450484,0.040573579993851416,159,,,,0.26019596153630364,9.232220677951948e-06,283.0,0.2756248637357801,0.0015695995919480232,129.0
Heart - Atrial Appendage,production,SMAD3→COL3A1,SMAD3,COL3A1,412,0.322902615028008,1.8805326543432845e-11,4.357097803388984,7.133556522790668,,,,,,,0.5065366513888463,4.9695170026695805e-05,58.0,0.40048729271610123,3.1808210476146283e-07,152,0.2082792222334009,0.008425233898924463,159,,,,0.31249909000063947,7.924585458096953e-08,283.0,0.3459009359696212,5.941971537136255e-05,129.0
Heart - Atrial Appendage,production,SMAD3→FN1,SMAD3,FN1,412,0.5248965975270439,1.5077532380587897e-30,4.357097803388984,7.9145457050175345,,,,,,,0.6193054231135994,2.1879324412789332e-07,58.0,0.613013210042772,4.689547639185694e-17,152,0.4082007051613849,9.237435923199119e-08,159,,,,0.5558507850217081,2.3888075886243032e-24,283.0,0.44328506520849664,1.4329055337529976e-07,129.0
Heart - Atrial Appendage,production,SMAD3→SERPINE1,SMAD3,SERPINE1,412,0.5849190816539379,3.506352183695608e-39,4.357097803388984,5.277517914048676,,,,,,,0.555876834107478,5.900843712503508e-06,58.0,0.6382198765032195,9.234293498559073e-19,152,0.5207951444664536,1.9635505270312215e-12,159,,,,0.6018057293012876,2.8583369284585885e-29,283.0,0.5421297946239825,3.237073710122079e-11,129.0
Heart - Atrial Appendage,production,ESR1→COL1A1,ESR1,COL1A1,412,0.44648662561370983,1.4030083603096944e-21,0.8278689634018731,6.405738947460953,,,,,,,0.5065366513888463,4.9695170026695805e-05,58.0,0.4431438212805947,1.0828606810592945e-08,152,0.3701261722534813,1.5713608643446133e-06,159,,,,0.4266977103106841,5.983924230185305e-14,283.0,0.49305258567918636,2.9193168951558885e-09,129.0
Heart - Atrial Appendage,production,ESR1→ELN,ESR1,ELN,412,0.23247566345289064,1.8430726804485437e-06,0.8278689634018731,6.70139217376709,,,,,,,0.2437171244886032,0.06524193186430043,58.0,0.2086899320832088,0.00987612993456668,152,0.17308214761253649,0.029127521231312434,159,,,,0.29648443875164016,3.769449742498808e-07,283.0,0.07384590443001579,0.405577773334329,129.0
Heart - Atrial Appendage,production,AR→COL1A1,AR,COL1A1,412,0.07731160006027972,0.11715392173649895,2.0150184320304,6.405738947460953,,,,,,,-0.018302623888769267,0.8915322023597227,58.0,0.1017983869107944,0.2120533889582257,152,0.05951022400487688,0.45618992112125667,159,,,,0.06989530185281063,0.24117667400960335,283.0,0.10259406109421511,0.24728932057135486,129.0
Heart - Atrial Appendage,production,SOX9→ACAN,SOX9,ACAN,412,0.22223100192716289,5.259425536231998e-06,3.918508695167245,0.3151268684847769,,,,,,,0.2510381740441109,0.05732915601393522,58.0,0.26810302849127166,0.0008394066046630145,152,0.2304908959009491,0.0034677850187925918,159,,,,0.27003811539802947,4.055100014463256e-06,283.0,0.10093107371202698,0.2550755187978331,129.0
Heart - Atrial Appendage,production,PPARG→FABP4,PPARG,FABP4,412,0.6337832314488182,1.156063519452609e-47,2.665131125056628,6.2482858161324435,,,,,,,0.5627672336891324,4.262473260100886e-06,58.0,0.5934270214864925,7.852299901535541e-16,152,0.7040304156403074,4.13845157570301e-25,159,,,,0.5997473712969521,4.9399011704830385e-29,283.0,0.6794667352424538,8.60002411752126e-19,129.0
Heart - Atrial Appendage,production,PPARG→ADIPOQ,PPARG,ADIPOQ,412,0.5278039143385124,6.296112861233382e-31,2.665131125056628,1.4763180572150763,,,,,,,0.5307145713494725,1.8235621285295407e-05,58.0,0.4374281855298803,1.7507791076800093e-08,152,0.6105801166419955,1.2853182674343206e-17,159,,,,0.4646230242410897,1.465082810817381e-16,283.0,0.6303656931087157,1.197465895960223e-15,129.0
Heart - Atrial Appendage,production,RUNX2→SPP1,RUNX2,SPP1,412,0.3518318377524707,1.891935339216312e-13,0.5084108243813937,4.062288675059393,,,,,,,0.3630742729254219,0.005091616362515051,58.0,0.4110139772023005,1.4419727190390396e-07,152,0.28508243913260073,0.0002702464810640951,159,,,,0.40692454065913825,1.0333922712219287e-12,283.0,0.29565195515998444,0.000669803237204047,129.0
Heart - Atrial Appendage,production,FOXO1→PCK1,FOXO1,PCK1,412,0.27456218187442544,1.4675894015499366e-08,3.7745651035632903,0.8775757177782616,,,,,,,0.27777350542375323,0.03475943859347862,58.0,0.1116644155766488,0.1708073625516196,152,0.39968414091897425,1.7964141909136468e-07,159,,,,0.2386690845079181,4.991312207005456e-05,283.0,0.35667356610988027,3.340701825871507e-05,129.0
Heart - Atrial Appendage,detection,RELA→ICAM1,RELA,ICAM1,412,0.687554311011114,5.935112876711081e-59,4.9840727477397735,4.187344431298451,,,,,,,0.6508043926297334,3.192925296136428e-08,58.0,0.7640412866463449,2.3927474663220123e-30,152,0.6234596051021909,1.679422691782963e-18,159,,,,0.6568152953922352,2.5552954562158375e-36,283.0,0.7231368690567367,3.776453760172511e-22,129.0
Heart - Atrial Appendage,detection,RELA→IL6,RELA,IL6,412,0.3842817538613205,6.012904962031397e-16,4.9840727477397735,3.089133851591823,,,,,,,0.4479682549447846,0.0004215999844573194,58.0,0.4716599276752585,8.592956183775189e-10,152,0.3210646676174674,3.686297844259544e-05,159,,,,0.40677483311967766,1.0551792148930413e-12,283.0,0.3144519075702903,0.0002842640481467038,129.0
Heart - Atrial Appendage,detection,RELA→CCL2,RELA,CCL2,412,0.5195441928307687,7.362836946985036e-30,4.9840727477397735,5.603045476871786,,,,,,,0.5917438247869822,9.98573771626143e-07,58.0,0.6268398386744941,5.684737218774777e-18,152,0.34112234631853217,1.081691497987131e-05,159,,,,0.5148898888796494,1.4636482281183604e-20,283.0,0.5239260562647234,1.8704956537623125e-10,129.0
Heart - Atrial Appendage,detection,RELA→NFKBIA,RELA,NFKBIA,412,0.6553928940914855,6.361833455321814e-52,4.9840727477397735,6.687732202335469,,,,,,,0.7355193946291796,4.8330560832459934e-11,58.0,0.7299715432210806,1.4322917807905318e-26,152,0.5871710685901572,4.134338535711758e-16,159,,,,0.6517057891459114,1.3307193534976916e-35,283.0,0.6268264765203874,1.920810416467584e-15,129.0
Heart - Atrial Appendage,detection,NFKB1→TNF,NFKB1,TNF,412,0.21048583844877575,1.6490872080346186e-05,3.5037440113650944,0.5744716242878037,,,,,,,0.22449513206894253,0.09022996147398143,58.0,0.276790908790543,0.0005563776642706163,152,0.1731205997187562,0.029091198871207438,159,,,,0.18909067131774884,0.0013944497217713897,283.0,0.2391158815680553,0.006350602758323739,129.0
Heart - Atrial Appendage,detection,HIF1A→VEGFA,HIF1A,VEGFA,412,0.2210666807599502,5.906912160467086e-06,4.8709299049331145,7.240767048400583,,,,,,,0.21049555507705558,0.11273565872766232,58.0,0.3663898454660724,3.4448794919107003e-06,152,0.10159467516125131,0.20257413124655582,159,,,,0.28992439260675607,6.952242828520408e-07,283.0,0.08427169648892469,0.3423579394333264,129.0
Heart - Atrial Appendage,detection,HIF1A→SLC2A1,HIF1A,SLC2A1,412,0.3680961509555177,1.1486826971617963e-14,4.8709299049331145,3.652782780742182,,,,,,,0.23476936803921203,0.07607752371572149,58.0,0.497589596694388,6.948093450518568e-11,152,0.30538536461587734,9.066457483882816e-05,159,,,,0.4044217367421359,1.4626944264756097e-12,283.0,0.2893176691583003,0.0008827654613060965,129.0
Heart - Atrial Appendage,detection,TP53→CDKN1A,TP53,CDKN1A,412,0.2941436959804462,1.1467838396386869e-09,2.774952524784699,6.243018466870762,,,,,,,0.2913699494323135,0.026480313115648663,58.0,0.3268822348468669,3.951443893932782e-05,152,0.3263742726721778,2.6868204908610415e-05,159,,,,0.3377526851917417,5.578874648262921e-09,283.0,0.17325750895235562,0.04958233470955763,129.0
Heart - Atrial Appendage,detection,TP53→MDM2,TP53,MDM2,412,0.6189023432895212,6.377496064319295e-45,2.774952524784699,2.423991573522392,,,,,,,0.5876218893229568,1.238175808868442e-06,58.0,0.6711961768308015,3.0215120772232797e-21,152,0.6358200823237468,2.175566957271072e-19,159,,,,0.6649902825312889,1.7036489292031715e-37,283.0,0.4883216493999539,4.34381629595332e-09,129.0
Heart - Atrial Appendage,detection,ATF4→DDIT3,ATF4,DDIT3,412,0.698216008054141,1.723708579198739e-61,7.405767100528606,5.423788136070215,,,,,,,0.7022471046864742,8.102623582230172e-10,58.0,0.7039268033289674,4.748240328554217e-24,152,0.7169391386510572,2.218689179892333e-26,159,,,,0.6870527098840813,7.307840794748782e-41,283.0,0.7133044031229233,2.4403022094844903e-21,129.0
Heart - Atrial Appendage,detection,XBP1→DNAJB1,XBP1,DNAJB1,412,0.16849832107522747,0.0005940033171347707,5.875771560136554,5.799670959560617,,,,,,,0.3019779138084838,0.02123376116645947,58.0,0.20019956396640218,0.01340068102459605,152,0.15267069600968766,0.05470741918955901,159,,,,0.17298492790097916,0.0035091315510800782,283.0,0.20903177837594583,0.017436990769413404,129.0
Heart - Atrial Appendage,detection,HSF1→HSPA1A,HSF1,HSPA1A,412,0.31846038339461463,3.654018298072213e-11,6.418755059103364,6.817141177006138,,,,,,,0.129873725348736,0.3312092767994773,58.0,0.3379741915092067,2.0587295635184716e-05,152,0.30606351687326366,8.729355835416947e-05,159,,,,0.34651008233153835,2.0984431857219315e-09,283.0,0.27079961650161144,0.0019094515369206982,129.0
Heart - Atrial Appendage,detection,STAT1→IRF1,STAT1,IRF1,412,0.28337412394009937,4.774970810325489e-09,4.347248035148509,3.0693899199221897,,,,,,,0.22427635424036424,0.09055231174313748,58.0,0.3561320371895172,6.700737635164359e-06,152,0.26258983409694026,0.0008261409009954544,159,,,,0.30718693327709595,1.3432158504294804e-07,283.0,0.2274610211380819,0.009531191570784732,129.0
Heart - Atrial Appendage,detection,NFE2L2→NQO1,NFE2L2,NQO1,412,0.4029746293875029,1.6160768593608015e-17,5.375837770480554,3.1761809704662527,,,,,,,0.2646344089329109,0.04469983091794173,58.0,0.43336929936310664,2.4495543178654237e-08,152,0.4383710507206223,7.504027350272737e-09,159,,,,0.4758669673258857,2.1246608294390217e-17,283.0,0.29149231745392856,0.0008035092506503777,129.0
Heart - Atrial Appendage,detection,NFE2L2→HMOX1,NFE2L2,HMOX1,412,0.33557354402793593,2.6611523277043256e-12,5.375837770480554,3.3834497627702733,,,,,,,0.23787258912916426,0.07216852572169825,58.0,0.446721626586445,7.979718082060185e-09,152,0.2885131378124687,0.00022598055650800954,159,,,,0.3266185825761674,1.852041245058265e-08,283.0,0.376571938092403,1.0903528453268435e-05,129.0
Heart - Atrial Appendage,housekeeping,ACTB↔GAPDH,ACTB,GAPDH,412,0.39190299253860883,1.414989797869898e-16,10.198617461815621,10.479406557036835,,,,,,,0.14190571421705722,0.2879704563454607,58.0,0.4561458813880774,3.5102762836011895e-09,152,0.42942655154754733,1.6207859514154098e-08,159,,,,0.41558310226001505,3.0370036988234444e-13,283.0,0.3539680033041006,3.868141593840272e-05,129.0
Heart - Atrial Appendage,housekeeping,RPL13A↔RPS18,RPL13A,RPS18,412,0.8968956288179117,2.3066983172201876e-147,9.997484374972222,9.907271088905706,,,,,,,0.9467839675166877,3.0121892120950656e-29,58.0,0.8860655030713639,6.0370810103766714e-52,152,0.8836455995526054,1.2812822994401201e-53,159,,,,0.8950959452712479,1.4238017093292558e-100,283.0,0.8905007882502168,2.910069076105268e-45,129.0
Heart - Atrial Appendage,housekeeping,HPRT1↔TBP,HPRT1,TBP,412,0.4815492247463326,2.636689568114755e-25,4.021501512782088,2.8933731476658755,,,,,,,0.42729705619982167,0.0008218356106816111,58.0,0.4853568209681876,2.3364555559588707e-10,152,0.509954598826365,6.6149691078828635e-12,159,,,,0.513150647833674,2.066085548505764e-20,283.0,0.39665023088981716,3.262131705752036e-06,129.0
Heart - Atrial Appendage,housekeeping,B2M↔PPIA,B2M,PPIA,412,0.6661623200066774,3.5252315174580506e-54,9.179601382283332,6.358857896721479,,,,,,,0.630932972407641,1.102543113659647e-07,58.0,0.7182202539153054,2.130180480298585e-25,152,0.6280544783099854,7.940403451225466e-19,159,,,,0.7033847322717406,1.4828000676461612e-43,283.0,0.580871480524073,5.341985249621551e-13,129.0
Heart - Atrial Appendage,hormone,ESR1→PGR,ESR1,PGR,412,0.45711551176559617,1.1551649536192084e-22,0.8278689634018731,1.714813033932621,,,,,,,0.46211818265711035,0.00026039791430414904,58.0,0.43314926000534804,2.4942480679960387e-08,152,0.5286565350638878,7.918923618132551e-13,159,,,,0.5271532751067955,1.2164273656461359e-21,283.0,0.25829471318701747,0.0031223238743214032,129.0
Heart - Atrial Appendage,hormone,AR→KLK3,AR,KLK3,412,-0.033073260795738614,0.5032037225485515,2.0150184320304,0.16500062481907096,,,,,,,-0.09303624162666566,0.4872886771401552,58.0,-0.09674113348406964,0.23576361702733736,152,-0.05782555263846607,0.46906240542302724,159,,,,-0.04601522600545083,0.4406604995711304,283.0,0.0032203679480583,0.9711065972678115,129.0
Heart - Atrial Appendage,hormone,AR→SMAD3,AR,SMAD3,412,-0.0049614914837370315,0.9200252417775385,2.0150184320304,4.357097803388984,,,,,,,0.05669199298655757,0.6725179017251767,58.0,0.019091928816192903,0.8154047529530118,152,-0.002266697018663377,0.9773778346015519,159,,,,0.034981431381892206,0.5578395097989673,283.0,-0.08909921078123981,0.31532014844462947,129.0
Colon - Transverse,production,SMAD3→COL1A1,SMAD3,COL1A1,402,0.482773980868559,7.3193681128191065e-25,4.323247087535574,7.557385990868753,0.2629034368102051,0.09677331018145689,41.0,0.6313290163428924,2.5479393387276817e-06,46.0,0.36857116440116605,0.0011392620177702025,75.0,0.3886889129063334,2.9219593916522843e-06,136,0.492805976324603,4.5181963520983286e-07,94,,,,0.5034837783381921,6.353606909105345e-18,257.0,0.4319655958050826,5.791925125667239e-08,145.0
Colon - Transverse,production,SMAD3→COL3A1,SMAD3,COL3A1,402,0.47384089679854524,6.837379688789104e-24,4.323247087535574,8.192854795882951,0.24721254355400704,0.11916748539283434,41.0,0.6540240518038853,8.264705394981894e-07,46.0,0.37432964910827193,0.0009379514893775142,75.0,0.3660161277072402,1.1754529081698478e-05,136,0.5307938228157092,3.7303977981053535e-08,94,,,,0.4914619477103752,4.9362006950825296e-17,257.0,0.42211935037234394,1.2347044727321875e-07,145.0
Colon - Transverse,production,SMAD3→FN1,SMAD3,FN1,402,0.369712608511219,1.818919968284877e-14,4.323247087535574,7.219199854343092,0.21358885017421608,0.17996115566679252,41.0,0.5480727721245761,8.054106438253886e-05,46.0,0.2595058251446782,0.024556643465661714,75.0,0.26814990804590294,0.0015979226809718955,136,0.3227864334232105,0.0015084785464861753,94,,,,0.382445364901413,2.23893629486271e-10,257.0,0.3419340553401855,2.5606277002764956e-05,145.0
Colon - Transverse,production,SMAD3→SERPINE1,SMAD3,SERPINE1,402,0.325980101726198,2.0928419309939607e-11,4.323247087535574,4.014474049136413,0.045818815331010454,0.7760579095582293,41.0,0.3340733888374961,0.02326427868025948,46.0,0.15482549414674995,0.18473338479573287,75.0,0.2339453863489571,0.006121270363429355,136,0.41964837247386144,2.5505337786557836e-05,94,,,,0.3518856743359165,6.622713114682853e-09,257.0,0.2667196770576686,0.0011832579307592655,145.0
Colon - Transverse,production,ESR1→COL1A1,ESR1,COL1A1,402,0.712113558273611,1.9851860871716628e-63,0.5448924506185067,7.557385990868753,0.6562132503284543,3.1909206589813495e-06,41.0,0.746654332408264,2.556632258863966e-09,46.0,0.6126074865552283,5.185102671464593e-09,75.0,0.7071188243872502,6.530504574819437e-22,136,0.6716372621441921,1.267910765730273e-13,94,,,,0.7161678187604893,1.0312548324730845e-41,257.0,0.6930096569536274,4.551518815759404e-22,145.0
Colon - Transverse,production,ESR1→ELN,ESR1,ELN,402,0.6758930497759755,5.707084118089001e-55,0.5448924506185067,5.413388521517094,0.4968641114982579,0.0009513739251722091,41.0,0.6582176996608079,6.64315086869416e-07,46.0,0.553655761024182,2.574533502359132e-07,75.0,0.6488820295816237,1.3127496179787812e-17,136,0.6924758061939433,1.0667472664396414e-14,94,,,,0.6729915180067385,2.9508227621341747e-35,257.0,0.6839271058240942,2.523841127389617e-21,145.0
Colon - Transverse,production,AR→COL1A1,AR,COL1A1,402,0.8379884542865718,2.849000838278079e-107,1.2777371238639106,7.557385990868753,0.8849688583680828,1.614883672050317e-14,41.0,0.8047486894850447,1.589722751213324e-11,46.0,0.8920404839520358,6.901077672685726e-27,75.0,0.857878578976621,1.4300901851914168e-40,136,0.6545750099338945,8.332854408796857e-13,94,,,,0.8422336304351737,2.240846217626498e-70,257.0,0.8314989765391276,2.4836112104645347e-38,145.0
Colon - Transverse,production,SOX9→ACAN,SOX9,ACAN,402,-0.2661588066490244,6.030871255526333e-08,3.4203750397732007,0.23804434552899936,-0.07491289198606273,0.6415752728249815,41.0,-0.3473943879124267,0.01800586834717843,46.0,-0.20746946991612886,0.07409137121973794,75.0,-0.20361029775727565,0.017429114248889755,136,-0.21721791148861144,0.035465139194114,94,,,,-0.28841115122860533,2.5847824381086322e-06,257.0,-0.22503368075282582,0.006502445992985734,145.0
Colon - Transverse,production,SOX9→COL2A1,SOX9,COL2A1,402,0.548801116432287,5.388723066046391e-33,3.4203750397732007,0.28358607899990695,0.4851916376306621,0.0013032521412375017,41.0,0.6387492679345163,1.7811002543899666e-06,46.0,0.49949501420436493,5.0661884376939175e-06,75.0,0.5718289768108289,3.5602355823040773e-13,136,0.488893865891518,5.744328315325669e-07,94,,,,0.5883990364962629,2.4747249055745383e-25,257.0,0.49983073334257844,1.5488196694222383e-10,145.0
Colon - Transverse,production,PPARG→FABP4,PPARG,FABP4,402,-0.49006928308349146,1.1234526543861128e-25,4.326176599780125,5.78319274311635,-0.09285714285714287,0.5636434206124159,41.0,-0.5924761023743448,1.4388526313164055e-05,46.0,-0.46869799006150303,2.2247757527823336e-05,75.0,-0.5886207447658623,4.836226486067882e-14,136,-0.20660407688635643,0.04572633710785793,94,,,,-0.5029032703900903,7.027882624933867e-18,257.0,-0.4697669154824612,2.507646618495992e-09,145.0
Colon - Transverse,production,PPARG→ADIPOQ,PPARG,ADIPOQ,402,0.15569653268464453,0.001741525232527462,4.326176599780125,1.7767486603356046,0.17787456445993033,0.26586663176357866,41.0,-0.18828245451742212,0.21017178075641454,46.0,0.04295935931244467,0.7143954884600983,75.0,0.06144304567477476,0.4773316535551193,136,0.21295764473389972,0.03932423371791422,94,,,,0.1704088547071761,0.006170064747089122,257.0,0.12830757603193224,0.1240437652858889,145.0
Colon - Transverse,production,RUNX2→SPP1,RUNX2,SPP1,402,0.26350310104672264,8.238744259367463e-08,2.249785179967311,4.148544928624262,0.14512195121951224,0.3653051709321198,41.0,0.15757015109466543,0.2956383421576798,46.0,0.31994310099573253,0.005138723903822404,75.0,0.25058173720881766,0.0032569949620988603,136,0.20830910056524513,0.04392889361374344,94,,,,0.2558072004672982,3.3222774300181706e-05,257.0,0.2763824881403404,0.0007652288983739838,145.0
Colon - Transverse,production,FOXO1→PCK1,FOXO1,PCK1,402,-0.6009866466339407,7.850755303760069e-41,4.1926884152996005,4.9319580581168925,-0.3380085386116307,0.03066110845529151,41.0,-0.5337650323774282,0.00013341395530990337,46.0,-0.559030420406499,1.8600547820241199e-07,75.0,-0.5658273261231612,7.072629106724533e-13,136,-0.5044287427704002,2.1747390458758183e-07,94,,,,-0.6454600114744655,1.1091516549082003e-31,257.0,-0.5053584397728611,9.007583135567103e-11,145.0
Colon - Transverse,production,HNF4A→ALB,HNF4A,ALB,402,-0.06702449081545409,0.17986825579026425,3.9253048092747727,1.106084360356503,-0.12717770034843207,0.42814126334743463,41.0,-0.23391921060746224,0.11766467805415814,46.0,0.05651533794835653,0.6300888172326427,75.0,0.06266421925563564,0.4686045157509703,136,-0.24251071961549553,0.018520702131179685,94,,,,-0.11732458504609956,0.0603566718433456,257.0,0.02812360688359558,0.7370304080191263,145.0
Colon - Transverse,detection,RELA→ICAM1,RELA,ICAM1,402,0.6124429473354607,9.457831629227258e-43,5.772095929330854,4.0309651689742925,0.48275261324041824,0.0013899054395089879,41.0,0.7269195189639223,1.0630966425022786e-08,46.0,0.6417923186344238,5.476698876183889e-10,75.0,0.5527236989783725,3.019821377618592e-12,136,0.624720042786544,1.7076312276700757e-11,94,,,,0.6208695925734898,8.73008286755814e-29,257.0,0.5962228277719814,2.530195136718911e-15,145.0
Colon - Transverse,detection,RELA→IL6,RELA,IL6,402,0.7657029150832424,1.1290760122819704e-78,5.772095929330854,2.134051520738806,0.6135888501742162,1.9909647858185537e-05,41.0,0.8008017267961762,2.363835566541251e-11,46.0,0.7803896187225744,1.5380323116005047e-16,75.0,0.780831998512075,3.6881219830847745e-29,136,0.7550698984936605,1.4823258809202839e-18,94,,,,0.7790580061700199,1.2598094119405977e-53,257.0,0.7394755539984923,2.3725628004771388e-26,145.0
Colon - Transverse,detection,RELA→CCL2,RELA,CCL2,402,0.6904116254023946,3.279256292515499e-58,5.772095929330854,4.816508821587064,0.6088850174216028,2.3976253317954475e-05,41.0,0.8436016034535924,1.8435164155004526e-13,46.0,0.7262588904694167,1.659325729582891e-13,75.0,0.6896633978898857,1.6252174391393403e-20,136,0.560582306830907,4.209350061827596e-09,94,,,,0.6676013731808811,1.5847534246797147e-34,257.0,0.7352695151738213,6.306315303859557e-26,145.0
Colon - Transverse,detection,RELA→NFKBIA,RELA,NFKBIA,402,0.4832594011359509,6.470245072840218e-25,5.772095929330854,7.2745065653502055,0.465284434207402,0.0021744150117337904,41.0,0.395868023435091,0.0064642551991082944,46.0,0.47336040798073503,1.7944705227236065e-05,75.0,0.4722094669544735,6.483843825477176e-09,136,0.47999306431359057,9.811102064302914e-07,94,,,,0.4916613321297537,4.774298335254944e-17,257.0,0.46093777680286796,5.404337036012246e-09,145.0
Colon - Transverse,detection,NFKB1→TNF,NFKB1,TNF,402,0.11000490193050612,0.02742460092629355,4.546680054261317,0.9691633115944207,0.12404181184668991,0.43970956801659145,41.0,0.19901325932778288,0.1848611838900584,46.0,0.31839486768136527,0.005370749373995104,75.0,0.09517755145671845,0.27037013262850346,136,0.02515650568914497,0.809806193546759,94,,,,0.0810661061005142,0.19518696451084788,257.0,0.15522465613141867,0.06228083867444209,145.0
Colon - Transverse,detection,HIF1A→VEGFA,HIF1A,VEGFA,402,0.2453093244583734,6.377941922114308e-07,5.364912875849216,5.691941430912682,0.3923344947735192,0.011177118848074189,41.0,0.11538698735738515,0.44509902494124953,46.0,0.25592113688416956,0.026680261986355255,75.0,0.14737748559592667,0.08685970777740627,136,0.3565003792941516,0.00042065053073582454,94,,,,0.20729340108990008,0.0008277175534592086,257.0,0.308269448417761,0.0001618024237765482,145.0
Colon - Transverse,detection,HIF1A→SLC2A1,HIF1A,SLC2A1,402,0.304956129468424,4.24679611341485e-10,5.364912875849216,4.105155625153537,0.6340868510740502,8.543359129733641e-06,41.0,0.0389157852724418,0.797353896279786,46.0,0.35205587602332905,0.0019516271909781515,75.0,0.26212325418043375,0.002051121376627989,136,0.40760180472687546,4.551904663627061e-05,94,,,,0.2667869662846262,1.4582839306042335e-05,257.0,0.3752771504083196,3.303918945808208e-06,145.0
Colon - Transverse,detection,TP53→CDKN1A,TP53,CDKN1A,402,-0.01253920912840186,0.802094505074333,4.1789680144087,6.7096779192264995,-0.031184668989547044,0.8465273830462203,41.0,-0.16978630246439347,0.25929057373512027,46.0,0.021963484289870848,0.8516315140781978,75.0,-0.07078919842259951,0.41281782728045047,136,0.15987602365480522,0.12374697600085183,94,,,,0.024903173765713844,0.6911139903253773,257.0,-0.0910297780557415,0.276189591439714,145.0
Colon - Transverse,detection,TP53→MDM2,TP53,MDM2,402,0.15469373969217676,0.001866526584691075,4.1789680144087,3.099682569503784,0.2966898954703833,0.0596121596185374,41.0,0.36584538547721834,0.012407134483624937,46.0,0.36199918925429614,0.0014162096829992115,75.0,0.14981519096008097,0.08171114953125036,136,0.09404429481289708,0.36727265990618674,94,,,,0.15560115410428352,0.01250559000864203,257.0,0.166766389283251,0.04498287174451889,145.0
Colon - Transverse,detection,ATF4→DDIT3,ATF4,DDIT3,402,0.8011467497598064,3.2559991732421367e-91,8.661403827999361,5.359436908171545,0.8383275261324045,7.952161990367162e-12,41.0,0.8519888991674375,6.002510384093926e-14,46.0,0.8259091458896372,7.612231840828259e-20,75.0,0.7797580498047976,4.921188405915892e-29,136,0.6584185240039013,5.510458542259448e-13,94,,,,0.8008905112641292,1.0059767617643724e-58,257.0,0.7931793937212835,1.322658302997346e-32,145.0
Colon - Transverse,detection,XBP1→DNAJB1,XBP1,DNAJB1,402,-0.10280085621780075,0.03938003962228123,7.09080972007258,6.178374498044674,-0.20296167247386765,0.20312682718198438,41.0,-0.14264569842738203,0.34430525578675975,46.0,-0.08244724358134267,0.48191857854475884,75.0,-0.07122998810890534,0.40990700001823954,136,0.005628023075653798,0.9570657960304275,94,,,,-0.11608592421988316,0.06313860357309052,257.0,-0.09209234033495417,0.27059922901282385,145.0
Colon - Transverse,detection,HSF1→HSPA1A,HSF1,HSPA1A,402,0.754968313466861,2.631506019776678e-75,6.242095851186496,6.2670899783793965,0.8179442508710802,6.631454849729067e-11,41.0,0.8021584952204749,2.0645503470302562e-11,46.0,0.7268563300142247,1.5503956949081016e-13,75.0,0.7445559480844142,2.785197296989206e-25,136,0.5772805594827228,1.1243114736643714e-09,94,,,,0.7399388946928639,8.276777230598699e-46,257.0,0.7766764617328492,1.6870881992741327e-30,145.0
Colon - Transverse,detection,STAT1→IRF1,STAT1,IRF1,402,0.2855150288518822,5.592924694130264e-09,5.111326334488332,4.6731363173147935,0.39320557491289204,0.010982782809347556,41.0,0.17447884577405326,0.24615952936750135,46.0,0.41946244284448464,0.00017969936819065018,75.0,0.29759669860496196,0.0004338663117584172,136,0.18799330995068997,0.06960229027130772,94,,,,0.31171187061657435,3.389291353840935e-07,257.0,0.23797770810376023,0.003947114150054095,145.0
Colon - Transverse,detection,NFE2L2→NQO1,NFE2L2,NQO1,402,-0.3669053130314876,2.9567631146260414e-14,5.725549033625209,5.0150861158892885,-0.08083623693379793,0.6153714692843086,41.0,-0.471600370027752,0.0009381276655886318,46.0,-0.22195036949615074,0.05564487843438057,75.0,-0.41717097746165505,4.362940094432448e-07,136,-0.27898811179646604,0.006469424480171321,94,,,,-0.3271149903883648,8.011760839374298e-08,257.0,-0.42455518815934495,1.0261437177916992e-07,145.0
Colon - Transverse,detection,NFE2L2→HMOX1,NFE2L2,HMOX1,402,-0.07372451623116313,0.1400572906477757,5.725549033625209,4.840470088062002,0.07421602787456447,0.6446872867313036,41.0,0.12044403330249767,0.42526595925898236,46.0,0.06997204816711951,0.5508214483751888,75.0,-0.062335184003574726,0.4709473404346245,136,-0.10912913433612209,0.29509014283625623,94,,,,-0.058046714638061166,0.35402772917843084,257.0,-0.10007311862285372,0.23106531815557224,145.0
Colon - Transverse,housekeeping,ACTB↔GAPDH,ACTB,GAPDH,402,0.4788498337110957,1.9691199162556468e-24,12.129371745076346,9.907995530028842,0.1865853658536586,0.24277679595193177,41.0,0.43208239559227773,0.0027122087165182404,46.0,0.35436033493845376,0.0018134815389006804,75.0,0.5363492697708467,1.698905914884968e-11,136,0.5570751513720602,5.503534250188178e-09,94,,,,0.498976775391209,1.3833562564255992e-17,257.0,0.446783761549289,1.7700160382461595e-08,145.0
Colon - Transverse,housekeeping,RPL13A↔RPS18,RPL13A,RPS18,402,0.7962214319094498,2.5273143520554163e-89,11.21872119761225,11.269116921211356,0.5705574912891986,9.822904999672159e-05,41.0,0.7476024549485571,2.3796772841554287e-09,46.0,0.814858281063203,5.841055077214885e-19,75.0,0.7884903241201899,4.493522261733329e-30,136,0.8087347602328573,6.355530455045228e-23,94,,,,0.7905816681017847,3.0578432592508556e-56,257.0,0.8093307365997084,7.35235709145181e-35,145.0
Colon - Transverse,housekeeping,HPRT1↔TBP,HPRT1,TBP,402,0.2752823107202783,2.0118484726602674e-08,4.315191931392423,3.977601449287946,0.21333681800801602,0.18048770698731065,41.0,0.37769828543234246,0.009658739963421351,46.0,0.20337849865273977,0.08010669340630609,75.0,0.22405555172831196,0.008735857012155207,136,0.2772329088792585,0.006827336663618344,94,,,,0.34826134084308846,9.66978722988394e-09,257.0,0.1426409197106329,0.08698496500251629,145.0
Colon - Transverse,housekeeping,B2M↔PPIA,B2M,PPIA,402,0.3574072636530153,1.4776880603842958e-13,10.453331650786138,7.739438297736704,0.524458771242873,0.00043179076439753326,41.0,0.2762257169287696,0.06313608120698533,46.0,0.512251502555722,2.6286243082938444e-06,75.0,0.3158382492918318,0.00017994847931873174,136,0.26880450256037564,0.008800989408754449,94,,,,0.41652839803396047,3.3084767371873724e-12,257.0,0.26279118515112376,0.0014062973172542764,145.0
Colon - Transverse,hormone,ESR1→PGR,ESR1,PGR,402,0.7061268961285349,6.094107328770437e-62,0.5448924506185067,1.5335805818846273,0.6425087108013938,5.9269423388690855e-06,41.0,0.7782300339192105,1.951102846075786e-10,46.0,0.6369559032716927,8.080456259909295e-10,75.0,0.6809201384959503,7.477824631795095e-20,136,0.5940533257271616,2.76466853556803e-10,94,,,,0.7034474275212138,1.0881379822415163e-39,257.0,0.7063625932187712,3.2594185471336787e-23,145.0
Colon - Transverse,hormone,AR→KLK3,AR,KLK3,402,-0.6809619650705138,4.429399484401505e-56,1.2777371238639106,1.6643099999842952,-0.4503484320557492,0.003130938742506601,41.0,-0.6963305581251926,7.717124582678307e-08,46.0,-0.5815546341159477,4.4658015876722825e-08,75.0,-0.6877097650631294,2.2963904728427203e-20,136,-0.6183926782217788,3.10926437643661e-11,94,,,,-0.7043137615644026,7.985688225655886e-40,257.0,-0.6398409669198493,4.5802377528344174e-18,145.0
Colon - Transverse,hormone,AR→SMAD3,AR,SMAD3,402,0.4744069498679522,5.946213149071137e-24,1.2777371238639106,4.323247087535574,0.19547038327526134,0.22066157369531314,41.0,0.5985198889916744,1.1155823826071171e-05,46.0,0.36811334446604077,0.0011568343747637305,75.0,0.3736585109902095,7.438319421606723e-06,136,0.5019597077169483,2.545968489237333e-07,94,,,,0.4880874868646626,8.65141277418651e-17,257.0,0.44856739375933585,1.5287395570296232e-08,145.0
Colon - Sigmoid,production,SMAD3→COL1A1,SMAD3,COL1A1,364,0.307877069301933,1.9722220096846276e-09,4.521643312422784,8.670084437171182,0.3582887700534759,0.03746485601532746,34.0,0.5152642521063574,0.0009315101815862299,38.0,0.2251819598813936,0.10848798034969395,52.0,0.2496915653351758,0.00915816065276098,108,0.3513222405695372,7.777859080948384e-05,121,,,,0.2998510953764297,2.727860303618538e-06,236.0,0.3065802763497103,0.000432060953546369,128.0
Colon - Sigmoid,production,SMAD3→COL3A1,SMAD3,COL3A1,364,0.2482927520804387,1.6175036349952352e-06,4.521643312422784,8.977709937881638,0.11352177234530175,0.5226588298290431,34.0,0.43254185359448516,0.006684266008595979,38.0,0.2717124501696815,0.051349455227334105,52.0,0.3277926371453519,0.0005340325938504727,108,0.24482918047928337,0.0067999562022482965,121,,,,0.17686909781880802,0.006445778086003379,236.0,0.4037997139034132,2.2840023222410696e-06,128.0
Colon - Sigmoid,production,SMAD3→FN1,SMAD3,FN1,364,-0.04275493380953605,0.41605842931125514,4.521643312422784,9.134806846524333,0.012987012987012986,0.9418880016128985,34.0,0.03490535069482438,0.8351926756413766,38.0,-0.04661586733468849,0.7427916345174215,52.0,0.12045386341773037,0.21432733473781998,108,-0.08829148009453229,0.3355437944115651,121,,,,-0.05822710790601528,0.37319307041958505,236.0,-0.005369106393840604,0.9520369292809086,128.0
Colon - Sigmoid,production,SMAD3→SERPINE1,SMAD3,SERPINE1,364,0.20190247349210239,0.00010496267662874929,4.521643312422784,4.45145029779319,-0.015431627196333078,0.9309732374305432,34.0,0.19575445891235363,0.23886089588857995,38.0,0.49377814785745583,0.00019928592968509754,52.0,0.10931661042591162,0.26007614552018327,108,0.19357264308905975,0.03339006442296944,121,,,,0.18258851713229524,0.004896314174328555,236.0,0.22969098713950667,0.009103774726911965,128.0
Colon - Sigmoid,production,ESR1→COL1A1,ESR1,COL1A1,364,0.3872154641000995,1.8137337034919605e-14,0.6570471164739722,8.670084437171182,0.44232238349885405,0.008809697991669026,34.0,0.27606959185906554,0.09339774932499202,38.0,0.25954068129428837,0.06316063299904752,52.0,0.3940390647525746,2.4501372451174257e-05,108,0.5089097307634216,2.520254200165437e-09,121,,,,0.35472612799531744,2.0974642912407366e-08,236.0,0.45048097006597954,9.526686412875216e-08,128.0
Colon - Sigmoid,production,ESR1→ELN,ESR1,ELN,364,0.44735457894427627,2.593481340892302e-19,0.6570471164739722,6.1201096668348205,0.16913674560733383,0.3389446869092686,34.0,0.25330999015209543,0.1249079790179891,38.0,0.34167164688807306,0.013173620793964697,52.0,0.4272162375240463,4.005086156252398e-06,108,0.5472844927600531,8.280321126589464e-11,121,,,,0.4644540665838881,4.974539722988102e-14,236.0,0.4110871882179584,1.4345719546911053e-06,128.0
Colon - Sigmoid,production,AR→COL1A1,AR,COL1A1,364,0.18867636979889207,0.00029471805384167273,2.0585745429763427,8.670084437171182,0.24784169986000126,0.15757969603424216,34.0,0.25024619761461864,0.12969234434751406,38.0,0.16742081447963802,0.23548957903341589,52.0,0.034873113977210594,0.7201158543421569,108,0.23230032668536915,0.01034870618735471,121,,,,0.24787290811438992,0.00011913506040707907,236.0,0.08438268054958245,0.3436356291281756,128.0
Colon - Sigmoid,production,SOX9→ACAN,SOX9,ACAN,364,0.18514727494883182,0.0003837940915468178,1.2678774642747836,0.18636920616404246,0.14835752482811307,0.4023921045178426,34.0,0.13098429740019202,0.43312535068640345,38.0,0.12379671728076613,0.381911243300201,52.0,0.14241991921183225,0.1414655903422821,108,0.23492193599445693,0.00949430316379732,121,,,,0.19923096183408479,0.002103034737975417,236.0,0.16199621175338552,0.06771701141148087,128.0
Colon - Sigmoid,production,SOX9→COL2A1,SOX9,COL2A1,364,0.2860204242364051,2.78218970973401e-08,1.2678774642747836,0.14208852791529314,0.5406729408863065,0.0009625737381519991,34.0,0.33642202935985,0.038904446337112916,38.0,0.463250658107991,0.0005434207767240767,52.0,0.11028079019168577,0.25587068226620147,108,0.3760802756749958,2.1273710710803554e-05,121,,,,0.2916248232623018,5.222351431557271e-06,236.0,0.28282631978239064,0.001217563975780379,128.0
Colon - Sigmoid,production,PPARG→FABP4,PPARG,FABP4,364,0.4799269994669942,2.2821474308966823e-22,2.865773910022044,6.3142931291035245,0.37723453017570663,0.02785395343250421,34.0,0.37104716052084474,0.021822974183711524,38.0,0.5154956031759583,9.19781142703983e-05,52.0,0.5984780822424176,7.89451512503008e-12,108,0.36400894187779426,4.0562249864667425e-05,121,,,,0.4987858717884515,3.0048448626386047e-16,236.0,0.42127761238485645,7.348540000870736e-07,128.0
Colon - Sigmoid,production,PPARG→ADIPOQ,PPARG,ADIPOQ,364,0.14488863832639964,0.0056156365831481,2.865773910022044,1.1733252803672227,0.3286478227654698,0.05772964939069809,34.0,0.2412736623262939,0.14448662816124025,38.0,0.39264065568172113,0.003987448637788503,52.0,0.2508776693322926,0.008821816382011408,108,-0.011043454073243369,0.9043083124684698,121,,,,0.1439642321260647,0.02700744743764768,236.0,0.1580262032384982,0.07482500598301343,128.0
Colon - Sigmoid,production,RUNX2→SPP1,RUNX2,SPP1,364,0.3846223706446319,2.7941665377683266e-14,2.2711533113167834,5.56748366028398,0.3103132161955691,0.07407862870711797,34.0,0.422475106685633,0.008234317753447129,38.0,0.2847263724067276,0.04077222174655887,52.0,0.4013937746964586,1.6671179131393763e-05,108,0.3734872425412378,2.4490225347976903e-05,121,,,,0.3292863877605033,2.2568517612234393e-07,236.0,0.4828485020176959,7.826542546161707e-09,128.0
Colon - Sigmoid,production,FOXO1→PCK1,FOXO1,PCK1,364,-0.05305760698723616,0.3127329294294493,4.711697932128068,1.6364550788344427,-0.03712757830404889,0.8348673196289484,34.0,-0.07123317649633439,0.6708491801627031,38.0,0.07094681123537948,0.617216822484407,52.0,0.07523829031252445,0.4389906725846995,108,-0.24766162835325362,0.0061663178031993145,121,,,,-0.006787435142430316,0.9173930464057789,236.0,-0.14768685819638536,0.09618621227676251,128.0
Colon - Sigmoid,production,HNF4A→ALB,HNF4A,ALB,364,0.036080441037568245,0.4925701288306551,0.7790368769783527,1.0776598773497557,0.01451933431730516,0.9350451213872776,34.0,0.033720171463379106,0.8407155014655304,38.0,0.12262499745724237,0.3864677509947093,52.0,0.10291904045586427,0.2891728027201039,108,0.010524657794424885,0.9087838236726788,121,,,,0.027478941602724745,0.6745019219658479,236.0,0.04425958865712109,0.6198442208859061,128.0
Colon - Sigmoid,detection,RELA→ICAM1,RELA,ICAM1,364,0.44710170503453994,2.731161320374632e-19,6.335313334569826,4.174789338976472,0.5532467532467532,0.0006895720100078993,34.0,0.4121895174526754,0.01012636684483151,38.0,0.5197344557799716,7.86069619470225e-05,52.0,0.3867034084613949,3.565150507296379e-05,108,0.43959639478776336,4.5440434686526923e-07,121,,,,0.4300437126940723,4.840840450214161e-12,236.0,0.4815651984824121,8.68516730864473e-09,128.0
Colon - Sigmoid,detection,RELA→IL6,RELA,IL6,364,0.4734937144952897,9.727935806927448e-22,6.335313334569826,3.39499601492515,0.5721925133689839,0.00040665759509132094,34.0,0.4638363059415691,0.0033554459219068545,38.0,0.6404559135735636,3.165272416802763e-07,52.0,0.3531658985636349,0.00017749908664900315,108,0.4074908929566182,3.5036858937923997e-06,121,,,,0.49858193744842555,3.1027731238971357e-16,236.0,0.43073797755424936,3.8710371178749895e-07,128.0
Colon - Sigmoid,detection,RELA→CCL2,RELA,CCL2,364,0.32326580614399286,2.672044911535716e-10,6.335313334569826,5.770249696878286,0.5343009931245225,0.0011342647854791167,34.0,0.14717146296093664,0.3779201777591853,38.0,0.4834475252429919,0.0002828021896595546,52.0,0.27497278900301153,0.003975671884883217,108,0.2500753626737101,0.0056683634174143575,121,,,,0.32774911579485105,2.5877947078338967e-07,236.0,0.32437489807087216,0.00018741241000037282,128.0
Colon - Sigmoid,detection,RELA→NFKBIA,RELA,NFKBIA,364,0.41341103501120585,1.850650348045773e-16,6.335313334569826,7.45110486627935,0.4612681436210848,0.006037220921423776,34.0,0.5504978662873399,0.00034228164482116353,38.0,0.3605976520811099,0.008637061094102269,52.0,0.24208676101422835,0.011595183311263031,108,0.5395603893131432,1.7050964986247045e-10,121,,,,0.38213060709601954,1.2695244375859734e-09,236.0,0.4689278872913784,2.3668864082657956e-08,128.0
Colon - Sigmoid,detection,NFKB1→TNF,NFKB1,TNF,364,0.2555080076722379,7.80201068493614e-07,4.670734252248492,0.7367627392522991,0.27058823529411763,0.12166891237616731,34.0,-0.10078240426531065,0.5471427500291878,38.0,0.2049902884076686,0.14489457700051434,52.0,0.3248417352239699,0.00060338748236874,108,0.311248251406589,0.0005110033476690851,121,,,,0.251761456256513,9.219381264248491e-05,236.0,0.2493615816020192,0.0045324414486801815,128.0
Colon - Sigmoid,detection,HIF1A→VEGFA,HIF1A,VEGFA,364,0.43041322933009013,7.554007463138066e-18,5.300739748137338,5.446991294294923,0.5343009931245225,0.0011342647854791167,34.0,0.3692964219280009,0.022502580176602737,38.0,0.6376675488773157,3.694487365272335e-07,52.0,0.3899386947308366,3.0249222254893574e-05,108,0.45713472813551054,1.3581471259237788e-07,121,,,,0.42896595987227254,5.541761947867685e-12,236.0,0.46688583503050884,2.7726471027835426e-08,128.0
Colon - Sigmoid,detection,HIF1A→SLC2A1,HIF1A,SLC2A1,364,0.44678605876730876,2.9131426080316252e-19,5.300739748137338,3.747312571648713,0.14163483575248279,0.42428166806592793,34.0,0.41678520625889043,0.009239587239946298,38.0,0.5261472790279814,6.173246813654979e-05,52.0,0.42574160743230083,4.358860914534025e-06,108,0.4787340340243365,2.788113281056927e-08,121,,,,0.4123717763986384,4.1885455806622625e-11,236.0,0.5196380543718844,3.2726890407353836e-10,128.0
Colon - Sigmoid,detection,TP53→CDKN1A,TP53,CDKN1A,364,0.27671667950422196,8.032101718859503e-08,3.9777126141956876,6.643678991349189,0.07410236822001527,0.6770449801519691,34.0,-0.004705367408695286,0.9776326352414894,38.0,0.16589468295525037,0.23984721821753874,52.0,0.4288582596181697,3.643124705715743e-06,108,0.3110734015510377,0.0005149319194829442,121,,,,0.2553891900555375,7.231372963369725e-05,236.0,0.30826983770212874,0.0004000054569942692,128.0
Colon - Sigmoid,detection,TP53→MDM2,TP53,MDM2,364,0.11288499687791262,0.031303940301602856,3.9777126141956876,3.156625364835446,0.062490450725744835,0.7255186385206764,34.0,0.3140559177431504,0.054832936135737066,38.0,-0.12495197450019485,0.37745018578078326,52.0,0.21659652410127933,0.02435112712676102,108,0.266845279325403,0.003089658614224978,121,,,,0.13483616912527951,0.03846583281355511,236.0,0.05567111780369703,0.5325274648854643,128.0
Colon - Sigmoid,detection,ATF4→DDIT3,ATF4,DDIT3,364,0.3866672389469168,1.9878814535657136e-14,9.65614693243425,5.966999215084118,0.39587471352177234,0.02047263233682381,34.0,0.5294890031732138,0.0006299786032319005,38.0,0.41116707931358315,0.0024613773912699815,52.0,0.2187655555958713,0.022926906628933357,108,0.40560698281731067,3.924541569266721e-06,121,,,,0.3533319791023833,2.4024247964058956e-08,236.0,0.4444918133637355,1.471421675502996e-07,128.0
Colon - Sigmoid,detection,XBP1→DNAJB1,XBP1,DNAJB1,364,0.00222019740174976,0.9663288786748302,6.197960389839424,6.3587132181440085,-0.1657754010695187,0.3487700833124503,34.0,-0.20691541744173325,0.21260088764121304,38.0,-0.07777682916417655,0.5836547260165947,52.0,0.10782436384768546,0.2666774067526459,108,0.11434464958963296,0.2117251549250257,121,,,,0.006439131808200001,0.921618153935863,236.0,0.014878227430873466,0.8676172103867191,128.0
Colon - Sigmoid,detection,HSF1→HSPA1A,HSF1,HSPA1A,364,0.515185329891995,4.5771337527760404e-26,6.89085673892891,7.228757977485657,0.3738731856378915,0.0293929944216658,34.0,0.42378816063026586,0.008016126869590249,38.0,0.3989584222658584,0.0033928473415101835,52.0,0.41781724038673945,6.823177118126138e-06,108,0.6574819552089384,2.5801550379243374e-16,121,,,,0.4759317693453172,9.60243724376265e-15,236.0,0.5732996090281017,1.5230210789224193e-12,128.0
Colon - Sigmoid,detection,STAT1→IRF1,STAT1,IRF1,364,0.3283291910340489,1.3497776188304253e-10,5.371855370290986,4.4018954791865506,0.25836516424751715,0.1401194236483141,34.0,0.08064339643287012,0.6303046131506922,38.0,0.2847263724067276,0.04077222174655887,52.0,0.375619840620077,6.179626680545917e-05,108,0.34708960658458526,9.606318821751599e-05,121,,,,0.33817228266440036,1.0082123236110271e-07,236.0,0.33197997138905555,0.00012906482139140134,128.0
Colon - Sigmoid,detection,NFE2L2→NQO1,NFE2L2,NQO1,364,0.08012839493148556,0.12702263644795306,6.055405065253541,4.072669420268509,0.10955764414279957,0.5373721214490614,34.0,-0.22461151236594437,0.1751810884923514,38.0,-0.11013403910185263,0.4370108764446028,52.0,0.19683899148999354,0.04116844718201113,108,0.12756106070070697,0.163224082708373,121,,,,0.031917506252726484,0.6256582597009038,236.0,0.177132286986074,0.0454775915554138,128.0
Colon - Sigmoid,detection,NFE2L2→HMOX1,NFE2L2,HMOX1,364,0.2744875774437368,1.0295452031700922e-07,6.055405065253541,4.241245785912315,0.34300993124522533,0.047035999664043954,34.0,0.09005854365944697,0.5907788420828493,38.0,0.3901647741825322,0.004244380637060759,52.0,0.29198700543980494,0.0021678458726054205,108,0.27914719794696036,0.0019311265824844238,121,,,,0.30132094441535157,2.423850355799358e-06,236.0,0.25786367765847173,0.003296544281345183,128.0
Colon - Sigmoid,housekeeping,ACTB↔GAPDH,ACTB,GAPDH,364,0.5655079926166633,3.755405938751457e-32,13.211346225424128,10.096844856555645,0.3641503709998816,0.03424078652793722,34.0,0.6372291529875246,1.692063267425118e-05,38.0,0.5872961666524373,4.722502470968252e-06,52.0,0.5776623414004013,5.937573090805839e-11,108,0.6232151839146434,2.2807041563714865e-14,121,,,,0.5240501897169194,4.767959364771547e-18,236.0,0.6277235258268216,2.1986963700389353e-15,128.0
Colon - Sigmoid,housekeeping,RPL13A↔RPS18,RPL13A,RPS18,364,0.7936962937865837,3.769282787739568e-80,11.468882199172135,11.372459912038112,0.7332314744079449,8.131876675724412e-07,34.0,0.7864098916730496,4.857860537405957e-09,38.0,0.8416221992727508,5.54832045035796e-15,52.0,0.7648626569291047,5.722620409678866e-22,108,0.7712781361520484,4.221832764462135e-25,121,,,,0.7812112202792194,8.70095896495655e-50,236.0,0.8276320853114124,2.1244991586064276e-33,128.0
Colon - Sigmoid,housekeeping,HPRT1↔TBP,HPRT1,TBP,364,0.1005956602729999,0.055173400748200575,4.2087381318375305,4.287120623247964,-0.07808679797773374,0.6606899640464853,34.0,0.1526592252133946,0.3601928680952414,38.0,-0.14728169227885068,0.2974389719437356,52.0,0.13687321817227757,0.15779281994506747,108,0.15593536663251087,0.08764586550815605,121,,,,0.12877228219956188,0.04815838155407286,236.0,0.032228760105497474,0.7179920022914605,128.0
Colon - Sigmoid,housekeeping,B2M↔PPIA,B2M,PPIA,364,0.38581782005945325,2.2905305139389917e-14,9.935417542090782,7.658434894058731,0.42368220015278835,0.012527289305896493,34.0,0.3458992181136232,0.03340420041366258,38.0,0.1546145308631435,0.2737640381891223,52.0,0.43592790982933044,2.409239619717918e-06,108,0.4698340977661531,5.4250811503741144e-08,121,,,,0.35055312400948063,3.1427756379271824e-08,236.0,0.4454792560819379,1.3704362473321462e-07,128.0
Colon - Sigmoid,hormone,ESR1→PGR,ESR1,PGR,364,0.2742208952238077,1.060424840817078e-07,0.6570471164739722,2.5434882105379315,0.12330022918258213,0.48722849937433466,34.0,0.17452675347412192,0.29464508337377093,38.0,0.3286946128233586,0.017352423659607704,52.0,0.31288881267445956,0.0009772663266589788,108,0.3135827015021118,0.00046112845203980375,121,,,,0.25268440115572843,8.669896090675118e-05,236.0,0.2992739679976739,0.0005998443382776203,128.0
Colon - Sigmoid,hormone,AR→KLK3,AR,KLK3,364,-0.16520493988600796,0.0015624449612528437,2.0585745429763427,0.48605812086652106,-0.18910452322738386,0.2841169946542129,34.0,-0.43170143109338716,0.006803273873223057,38.0,-0.442781567651198,0.0010124414341943367,52.0,0.06443496749808494,0.5076348837594941,108,-0.19301660410291396,0.03391062698522869,121,,,,-0.15212523826236868,0.0193764140533701,236.0,-0.1781856163854552,0.04418854403458188,128.0
Colon - Sigmoid,hormone,AR→SMAD3,AR,SMAD3,364,0.16530406754386512,0.001552148990196016,2.0585745429763427,4.521643312422784,0.018183207326350277,0.9187027942297217,34.0,0.3285917496443812,0.04398552091048066,38.0,0.3194382191075769,0.02097979623090045,52.0,0.09576502699947456,0.324178760543434,108,0.19555070824328566,0.03159258936566291,121,,,,0.13785901248128796,0.034285101867405895,236.0,0.22625751074443204,0.01022595146928008,128.0
Esophagus - Gastroesophageal Junction,production,SMAD3→COL1A1,SMAD3,COL1A1,363,0.36034792486808087,1.4294454335446418e-12,4.598741092629341,7.378800129430681,0.22447163515016688,0.23305287851340695,30.0,0.45755347593582885,0.007421941308041652,33.0,0.5225550568834152,6.773852429848687e-06,66.0,0.16873049380989663,0.05130798397451335,134,0.4842262529520326,1.3276139757392156e-06,90,,,,0.3709769481697867,2.410059715860878e-09,243.0,0.33477382938766587,0.0001859973071800428,120.0
Esophagus - Gastroesophageal Junction,production,SMAD3→COL3A1,SMAD3,COL3A1,363,0.14910751436066758,0.004413149122615897,4.598741092629341,8.118720815201437,0.07898542712130928,0.6782242518358699,30.0,0.37753823145100185,0.030307707031143917,33.0,0.3135822313314668,0.010350279597955848,66.0,-0.007124794884711492,0.9348822458326282,134,0.29299211010706283,0.005070898955868444,90,,,,0.16622474269660417,0.009434046969776568,243.0,0.1268284721657446,0.16747111594529981,120.0
Esophagus - Gastroesophageal Junction,production,SMAD3→FN1,SMAD3,FN1,363,-0.11169997416569048,0.033379204320918884,4.598741092629341,9.121589457036379,0.02469410456062291,0.8969402818929876,30.0,0.3268716577540107,0.0633533087499919,33.0,-0.21102181400688866,0.08897968650553366,66.0,-0.0671956029212966,0.44045183552191003,134,-0.07455302755918475,0.48495314343298856,90,,,,-0.05549374947862015,0.3890919061608742,243.0,-0.16944291076779905,0.06429512595288123,120.0
Esophagus - Gastroesophageal Junction,production,SMAD3→SERPINE1,SMAD3,SERPINE1,363,0.34834812101227997,8.544644509991836e-12,4.598741092629341,4.418058370755723,-0.047385984427141266,0.8036278011377226,30.0,0.11129679144385027,0.5374856772874539,33.0,0.334958093725517,0.005975546114585439,66.0,0.3268548571117606,0.00011592182969041514,134,0.4410457344177011,1.35593979126151e-05,90,,,,0.3827095808383568,6.758096177740686e-10,243.0,0.26943284058907074,0.0029219510112771,120.0
Esophagus - Gastroesophageal Junction,production,ESR1→COL1A1,ESR1,COL1A1,363,0.5171508745345766,3.233780435012702e-26,1.0192021504660282,7.378800129430681,0.3730812013348164,0.042295423230642434,30.0,0.55548128342246,0.0007915241346002352,33.0,0.5616741467487737,9.263627571746348e-07,66.0,0.4771262448740537,5.592017661228554e-09,134,0.5399251750283417,3.9767425637182316e-08,90,,,,0.5198164284037025,3.2014099263476633e-18,243.0,0.5104182763016866,2.59323031429089e-09,120.0
Esophagus - Gastroesophageal Junction,production,ESR1→ELN,ESR1,ELN,363,-0.03808672431630814,0.4694284525548288,1.0192021504660282,7.985616507937428,-0.07363737486095662,0.6989663216022932,30.0,0.07419786096256685,0.6815375957464214,33.0,-0.03216783216783217,0.7976374700439128,66.0,-0.17710782981304124,0.04064069850259963,134,0.025962159781920437,0.8080854012735235,90,,,,-0.029938896584183833,0.6423619733825903,243.0,-0.045423608748164326,0.6222691965088494,120.0
Esophagus - Gastroesophageal Junction,production,AR→COL1A1,AR,COL1A1,363,0.5402180670430529,6.86543264527613e-29,2.20412159721385,7.378800129430681,0.5804226918798664,0.0007724477313161041,30.0,0.5648395721925135,0.000615814107789416,33.0,0.4452353616532722,0.0001797160718426813,66.0,0.5404769148682373,1.5777866747842714e-11,134,0.5797577448838447,2.1287269388256392e-09,90,,,,0.5216802700637467,2.3144404238434923e-18,243.0,0.5943676644211403,8.263641173052891e-13,120.0
Esophagus - Gastroesophageal Junction,production,SOX9→ACAN,SOX9,ACAN,363,0.2451859319704621,2.2711737586975505e-06,1.2839511196146984,0.28298023262525557,0.053170189098998885,0.7802081176079785,30.0,0.26403743315508027,0.13759963980889334,33.0,0.140009185067246,0.26218541905663106,66.0,0.26263517987383045,0.002171286994929286,134,0.28725711722411335,0.006047795267607426,90,,,,0.23355773820467735,0.0002397571637775973,243.0,0.26837720806192805,0.0030394036434149225,120.0
Esophagus - Gastroesophageal Junction,production,PPARG→FABP4,PPARG,FABP4,363,0.7060588356491766,4.6641368180587095e-56,2.4572413461924256,6.742326215607404,0.696106785317019,1.9406666337279774e-05,30.0,0.7215909090909091,2.1506219230485958e-06,33.0,0.7055839682705355,3.7059767439896447e-11,66.0,0.6832122176412913,9.517630682463176e-20,134,0.6975679824891262,2.187472063394678e-14,90,,,,0.7132651094174465,4.5476499410857487e-39,243.0,0.6835938856440422,7.739223030623955e-18,120.0
Esophagus - Gastroesophageal Junction,production,PPARG→ADIPOQ,PPARG,ADIPOQ,363,0.38107889715458526,5.4287447718509495e-14,2.4572413461924256,1.3833072143901888,0.5305895439377085,0.0025585742813392437,30.0,0.5317513368983957,0.0014489364803041463,33.0,0.5273782439934575,5.371130619190291e-06,66.0,0.28690974438333733,0.0007764509289316806,134,0.35289590018476324,0.0006460110464781162,90,,,,0.4164001437942565,1.3110403308948906e-11,243.0,0.29833297755396554,0.000934397352783982,120.0
Esophagus - Gastroesophageal Junction,production,RUNX2→SPP1,RUNX2,SPP1,363,0.4301556606684868,8.807022783927053e-18,0.6910331471317728,3.678266363038833,0.20578420467185762,0.2752897377927715,30.0,0.46724598930481287,0.006115547933504115,33.0,0.35808744483157917,0.003156213006912895,66.0,0.5056091931700103,4.6311737709900776e-10,134,0.4405088715058567,1.3929765197687682e-05,90,,,,0.47562054661663905,4.037014204128757e-15,243.0,0.3719090628136079,2.88373157639808e-05,120.0
Esophagus - Gastroesophageal Junction,production,FOXO1→PCK1,FOXO1,PCK1,363,0.1536583029921216,0.0033361691846211547,4.916558462069383,1.124885404826278,-0.1835372636262514,0.3316281105766702,30.0,0.3419117647058824,0.05146909791176442,33.0,0.30838117106773827,0.011763652291065884,66.0,0.01717980817673437,0.8438102853561669,134,0.21629830843313988,0.04059826891884902,90,,,,0.182795303248316,0.0042507047631423775,243.0,0.11779290228488087,0.2000825832311622,120.0
Esophagus - Gastroesophageal Junction,detection,RELA→ICAM1,RELA,ICAM1,363,0.3263006449060804,1.882617122623313e-10,6.350278323675319,4.288423867265055,0.2873358842430014,0.12365691305284449,30.0,0.7215909090909091,2.1506219230485958e-06,33.0,0.2491806700761925,0.0436306841188768,66.0,0.33195010399158087,8.917541390250655e-05,134,0.29287927992453466,0.00508867823442141,90,,,,0.3547324435204386,1.2910436462774175e-08,243.0,0.2693488346316034,0.0029311457340653177,120.0
Esophagus - Gastroesophageal Junction,detection,RELA→IL6,RELA,IL6,363,0.09211876361296774,0.07964091113146586,6.350278323675319,3.0466516809358413,0.217797552836485,0.24760667595245603,30.0,0.008689839572192513,0.9617199576740234,33.0,0.15215530737918798,0.2226114091757742,66.0,0.1153157961020312,0.1845742916425265,134,-0.0757139858557018,0.47816040038644125,90,,,,0.08754054303253815,0.17376716658601873,243.0,0.10801829300118253,0.24026071559847773,120.0
Esophagus - Gastroesophageal Junction,detection,RELA→CCL2,RELA,CCL2,363,0.09389676455653816,0.073977445907594,6.350278323675319,4.807843315371469,0.20489432703003335,0.2774166832456208,30.0,0.21122994652406418,0.23799698630972407,33.0,0.10654531412034393,0.39450983471235934,66.0,0.1583390275166212,0.06765767271835528,134,-0.08257945556448128,0.43905530619121036,90,,,,0.08011825510989194,0.21332231187066822,243.0,0.14583405676822533,0.11198817613034379,120.0
Esophagus - Gastroesophageal Junction,detection,RELA→NFKBIA,RELA,NFKBIA,363,0.35468311352095283,3.3560909711486994e-12,6.350278323675319,7.810797612529155,-0.0028921023359288096,0.9878984726602261,30.0,0.4475267379679144,0.009016498161016025,33.0,0.23699482303092947,0.05537008900745145,66.0,0.37919519992817846,6.233906167202827e-06,134,0.49057069715119883,9.180541730393891e-07,90,,,,0.37731087956880965,1.2208154927249067e-09,243.0,0.3140222516997826,0.0004781297457869576,120.0
Esophagus - Gastroesophageal Junction,detection,NFKB1→TNF,NFKB1,TNF,363,0.14290656656258988,0.006384394640522047,4.555497221381868,0.4770911709397785,0.21648681856065896,0.25053400650953606,30.0,0.03710203071364427,0.837582137252669,33.0,0.25682347171289016,0.0373759301330147,66.0,0.03842187627720374,0.6593857830024537,134,0.16944757705020166,0.1103506424311462,90,,,,0.11092444497797983,0.08442768104801593,243.0,0.20777317672418916,0.02277858827967756,120.0
Esophagus - Gastroesophageal Junction,detection,HIF1A→VEGFA,HIF1A,VEGFA,363,0.14023083796692068,0.007455661238858459,5.7270304828307514,5.61633645601509,0.5483870967741935,0.001703740301357306,30.0,0.1467245989304813,0.41519102511589856,33.0,0.041207414829659325,0.7425231654005866,66.0,0.18394063744304098,0.033378035291181364,134,0.08599415565707699,0.4202988995725633,90,,,,0.20007372131878384,0.0017213984436208472,243.0,0.06586232700601463,0.47478797726954336,120.0
Esophagus - Gastroesophageal Junction,detection,HIF1A→SLC2A1,HIF1A,SLC2A1,363,0.4675408443067643,4.102956310653314e-21,5.7270304828307514,4.482609878230029,0.13993325917686317,0.46080677886565224,30.0,0.5591577540106952,0.0007178266692775422,33.0,0.4320679685859872,0.00029162352930858776,66.0,0.4554113720079695,3.223997636723776e-08,134,0.5947754651878386,6.354595019631164e-10,90,,,,0.44108005421872193,5.450020755624827e-13,243.0,0.5160540941290057,1.6147316562730228e-09,120.0
Esophagus - Gastroesophageal Junction,detection,TP53→CDKN1A,TP53,CDKN1A,363,0.2345168177388829,6.305825053298318e-06,3.9017348677002035,6.683862914066998,0.39034162628832086,0.03296046578887202,30.0,0.3068181818181818,0.08243261551187081,33.0,0.3240614138723,0.007944218282712372,66.0,0.24245246788041233,0.004764536654195828,134,0.09395514617290969,0.37841099424629754,90,,,,0.2450018461751382,0.00011409522900517863,243.0,0.21030462449608586,0.021138292041706756,120.0
Esophagus - Gastroesophageal Junction,detection,TP53→MDM2,TP53,MDM2,363,0.32191330998974776,3.384296729681556e-10,3.9017348677002035,3.3002617730253654,0.3643040149566598,0.04779364625327702,30.0,0.4090909090909091,0.018082169655063072,33.0,0.37105848217704857,0.002160747893167154,66.0,0.27581632029628056,0.0012566496277702397,134,0.4418871698663166,1.2997433997597869e-05,90,,,,0.3780495071694281,1.1266497516055534e-09,243.0,0.2119120210622746,0.020150354351579212,120.0
Esophagus - Gastroesophageal Junction,detection,ATF4→DDIT3,ATF4,DDIT3,363,0.028843186712615335,0.5838600442673262,9.213267968705862,5.946967336428724,0.05761957730812013,0.7623192630766409,30.0,-0.1928475935828877,0.28226617928575826,33.0,-0.111617906465807,0.37225626075986473,66.0,0.08854405007581839,0.3089780495867679,134,0.013689214496030997,0.8981031312639682,90,,,,0.05213141721901936,0.4185102972242364,243.0,-0.012448802779383266,0.8926532651386905,120.0
Esophagus - Gastroesophageal Junction,detection,XBP1→DNAJB1,XBP1,DNAJB1,363,0.16475949088263028,0.0016337337774999538,5.958151892197034,6.414643091932144,-0.2186874304783092,0.24563221703044613,30.0,0.3860294117647059,0.026495611824703422,33.0,0.12681348502244028,0.3102694220756314,66.0,0.18699827677848035,0.03050245739294901,134,0.20404417060925925,0.05372825763257674,90,,,,0.15513594749268014,0.015497770619051181,243.0,0.22112414642365255,0.01522158285480008,120.0
Esophagus - Gastroesophageal Junction,detection,HSF1→HSPA1A,HSF1,HSPA1A,363,0.27432407497027694,1.0916149759574788e-07,6.776860200340755,6.933844234004165,0.4064516129032258,0.02582409583148371,30.0,-0.12199197860962568,0.49884888931376836,33.0,0.4575192050768204,0.0001123579719886321,66.0,0.2538897575815028,0.0030752511149099208,134,0.21312123145489506,0.04371459333276516,90,,,,0.23571310142673635,0.00020903595493666665,243.0,0.33238707885214736,0.0002080483706089431,120.0
Esophagus - Gastroesophageal Junction,detection,STAT1→IRF1,STAT1,IRF1,363,0.3322504092325454,8.370833461243054e-11,5.157378154681077,4.010568761300121,0.2583157208108171,0.1681237408558909,30.0,0.438168449197861,0.01075812329677674,33.0,0.2261350589708799,0.06788674919012191,66.0,0.34777344543961475,3.832889609136701e-05,134,0.3665286501116087,0.0003807401692970877,90,,,,0.37163388812749676,2.247435273561193e-09,243.0,0.2907161472128169,0.0012766853172964119,120.0
Esophagus - Gastroesophageal Junction,detection,NFE2L2→NQO1,NFE2L2,NQO1,363,0.1380326191248851,0.008452945724545972,6.017904391958694,4.711106317430817,-0.07230255839822024,0.7041773195709669,30.0,0.31054655289192906,0.07858602932484766,33.0,0.09335239904901607,0.4559463650736396,66.0,0.14012232149078377,0.10635094847541418,134,0.1945680313142845,0.06611597111241113,90,,,,0.14866918927825865,0.020423648882513284,243.0,0.14051073345880588,0.12584068056872327,120.0
Esophagus - Gastroesophageal Junction,detection,NFE2L2→HMOX1,NFE2L2,HMOX1,363,0.37570499519472156,1.2963702096170598e-13,6.017904391958694,4.061152899232449,0.38509454949944383,0.035602229675140144,30.0,0.3880347593582888,0.025655340105664833,33.0,0.38127544097693356,0.0015855845996097559,66.0,0.37516116241897274,7.95598762446427e-06,134,0.37552784294357333,0.00026510316921807405,90,,,,0.41899560013682147,9.496934438598818e-12,243.0,0.3057559952496371,0.000683684752975408,120.0
Esophagus - Gastroesophageal Junction,housekeeping,ACTB↔GAPDH,ACTB,GAPDH,363,0.6095427193243972,2.6589168813710353e-38,12.939507794445868,10.31702003531548,0.43893214682981085,0.015242568393486361,30.0,0.5524732620320856,0.0008567018381296749,33.0,0.5372925581880806,3.2961035401159916e-06,66.0,0.6390102545686698,9.722919566411922e-17,134,0.7201000950799561,1.2565618721606594e-15,90,,,,0.6335956658600771,1.114851296556854e-28,243.0,0.5426847583652196,1.5252086856781665e-10,120.0
Esophagus - Gastroesophageal Junction,housekeeping,RPL13A↔RPS18,RPL13A,RPS18,363,0.8204043501406245,1.1721207218510757e-89,11.350148763209992,11.223961827511959,0.7165739710789767,8.42994899145201e-06,30.0,0.8592914438502675,1.5414135037808664e-10,33.0,0.8356383145736854,2.6250780858991837e-18,66.0,0.81001817996167,2.1514041018538035e-32,134,0.8337010116641834,2.046255750134436e-24,90,,,,0.8190478460516563,4.4050276045658617e-60,243.0,0.8113457174469172,2.7569368612542914e-29,120.0
Esophagus - Gastroesophageal Junction,housekeeping,HPRT1↔TBP,HPRT1,TBP,363,0.3865417457803304,2.2040321068044553e-14,4.166441724976889,4.1808459055982015,0.16618464961067853,0.38011770642295883,30.0,0.3653074866310161,0.03657469476706916,33.0,0.30504263959992933,0.012756454241855661,66.0,0.31623317759422875,0.00019736865775289334,134,0.6163470759873372,9.997739036891778e-11,90,,,,0.4221598977695242,6.3860085157858685e-12,243.0,0.3044151632012394,0.0007238137346082833,120.0
Esophagus - Gastroesophageal Junction,housekeeping,B2M↔PPIA,B2M,PPIA,363,0.39048610442998793,1.1375976460825402e-14,9.741801774206241,7.686885997940358,0.2601246170318924,0.16505939490586108,30.0,0.5133689839572193,0.0022476591097501143,33.0,0.6113476955239849,4.971215686836227e-08,66.0,0.3189323451159694,0.0001727251811573186,134,0.3646847707210142,0.0004095257345179967,90,,,,0.39316768628099474,2.0835731284570268e-10,243.0,0.3741429392436592,2.558589569744832e-05,120.0
Esophagus - Gastroesophageal Junction,hormone,ESR1→PGR,ESR1,PGR,363,0.2704142378133502,1.675876829214154e-07,1.0192021504660282,2.1280071702542056,0.10166852057842046,0.5929347347453278,30.0,0.39271390374331555,0.023779632539765564,33.0,0.39321573948439625,0.0010903813800342656,66.0,0.2269812353568593,0.008354464991300027,134,0.18242731553126337,0.08526197259431466,90,,,,0.25793162942138403,4.719752413183319e-05,243.0,0.30841778668319747,0.0006100061838191322,120.0
Esophagus - Gastroesophageal Junction,hormone,AR→KLK3,AR,KLK3,363,-0.026625345760561216,0.6131227317592334,2.20412159721385,0.24575188406037562,-0.037055319933290136,0.8458605396841916,30.0,-0.07518089739632712,0.6775431122668851,33.0,0.010401785200226336,0.933937321223195,66.0,-0.015117046708754094,0.8623661637880224,134,-0.07934709926364965,0.4572373708797782,90,,,,0.047289594360230794,0.46308196402473056,243.0,-0.17305171109748946,0.0587404469309362,120.0
Esophagus - Gastroesophageal Junction,hormone,AR→SMAD3,AR,SMAD3,363,0.1341822723195374,0.010488865295034804,2.20412159721385,4.598741092629341,0.14972191323692993,0.42971383271970753,30.0,0.4682486631016043,0.0059923975105156835,33.0,0.34942072852520617,0.004031163402919572,66.0,-0.13029637637527944,0.13346847360793387,134,0.26405123308419215,0.011910096456461247,90,,,,0.1253337425708956,0.05101102170535664,243.0,0.1597301196788984,0.08139507980566615,120.0
Stomach,production,SMAD3→COL1A1,SMAD3,COL1A1,356,0.3486336880786447,1.302167891404868e-11,4.185478103964516,6.993884094645468,0.5614617940199336,8.960926176422411e-05,43.0,0.37026165339184386,0.02033033753829786,39.0,0.1966493051388522,0.12241266600274114,63.0,0.24706295908666984,0.005105877353573176,127,0.4619757054851144,1.82129032961605e-05,79,,,,0.36050119755443244,2.805586257692728e-08,224.0,0.3241860877697875,0.00014936156756585267,132.0
Stomach,production,SMAD3→COL3A1,SMAD3,COL3A1,356,0.30595611327000594,3.760236080832625e-09,4.185478103964516,7.363065695494749,0.4867109634551496,0.0009344984521561108,43.0,0.3482969790380904,0.029788345265978747,39.0,0.14391493754561613,0.26046833972268174,63.0,0.22413330970333428,0.011302812445812896,127,0.4215292486460409,0.00010935457127099081,79,,,,0.29264016041096835,8.459676010626398e-06,224.0,0.33609572583684033,8.149423656391862e-05,132.0
Stomach,production,SMAD3→FN1,SMAD3,FN1,356,0.238055931241614,5.591228995892986e-06,4.185478103964516,6.216145683540387,0.4719118091211114,0.0013994054561760614,43.0,0.27774684989262427,0.08690379563688028,39.0,0.15620387150548196,0.2215098662984809,63.0,0.09545863322687871,0.28571554185307696,127,0.37516736056297406,0.0006574114155068645,79,,,,0.22995049366269385,0.0005225328599477433,224.0,0.25009913802440087,0.003825538125432397,132.0
Stomach,production,SMAD3→SERPINE1,SMAD3,SERPINE1,356,0.32622997571963774,2.844516692294901e-10,4.185478103964516,4.261924394061056,0.514195107218363,0.0004200177361467362,43.0,0.3136798424989951,0.05182440704499982,39.0,0.14734719839768803,0.24915032494239733,63.0,0.3146787902484541,0.00031436084305228333,127,0.4051218385289566,0.00021261917147420568,79,,,,0.34249459946730104,1.4628509675231994e-07,224.0,0.30466679189778784,0.00038247568837247183,132.0
Stomach,production,ESR1→COL1A1,ESR1,COL1A1,356,0.710016052717711,7.176212534564312e-56,0.5139442992428046,6.993884094645468,0.6765327695560253,6.357851661034272e-07,43.0,0.6783400809716599,2.081307715274421e-06,39.0,0.6431365960204498,1.3160097939470306e-08,63.0,0.69504898579201,1.24533387037637e-19,127,0.798271665043817,1.2517347352515078e-18,79,,,,0.7191692700604699,5.852947590848345e-37,224.0,0.7123344495048514,9.983443654012453e-22,132.0
Stomach,production,ESR1→ELN,ESR1,ELN,356,0.5631795283778191,3.5244627031687565e-31,0.5139442992428046,5.678260007601105,0.5637269707037149,8.272085690225826e-05,43.0,0.5479757085020243,0.000304968991839399,39.0,0.5031502394544282,2.6351635472618936e-05,63.0,0.5592772746652278,8.237989044117403e-12,127,0.6750162793228658,8.974966492532052e-12,79,,,,0.5906246229702624,1.8747399491717498e-22,224.0,0.5048923117465434,6.685341833946521e-10,132.0
Stomach,production,AR→COL1A1,AR,COL1A1,356,0.6599579073187558,6.990613598179707e-46,1.4924455879025915,6.993884094645468,0.7286318332829961,3.038963405117029e-08,43.0,0.5977732793522267,5.86013140194011e-05,39.0,0.7419443878268989,3.471061920672739e-12,63.0,0.6553486294360551,6.28861969148322e-17,127,0.6362380491722563,2.9544265353143063e-10,79,,,,0.6457225878044577,8.095962356967001e-28,224.0,0.6881061613061826,7.840031646338695e-20,132.0
Stomach,production,SOX9→ACAN,SOX9,ACAN,356,0.014884175308864144,0.7795834660370426,3.7560973600222822,0.2452025543126602,0.12398067049229841,0.42830111912998525,43.0,0.10566801619433198,0.5220277826156827,39.0,0.050787250384024575,0.6926257142783095,63.0,-0.048703110513579166,0.5866119524938166,127,-0.04434112112645026,0.6980000483693269,79,,,,-0.03808733207167976,0.5706764217900828,224.0,0.0728404514960697,0.40652932769929184,132.0
Stomach,production,SOX9→COL2A1,SOX9,COL2A1,356,0.5436229693778561,9.142807965203052e-29,3.7560973600222822,2.7564231944034985,0.640314116815318,3.7619626778624817e-06,43.0,0.578571790811312,0.00011425797604564536,39.0,0.3759740045951904,0.002391807301737145,63.0,0.5210584538547913,3.3788116374045704e-10,127,0.5391057744559606,2.9618432072557525e-07,79,,,,0.5647737161686023,2.843497396723546e-20,224.0,0.5078581940230034,5.113101134788185e-10,132.0
Stomach,production,PPARG→FABP4,PPARG,FABP4,356,-0.32761707335042756,2.366969132219798e-10,3.5370645208305187,5.431390158915788,-0.28964059196617337,0.059573203600974414,43.0,-0.29898785425101215,0.06446111198243014,39.0,-0.485455069124424,5.5129706913737766e-05,63.0,-0.31419699743818436,0.00032146948541571745,127,-0.21694255111976632,0.05480340338822396,79,,,,-0.36850805561510747,1.3017877380533578e-08,224.0,-0.24899850901460904,0.0039886864504763255,132.0
Stomach,production,PPARG→ADIPOQ,PPARG,ADIPOQ,356,-0.04193726439436131,0.4302084613074898,3.5370645208305187,1.1293099585585715,-0.010646732366858473,0.9459767695764957,43.0,-0.17125506072874497,0.29721839785309034,39.0,-0.23068153181302808,0.06892204359067114,63.0,-0.006345002944691655,0.9435583108784067,127,0.009128640806917741,0.9363601233261536,79,,,,-0.04219029730096127,0.5298771447890224,224.0,-0.05927709649057799,0.4995750749906286,132.0
Stomach,production,RUNX2→SPP1,RUNX2,SPP1,356,-0.3015786015703639,6.402580042123534e-09,1.4269049007738575,2.902044306645233,-0.448597425471675,0.002552025138770426,43.0,-0.3285425101214575,0.04114481719600337,39.0,-0.37413594470046085,0.002522122526666025,63.0,-0.29275180190952976,0.0008377452972953638,127,-0.1592989289191821,0.16083042232672606,79,,,,-0.33456901176909176,2.929933295088201e-07,224.0,-0.24054536347456615,0.005464655798939125,132.0
Stomach,production,FOXO1→PCK1,FOXO1,PCK1,356,0.33307769030278167,1.1377302745068233e-10,3.686518993940246,0.7272182155055192,0.4263062518876472,0.0043648403391014935,43.0,0.21558704453441294,0.18747049130754231,39.0,0.19614055299539174,0.12340210753140103,63.0,0.36767538290099183,2.1143787241025953e-05,127,0.349172346640701,0.0016107877998101084,79,,,,0.29250009075415084,8.548004195168849e-06,224.0,0.4050737597037666,1.4512362140768304e-06,132.0
Stomach,production,HNF4A→ALB,HNF4A,ALB,356,0.5747807409374278,1.0905250753199762e-32,2.274246796766777,2.5820838791851917,0.5306754260587329,0.00025148870728590705,43.0,0.6568825910931174,5.576412650235578e-06,39.0,0.3891609062980031,0.0016199976541219894,63.0,0.6130285259088024,1.8500785993640854e-14,127,0.6209591041869523,1.026816359101742e-09,79,,,,0.6146318078297867,1.1611870160868548e-24,224.0,0.50017544752205,1.0186481491887724e-09,132.0
Stomach,detection,RELA→ICAM1,RELA,ICAM1,356,0.6795531625805487,1.4845769067953926e-49,5.720204011777813,3.8779196461265006,0.8331319842947751,4.187539665035874e-12,43.0,0.7937246963562754,1.6621442829913205e-09,39.0,0.6949488161600682,2.6368575342128703e-10,63.0,0.7062183633295838,1.794768996981592e-20,127,0.5396697886528165,2.8628252577938487e-07,79,,,,0.6394600893978698,3.7438422619388835e-27,224.0,0.7484747726025045,5.998874148498977e-25,132.0
Stomach,detection,RELA→IL6,RELA,IL6,356,0.6817615268575807,5.4907475497062035e-50,5.720204011777813,2.250111160172003,0.8426457263666566,1.3828907704217203e-12,43.0,0.7562753036437246,2.5753925024332278e-08,39.0,0.5948540706605224,2.7315879708913325e-07,63.0,0.6679555680539933,9.660816265012285e-18,127,0.6431757739637968,1.6398479956010855e-10,79,,,,0.6686703685325802,2.151390255192641e-30,224.0,0.6967708272193037,1.7307874804094284e-20,132.0
Stomach,detection,RELA→CCL2,RELA,CCL2,356,0.6035284570836495,1.0627438763572192e-36,5.720204011777813,4.372773663214083,0.6955602536997886,2.2545509128660407e-07,43.0,0.7204453441295546,2.3254127850356775e-07,39.0,0.5242415514592934,1.0345620333704231e-05,63.0,0.6522133952005998,9.883462508227413e-17,127,0.46990591414209043,1.2470106313464423e-05,79,,,,0.5796109113933257,1.6817408356017975e-21,224.0,0.6445710916566119,7.459331044666852e-17,132.0
Stomach,detection,RELA→NFKBIA,RELA,NFKBIA,356,0.77445032271772,2.2156424398921433e-72,5.720204011777813,7.141572149951807,0.8246309516202934,1.0644596228637762e-11,43.0,0.8459514170040486,1.2022060636054261e-11,39.0,0.7562676272528358,7.667783560552314e-13,63.0,0.7842852937245887,1.0965564422903333e-27,127,0.7597387975821845,4.772620396833538e-16,79,,,,0.7336752441547535,4.0478435479415316e-39,224.0,0.8449184258409629,3.898867629162193e-37,132.0
Stomach,detection,NFKB1→TNF,NFKB1,TNF,356,0.3884231862891558,2.880112239297666e-14,4.094984715574243,0.6738702618108874,0.6064633041377228,1.628131069342593e-05,43.0,0.6180161943319838,2.7631210396136464e-05,39.0,0.39783500959543094,0.0012427423071789696,63.0,0.3252566470480922,0.00019057350100066444,127,0.2510741367348678,0.02562107228899719,79,,,,0.37385973533449146,7.700345342256337e-09,224.0,0.4112782984749829,9.64001828685869e-07,132.0
Stomach,detection,HIF1A→VEGFA,HIF1A,VEGFA,356,0.12266617515139609,0.020609085974245035,5.159561188033457,6.1151670157239675,0.14391422530957415,0.3572041311471774,43.0,0.09574898785425101,0.5620276429167699,39.0,-0.06648505286880532,0.604657260306863,63.0,0.1502331739782527,0.09181806288055722,127,0.168026825872305,0.1388207812586451,79,,,,0.1329496756215022,0.04686616323085537,224.0,0.1078908646926219,0.2181808620292465,132.0
Stomach,detection,HIF1A→SLC2A1,HIF1A,SLC2A1,356,0.6976479204149263,3.2812695431981754e-53,5.159561188033457,3.780835752071959,0.6408939897311989,3.6630441774572648e-06,43.0,0.7163967611336033,2.919587512135585e-07,39.0,0.6913808417132058,3.54243981321214e-10,63.0,0.716676040494938,2.690547237401227e-21,127,0.7126338851022396,1.7583052084692814e-13,79,,,,0.6811038344862437,6.901036586197999e-32,224.0,0.7255797936161186,7.557190066284315e-23,132.0
Stomach,detection,TP53→CDKN1A,TP53,CDKN1A,356,0.229048796796667,1.2732869395615722e-05,3.7596359072106607,6.39492971843548,0.507399577167019,0.0005150764592309172,43.0,0.2906882591093118,0.0726098752601152,39.0,0.43683319935460535,0.00034432092876039087,63.0,0.2914808977886649,0.0008846682333417302,127,-0.08673425918679442,0.44722039761197707,79,,,,0.23205919086392723,0.00046241229207278343,224.0,0.21746877780791887,0.012251539126191213,132.0
Stomach,detection,TP53→MDM2,TP53,MDM2,356,0.5075824970454065,1.0398162081935784e-24,3.7596359072106607,3.1311398821600367,0.6238296587133796,7.845673857373276e-06,43.0,0.31639676113360327,0.04972169773052523,39.0,0.5437613258999222,4.111530880432335e-06,63.0,0.5289756366226234,1.625645113009885e-10,127,0.5318070338890708,4.573563979831365e-07,79,,,,0.5063359796198037,5.477734803666843e-16,224.0,0.5116873054018236,3.603249089963393e-10,132.0
Stomach,detection,ATF4→DDIT3,ATF4,DDIT3,356,0.6005149342023629,2.9244252092165167e-36,8.67897946513101,5.416766800237506,0.7481123527635155,8.104353035284588e-09,43.0,0.7686234817813765,1.103923453410526e-08,39.0,0.49813385820909223,3.2620530070299275e-05,63.0,0.5666821922159047,3.793474298744444e-12,127,0.5353676126123839,3.704748171091749e-07,79,,,,0.6192772621564439,4.1262901171863103e-25,224.0,0.5663479474569861,1.4664425485062366e-12,132.0
Stomach,detection,XBP1→DNAJB1,XBP1,DNAJB1,356,-0.22321714787678623,2.132068287064175e-05,8.012719984804646,6.427720194452264,-0.16830898188459245,0.2806443068410841,43.0,-0.16963562753036437,0.30187857458295986,39.0,-0.07627688172043011,0.5523971164291755,63.0,-0.25324168396443947,0.004070426660348914,127,-0.30920155793573517,0.005558767102294833,79,,,,-0.25761212387826743,9.61753649818923e-05,224.0,-0.16866702930183627,0.05320173005288692,132.0
Stomach,detection,HSF1→HSPA1A,HSF1,HSPA1A,356,0.545453312312717,5.518565767136293e-29,6.253271419010805,6.010816079177213,0.700845665961945,1.6666336033346604e-07,43.0,0.7609311740890689,1.8823519132045163e-08,39.0,0.5237980943831728,1.0557835995119367e-05,63.0,0.535250875505335,8.980267195838813e-11,127,0.3957935223458015,0.00030567967348998844,79,,,,0.5222127464223899,4.520650092166843e-17,224.0,0.6016934339323358,2.3492817404348716e-14,132.0
Stomach,detection,STAT1→IRF1,STAT1,IRF1,356,0.5977268477773212,7.389843101267502e-36,4.761263610271925,4.181674609023534,0.5727876774388403,5.971735425318703e-05,43.0,0.6124803894680282,3.4113541235105165e-05,39.0,0.5113108596621514,1.8487830287824806e-05,63.0,0.6843500549249361,7.3437417745098385e-19,127,0.4650925024342746,1.571118309808257e-05,79,,,,0.6066949783658403,6.54065719640417e-24,224.0,0.5802115808559765,3.0743691391236893e-13,132.0
Stomach,detection,NFE2L2→NQO1,NFE2L2,NQO1,356,0.18336266667358556,0.0005069870963198874,6.057377339748854,6.396773912933435,-0.002189836139847467,0.9888805783980303,43.0,0.003846153846153847,0.9814605846069904,39.0,0.27537292836238386,0.028935909056559836,63.0,0.2630366357185329,0.0028102889130592655,127,0.04485178220495791,0.6946926597446477,79,,,,0.14809284557173252,0.026671980254613443,224.0,0.236958132448396,0.0062262483354858745,132.0
Stomach,detection,NFE2L2→HMOX1,NFE2L2,HMOX1,356,0.3995964813031646,4.4285833087645e-15,6.057377339748854,3.693814801700999,0.4225469101059576,0.004761874819689819,43.0,0.4299595141700405,0.006297635601585029,39.0,0.305570890238341,0.014875933289848431,63.0,0.39835664591724657,3.5123461456653243e-06,127,0.41842745861733205,0.00012432871439928188,79,,,,0.36485207779757295,1.8532947446722934e-08,224.0,0.459346889153257,3.023210840900319e-08,132.0
Stomach,housekeeping,ACTB↔GAPDH,ACTB,GAPDH,356,0.8857766826254069,4.611515028726203e-120,11.259391808777712,9.166246947277799,0.8862881304741771,2.7326957663948567e-15,43.0,0.8313765182186235,5.618626970047088e-11,39.0,0.8448983510548927,3.19101533878865e-18,63.0,0.882931916318446,7.249331140379939e-43,127,0.9024099318403117,7.013916942940791e-30,79,,,,0.8960646722704827,3.0052036369474717e-80,224.0,0.8643549335980878,1.250124517060063e-40,132.0
Stomach,housekeeping,RPL13A↔RPS18,RPL13A,RPS18,356,0.9009574206215614,2.0452275163739802e-130,11.140741139315487,11.015895634554745,0.8255813953488372,9.614240726131337e-12,43.0,0.8343539663501829,4.1505321075255924e-11,39.0,0.9246084609126695,2.9590850216626664e-27,63.0,0.9007726164321043,4.166933859572849e-47,127,0.9154444430920535,3.6053504709728293e-32,79,,,,0.9010705014848007,1.671225974871933e-82,224.0,0.9068085911265793,1.3040761970280965e-50,132.0
Stomach,housekeeping,HPRT1↔TBP,HPRT1,TBP,356,-0.018957771716318277,0.7214896809634457,4.630480507116639,3.8383176052168513,-0.2869332127238453,0.06210505789036851,43.0,-0.13614049311427828,0.4085810138890029,39.0,0.009288705942320456,0.9424013865697334,63.0,0.02698217641407116,0.7633214440934272,127,0.07728821811100293,0.49839520238301716,79,,,,-0.024616622326295513,0.714050095808439,224.0,0.0045656024900113034,0.9585636427838349,132.0
Stomach,housekeeping,B2M↔PPIA,B2M,PPIA,356,0.6124943256494478,4.902516828790002e-38,9.646527393480365,7.244980270942945,0.5594986408939897,9.599655817985242e-05,43.0,0.640080971659919,1.1445385451719177e-05,39.0,0.6136786396207994,8.895003044469753e-08,63.0,0.6082871350217806,3.319554217102175e-14,127,0.6130626355914699,1.904644617813015e-09,79,,,,0.6423579738223728,1.851384536970031e-27,224.0,0.5689260687472765,1.1027502502471857e-12,132.0
Stomach,hormone,ESR1→PGR,ESR1,PGR,356,0.7909180039770806,1.6546921743842024e-77,0.5139442992428046,0.9396286591720046,0.828148595590456,7.280323340924915e-12,43.0,0.807085020242915,5.439785384665563e-10,39.0,0.6895004020802059,4.131821329379664e-10,63.0,0.7981679997547929,2.7375566423919806e-29,127,0.8396299902629016,4.1714788463387394e-22,79,,,,0.7786991971484214,7.765070963743564e-47,224.0,0.8117008648465324,3.748114682185511e-32,132.0
Stomach,hormone,AR→KLK3,AR,KLK3,356,-0.03284447775871044,0.5367760275120744,1.4924455879025915,0.33179645692102944,-0.23847341643749648,0.12355825788241732,43.0,-0.005702754106018258,0.9725141532710204,39.0,0.015584691673673219,0.903508946601894,63.0,-0.009547517077788113,0.9151589647267985,127,0.07802231771591811,0.4943117989191971,79,,,,-0.006797388211845685,0.9194186987931581,224.0,-0.07181858719094493,0.4131618220418809,132.0
Stomach,hormone,AR→SMAD3,AR,SMAD3,356,0.1295535271039687,0.014439835341565113,1.4924455879025915,4.185478103964516,0.3890063424947146,0.009933016538441359,43.0,0.03785616685854281,0.8190229508063204,39.0,0.15625187515376268,0.22136614425323756,63.0,-0.01240585755673446,0.8899006590777943,127,0.21433222776903993,0.05785853217197978,79,,,,0.10746368095940494,0.10870984112557024,224.0,0.16829005811351314,0.05374374912248507,132.0
Testis,production,SMAD3→COL1A1,SMAD3,COL1A1,342,0.5789882302560602,5.310808829946451e-32,3.14434948650717,5.7168152227736355,0.4552785923753665,0.008836437012335753,32.0,0.7976068376068376,1.0643821755888952e-06,26.0,0.560720288115246,2.2836097057981548e-05,50.0,0.5987657144810015,2.4720894065512283e-12,113,0.5262389639986194,2.148770276219704e-09,113,,,,0.5789882302560602,5.310808829946451e-32,342.0,,,
Testis,production,SMAD3→COL3A1,SMAD3,COL3A1,342,0.016107305942066066,0.7666153886816482,3.14434948650717,6.090523578270137,-0.03629032258064516,0.8436818438253306,32.0,0.2458119658119658,0.2261116334044102,26.0,-0.08211481670594242,0.5707738306053018,50.0,-0.05727688401786456,0.5467835305288846,113,0.06966961721856421,0.4634026878472991,113,,,,0.016107305942066066,0.7666153886816482,342.0,,,
Testis,production,SMAD3→FN1,SMAD3,FN1,342,0.6388717956795498,1.269788636521203e-40,3.14434948650717,4.373231556680468,0.597140762463343,0.00030850125219850327,32.0,0.6052316723778504,0.001053279266695297,26.0,0.4901320528211285,0.000302644502269198,50.0,0.7149109948094894,5.919285642117617e-19,113,0.6196127030851045,2.541425430512826e-13,113,,,,0.6388717956795498,1.269788636521203e-40,342.0,,,
Testis,production,SMAD3→SERPINE1,SMAD3,SERPINE1,342,0.6961697026550617,7.061398938307095e-51,3.14434948650717,3.5319748580107215,0.7800586510263928,1.4138250970114829e-07,32.0,0.4591452991452991,0.018298929224322788,26.0,0.5557262905162065,2.7958399121786753e-05,50.0,0.8133608357176128,7.121993046857289e-28,113,0.6799105889706438,1.2229971815074424e-16,113,,,,0.6961697026550617,7.061398938307095e-51,342.0,,,
Testis,production,ESR1→COL1A1,ESR1,COL1A1,342,-0.21353249703488275,6.878381599586084e-05,1.8901605656621052,5.7168152227736355,-0.07900284150126753,0.6673412614842471,32.0,-0.4626431936312043,0.01732039240839367,26.0,-0.19779111644657865,0.16855369141305215,50.0,-0.20053480383594918,0.033196702093891584,113,-0.16597113491272597,0.07893700040998529,113,,,,-0.21353249703488275,6.878381599586084e-05,342.0,,,
Testis,production,ESR1→ELN,ESR1,ELN,342,-0.3174024287844969,1.9219178053490925e-09,1.8901605656621052,4.5462174387703165,-0.30043075921247675,0.09477589882471464,32.0,-0.48350146030637314,0.012336262853893514,26.0,-0.24120048019207685,0.09152226965925121,50.0,-0.43172220200748324,1.8028172200199298e-06,113,-0.18259357988704986,0.05290183383288957,113,,,,-0.3174024287844969,1.9219178053490925e-09,342.0,,,
Testis,production,AR→COL1A1,AR,COL1A1,342,0.44419275251752416,5.710582496498287e-18,3.031851905479766,5.7168152227736355,0.23313782991202345,0.19909381612905924,32.0,0.738119658119658,1.676208180412054e-05,26.0,0.5077558492421241,0.00016727936905509873,50.0,0.4595403847593384,3.05482778035855e-07,113,0.38421087651738517,2.6546533820722214e-05,113,,,,0.44419275251752416,5.710582496498287e-18,342.0,,,
Testis,production,SOX9→ACAN,SOX9,ACAN,342,0.3309355561064083,3.4882499259659924e-10,6.034307104802271,1.2511303410021186,0.3640029325513196,0.0405552489128068,32.0,0.12205128205128205,0.552537546158536,26.0,0.2276699961582789,0.1118093278153156,50.0,0.30584042386133264,0.0009867104487418378,113,0.3076536001636801,0.0009170199077059477,113,,,,0.3309355561064083,3.4882499259659924e-10,342.0,,,
Testis,production,SOX9→COL2A1,SOX9,COL2A1,342,-0.5515987652094347,1.2801451683896768e-28,6.034307104802271,3.0805705283817493,-0.45165429572882415,0.00946227189355143,32.0,-0.401025641025641,0.042316231737862975,26.0,-0.5848879926774144,8.175775451570065e-06,50.0,-0.5377852817885422,8.132873258952914e-10,113,-0.5291333801919641,1.690059758348165e-09,113,,,,-0.5515987652094347,1.2801451683896768e-28,342.0,,,
Testis,production,PPARG→FABP4,PPARG,FABP4,342,0.10929471158371526,0.04339705501916078,3.006475926491252,2.3693070758504478,0.021627565982404687,0.9064717987372536,32.0,-0.38735042735042735,0.05057555509967236,26.0,0.3064105642256902,0.030448825425729513,50.0,0.15587461662455074,0.09922137325213193,113,0.1533544731510307,0.1048755886102777,113,,,,0.10929471158371526,0.04339705501916078,342.0,,,
Testis,production,PPARG→ADIPOQ,PPARG,ADIPOQ,342,-0.1476981932709966,0.00621075785086196,3.006475926491252,0.5877675004902552,-0.35960410557184747,0.04322958517091997,32.0,-0.23076923076923075,0.25670309114113005,26.0,0.004849939975990396,0.9733340571673679,50.0,-0.22579451223062275,0.0161865141988929,113,-0.07237734028661495,0.4461632037130935,113,,,,-0.1476981932709966,0.00621075785086196,342.0,,,
Testis,production,RUNX2→SPP1,RUNX2,SPP1,342,-0.322021784274622,1.0836174614260857e-09,1.5694046292388648,3.101758036609979,-0.4237536656891495,0.015655112206252028,32.0,-0.1835897435897436,0.3693175611236693,26.0,-0.39989915482135996,0.004010737066301645,50.0,-0.31070541145273645,0.0008098060608086736,113,-0.33574465873710363,0.00027749528999310207,113,,,,-0.322021784274622,1.0836174614260857e-09,342.0,,,
Testis,production,FOXO1→PCK1,FOXO1,PCK1,342,0.2079250959072355,0.00010726213284683509,4.132020226696081,0.3256558932647196,0.20071487573987923,0.2706800603879511,32.0,0.39555555555555555,0.04548129950045343,26.0,0.5006962785114045,0.0002129442102839227,50.0,0.13212011827183393,0.16302677372328767,113,0.2114766813023681,0.024542556837800468,113,,,,0.2079250959072355,0.00010726213284683509,342.0,,,
Testis,production,HNF4A→ALB,HNF4A,ALB,342,-0.2665045867076532,5.696638712930588e-07,1.0903153169072337,2.573452359751651,-0.5546187683284457,0.0009873144377109805,32.0,-0.0147008547008547,0.9431773328098857,26.0,-0.27788715486194476,0.050709082542563115,50.0,-0.2277148667362546,0.015279466101626789,113,-0.2655382855960411,0.004475522331719865,113,,,,-0.2665045867076532,5.696638712930588e-07,342.0,,,
Testis,production,MYOD1→MYH2,MYOD1,MYH2,342,0.21596830838585215,5.6503758667419846e-05,0.9743546293667186,0.6184251450263617,0.07917888563049852,0.6666424646465565,32.0,0.10085470085470086,0.6239773010938097,26.0,0.09359168290051564,0.5179712443854803,50.0,0.2712777902561073,0.0036565289838465776,113,0.29112171103498397,0.0017581570464662338,113,,,,0.21596830838585215,5.6503758667419846e-05,342.0,,,
Testis,detection,RELA→ICAM1,RELA,ICAM1,342,0.705279786839178,9.799241040993937e-53,5.34632030286287,2.838889627777345,0.6708211143695014,2.650134286278425e-05,32.0,0.7955555555555555,1.1876700693699724e-06,26.0,0.5224135034759927,9.96177289650231e-05,50.0,0.7292805961831965,5.2293100205642734e-20,113,0.7292915556846636,5.219333371570789e-20,113,,,,0.705279786839178,9.799241040993937e-53,342.0,,,
Testis,detection,RELA→IL6,RELA,IL6,342,0.39768939893952027,2.0850743383234758e-14,5.34632030286287,0.957840447733451,0.6015395894428153,0.00027096423355720635,32.0,0.3606837606837607,0.07026950858005458,26.0,0.2006290667821213,0.1624043541128926,50.0,0.517252134424007,4.465028459378387e-09,113,0.3106500570779411,0.00081164394820166,113,,,,0.39768939893952027,2.0850743383234758e-14,342.0,,,
Testis,detection,RELA→CCL2,RELA,CCL2,342,0.6239450177390263,2.682987909975708e-38,5.34632030286287,1.9949309849425365,0.6359970674486803,9.150289868096129e-05,32.0,0.8912820512820512,1.0227235241778592e-09,26.0,0.4271891283134876,0.0019744593944880646,50.0,0.6321138803059098,5.979310506702175e-14,113,0.5985024754289576,2.5414745778509586e-12,113,,,,0.6239450177390263,2.682987909975708e-38,342.0,,,
Testis,detection,RELA→NFKBIA,RELA,NFKBIA,342,0.7874630327206085,1.9188441608739505e-73,5.34632030286287,6.004566247003121,0.6077712609970675,0.00022473396937926804,32.0,0.7353846153846154,1.8693005003810123e-05,26.0,0.7431631013691022,6.383767282306966e-10,50.0,0.8639458045520515,7.422962850773165e-35,113,0.7481358878496899,1.6943321929047257e-21,113,,,,0.7874630327206085,1.9188441608739505e-73,342.0,,,
Testis,detection,NFKB1→TNF,NFKB1,TNF,342,0.25854639981782634,1.2565408668861838e-06,3.6965634676448085,0.2667824920506505,0.3037301818273789,0.09103018642939767,32.0,0.1788034188034188,0.3821421171834338,26.0,0.29533119637450006,0.037325837212956375,50.0,0.27859638190221175,0.0028082313913900606,113,0.26666236933928,0.00430327452615197,113,,,,0.25854639981782634,1.2565408668861838e-06,342.0,,,
Testis,detection,HIF1A→VEGFA,HIF1A,VEGFA,342,0.15047228645563737,0.005296489018756515,5.298196273240429,3.5162231998833997,0.33980938416422285,0.057062241618069345,32.0,0.5228244220710357,0.006137174241721152,26.0,0.25963985594237693,0.06862782344783241,50.0,0.003056603302821456,0.9743676281773619,113,0.3416076485779516,0.0002130611255134133,113,,,,0.15047228645563737,0.005296489018756515,342.0,,,
Testis,detection,HIF1A→SLC2A1,HIF1A,SLC2A1,342,0.5610058960186299,9.570630247883922e-30,5.298196273240429,3.5135763409542062,0.15175953079178883,0.4070226940104208,32.0,0.32683427876669857,0.10316787962556709,26.0,0.4880192076830732,0.00032424764030675467,50.0,0.6022880859061577,1.7027275412622292e-12,113,0.6020398190999136,1.748326799857535e-12,113,,,,0.5610058960186299,9.570630247883922e-30,342.0,,,
Testis,detection,TP53→CDKN1A,TP53,CDKN1A,342,0.6592559688051569,5.16737934785119e-44,3.9798710736614917,6.264224150027448,0.48387096774193544,0.005017706079541245,32.0,0.7169230769230769,3.776188058992517e-05,26.0,0.637358943577431,6.45154883351242e-07,50.0,0.7406674249324114,6.829104044565017e-21,113,0.653049851849413,4.550104191249732e-15,113,,,,0.6592559688051569,5.16737934785119e-44,342.0,,,
Testis,detection,TP53→MDM2,TP53,MDM2,342,0.6191690795930451,1.4002368959763016e-37,3.9798710736614917,3.0326175396902517,0.43181818181818177,0.013590882949206363,32.0,0.638974358974359,0.00044205103219159683,26.0,0.48840336134453777,0.00032021882081606,50.0,0.6829617215244647,7.914642995295668e-17,113,0.6665141830609529,7.780385049162335e-16,113,,,,0.6191690795930451,1.4002368959763016e-37,342.0,,,
Testis,detection,ATF4→DDIT3,ATF4,DDIT3,342,0.48460308727572865,1.5286935972125268e-21,7.708105757919668,6.2564834084427146,0.6623900293255132,3.629903396553402e-05,32.0,0.00957428634270046,0.9629759824010495,26.0,0.3031983867492855,0.03232441126949721,50.0,0.5696628933907486,4.5567801712328e-11,113,0.49050679630732985,3.4871989725472585e-08,113,,,,0.48460308727572865,1.5286935972125268e-21,342.0,,,
Testis,detection,XBP1→DNAJB1,XBP1,DNAJB1,342,-0.10791954154795114,0.04611891030830651,5.128298811048095,7.7972053631007325,0.1063049853372434,0.5625410369773747,32.0,-0.16034188034188035,0.4339446891481419,26.0,-0.24049174057694916,0.09250828688072986,50.0,-0.09076939711715722,0.3390019127914593,113,-0.16824244944965278,0.07486724896461754,113,,,,-0.10791954154795114,0.04611891030830651,342.0,,,
Testis,detection,HSF1→HSPA1A,HSF1,HSPA1A,342,0.031896812793673096,0.556622594797908,7.83295834831327,5.61620339176111,-0.3885630498533724,0.027965529802641467,32.0,0.4516239316239316,0.020556725113244443,26.0,0.1721488595438175,0.23191625808984329,50.0,-0.038272239007820605,0.6873429560616711,113,0.011943675092527464,0.9000835378879217,113,,,,0.031896812793673096,0.556622594797908,342.0,,,
Testis,detection,STAT1→IRF1,STAT1,IRF1,342,-0.18130508776151802,0.0007555010613198559,4.846874161073339,3.730105872042695,0.17908532748663197,0.3267345002555889,32.0,-0.1747008547008547,0.3933351478333905,26.0,-0.3037287810906934,0.03200826981713658,50.0,-0.2482024112039628,0.008032381699624974,113,-0.18649970993640366,0.047943887198247506,113,,,,-0.18130508776151802,0.0007555010613198559,342.0,,,
Testis,detection,NFE2L2→NQO1,NFE2L2,NQO1,342,0.6110369176464197,2.188098089865084e-36,5.665026624300326,2.655362265151844,0.45454545454545453,0.00896012187467266,32.0,0.4256410256410256,0.03016465883614047,26.0,0.6516039193068336,2.9749748485082415e-07,50.0,0.6190211820102501,2.717204362706823e-13,113,0.6592809303713151,2.031995818579532e-15,113,,,,0.6110369176464197,2.188098089865084e-36,342.0,,,
Testis,detection,NFE2L2→HMOX1,NFE2L2,HMOX1,342,0.6149196014537851,5.948301897823518e-37,5.665026624300326,4.976489372420729,0.5065982404692081,0.0030893352233391687,32.0,0.6232478632478632,0.0006707817647309166,26.0,0.6116019984001645,2.376307091240938e-06,50.0,0.5883874509282055,7.225287497374617e-12,113,0.6626286317896248,1.3073518438668296e-15,113,,,,0.6149196014537851,5.948301897823518e-37,342.0,,,
Testis,housekeeping,ACTB↔GAPDH,ACTB,GAPDH,342,0.5879641243861756,3.51585703398624e-33,10.030705251191792,9.208269021664446,0.33980938416422285,0.057062241618069345,32.0,0.5863247863247864,0.0016446508149337213,26.0,0.5943960240854709,5.333893727627268e-06,50.0,0.55007444005529,2.7752290774648386e-10,113,0.6738972224244316,2.8400384724400165e-16,113,,,,0.5879641243861756,3.51585703398624e-33,342.0,,,
Testis,housekeeping,RPL13A↔RPS18,RPL13A,RPS18,342,0.7854369703170746,7.959497387056031e-73,9.72169570197836,10.181595261333978,0.8105581557276219,1.8770191773882454e-08,32.0,0.732432905216585,2.099651329538103e-05,26.0,0.7240509978316957,2.8107133922242884e-09,50.0,0.7760981129359171,5.747816731068987e-24,113,0.8086200909658431,2.4921219261459963e-27,113,,,,0.7854369703170746,7.959497387056031e-73,342.0,,,
Testis,housekeeping,HPRT1↔TBP,HPRT1,TBP,342,-0.15953861441836403,0.003090835692156601,6.868866061606602,5.7188227776198355,-0.2657624633431085,0.1415203325342623,32.0,-0.08307692307692308,0.6865981544916888,26.0,-0.22055222088835533,0.12377592432772772,50.0,-0.21089731060495792,0.024946834213934656,113,-0.093719979540112,0.32346852800313775,113,,,,-0.15953861441836403,0.003090835692156601,342.0,,,
Testis,housekeeping,B2M↔PPIA,B2M,PPIA,342,0.634392197750896,6.529094399525207e-40,7.437633069635135,6.99586131977059,0.6586014141857408,4.167890064844616e-05,32.0,0.71008547008547,4.833521419787482e-05,26.0,0.5658719298613014,1.846968472685596e-05,50.0,0.5642577171199606,7.59111689697917e-11,113,0.686818887848396,4.5311334516390064e-17,113,,,,0.634392197750896,6.529094399525207e-40,342.0,,,
Testis,hormone,ESR1→PGR,ESR1,PGR,342,0.43780551296978937,1.9017052912700015e-17,1.8901605656621052,1.6711388557975055,0.47864344637946843,0.005584541484009203,32.0,0.4954693182347487,0.010058935069755451,26.0,0.49637454981992796,0.0002462181427482534,50.0,0.4444527617669321,8.15823601993994e-07,113,0.3472342938444668,0.00016452559051968006,113,,,,0.43780551296978937,1.9017052912700015e-17,342.0,,,
Testis,hormone,AR→KLK3,AR,KLK3,342,-0.4580613071942971,3.8345125410349846e-19,3.031851905479766,1.1873468720729936,-0.3416422287390029,0.05565068872724361,32.0,-0.5357264957264957,0.004792600082709958,26.0,-0.2787782753098014,0.04994207712924933,50.0,-0.5387110591784953,7.511373841684841e-10,113,-0.43994893164373083,1.083983788526517e-06,113,,,,-0.4580613071942971,3.8345125410349846e-19,342.0,,,
Testis,hormone,AR→SMAD3,AR,SMAD3,342,0.6368566911144167,2.6612007824453246e-40,3.031851905479766,3.14434948650717,0.09567448680351906,0.6024494451452027,32.0,0.7538461538461538,8.719165814865028e-06,26.0,0.7418239480982779,7.112167738076194e-10,50.0,0.6841385161185819,6.682279730594724e-17,113,0.6430261620290855,1.6009087221144274e-14,113,,,,0.6368566911144167,2.6612007824453246e-40,342.0,,,
Pancreas,production,SMAD3→COL1A1,SMAD3,COL1A1,325,0.5713777586994274,1.4680686491706358e-29,3.524961081284743,4.430435316746052,0.4188034188034188,0.029685493006801587,27.0,0.7014460511679643,1.5716676981824623e-05,30.0,0.5652645861601086,7.618201002567093e-07,66.0,0.569967222694898,1.6230281476419736e-11,118,0.6164800389483934,1.4608454402350383e-09,79,,,,0.5420785198495855,3.936842682960922e-17,206.0,0.6082118516724945,2.1949969520716748e-13,119.0
Pancreas,production,SMAD3→COL3A1,SMAD3,COL3A1,325,0.5553062235218369,1.09559963597877e-27,3.524961081284743,4.705813052470868,0.39865689865689863,0.039423605046669905,27.0,0.757508342602892,1.2566721730051581e-06,30.0,0.5405963949401542,2.79141855411387e-06,66.0,0.5998290835558485,7.094686868421185e-13,118,0.5458617332035055,1.9628569825935247e-07,79,,,,0.5220254384398393,8.506790174792753e-16,206.0,0.5959428711861994,8.684325800251739e-13,119.0
Pancreas,production,SMAD3→FN1,SMAD3,FN1,325,0.5210104897764625,5.171798980161274e-24,3.524961081284743,3.5130923946087176,0.3199023199023199,0.10380541759243639,27.0,0.6102335928809789,0.00034267565334085464,30.0,0.4811815050621021,4.316608765954394e-05,66.0,0.5218028033253944,1.3674771430675327e-09,118,0.5202288218111003,8.925864319319797e-07,79,,,,0.5263980281784879,4.428261553270738e-16,206.0,0.4993216754114955,7.450707944927453e-09,119.0
Pancreas,production,SMAD3→SERPINE1,SMAD3,SERPINE1,325,0.3980613273014788,8.7175719336622e-14,3.524961081284743,3.593315354677347,0.46459096459096455,0.014627144822276129,27.0,0.5261401557285873,0.0028227430174319165,30.0,0.303329506314581,0.013293432016968684,66.0,0.3271923817876847,0.00029866686916569607,118,0.4655821907473677,1.5348641232288245e-05,79,,,,0.36815649091796326,5.200393491527982e-08,206.0,0.4375931362694032,6.475322611059847e-07,119.0
Pancreas,production,ESR1→COL1A1,ESR1,COL1A1,325,0.4658701623577167,6.507763191897518e-19,0.3371308121543664,4.430435316746052,0.38705738705738707,0.04609115605617079,27.0,0.28231368186874306,0.13065345801091205,30.0,0.46353122922591283,8.869767849996176e-05,66.0,0.49282735247500165,1.4350396366722235e-08,118,0.5611976630963973,7.454269090519263e-08,79,,,,0.383802401211028,1.236027341691439e-08,206.0,0.6094036252161696,1.914431201072847e-13,119.0
Pancreas,production,ESR1→ELN,ESR1,ELN,325,0.14801287367123805,0.007522193412708571,0.3371308121543664,5.34349445269658,0.12759462759462756,0.5259311045393342,27.0,0.11902113459399331,0.5310275921265402,30.0,0.010333166334916771,0.9343721617622659,66.0,0.17135834751550297,0.06354467289813272,118,0.2507789678675755,0.02580083701699136,79,,,,0.12455643030210288,0.07445684634774173,206.0,0.20154252080373455,0.027951310165402348,119.0
Pancreas,production,AR→COL1A1,AR,COL1A1,325,0.537438679753565,1.014221269228709e-25,0.6161009276600985,4.430435316746052,0.49267399267399264,0.009032326407367942,27.0,0.6204671857619577,0.00025435415405333024,30.0,0.49880491397053645,2.0195170847810958e-05,66.0,0.4789705589659524,4.0976180552747066e-08,118,0.6112706913339825,2.1861346900480792e-09,79,,,,0.5021840385358378,1.467123274753474e-14,206.0,0.6615462952124805,2.615008373272366e-16,119.0
Pancreas,production,SOX9→ACAN,SOX9,ACAN,325,0.1520220825193721,0.00603202089741254,4.430764763171856,0.11290316158762345,0.35322851884596135,0.07070793078279815,27.0,-0.13681868743047831,0.4709431830890044,30.0,0.014153454347435781,0.9101955589729056,66.0,0.22339862168295568,0.015027618837378387,118,0.2413734344381018,0.03211526651218873,79,,,,0.14923692022585322,0.03228026682895705,206.0,0.17340338596275606,0.059301072852078564,119.0
Pancreas,production,PPARG→FABP4,PPARG,FABP4,325,0.6779579904586529,4.408196627177818e-45,1.0054019914223598,3.4042026884739216,0.8418803418803419,3.716005972867012e-08,27.0,0.5470522803114571,0.001757862423003951,30.0,0.612149044984866,4.7223745904249435e-08,66.0,0.7446953816088053,4.1978650455634393e-22,118,0.6257789678675755,6.982327847948154e-10,79,,,,0.6301255342128204,3.4049563404581454e-24,206.0,0.7657184975772313,3.5883133109292255e-24,119.0
Pancreas,production,PPARG→ADIPOQ,PPARG,ADIPOQ,325,0.4282501917994034,6.29812868897678e-16,1.0054019914223598,0.9339075958556854,0.4848114848119159,0.010378491986329385,27.0,0.3497608209428118,0.058138363965751144,30.0,0.29271398906861673,0.0170754313997205,66.0,0.6182025696954365,8.751927168103574e-14,118,0.2646437721797557,0.018428136700415775,79,,,,0.3508531932045413,2.336511866425438e-07,206.0,0.5588407593603838,3.977982429458789e-11,119.0
Pancreas,production,RUNX2→SPP1,RUNX2,SPP1,325,0.5867901049317283,1.868434898833246e-31,0.39419089724238104,6.546766354487493,0.4072039072039072,0.03502113607603548,27.0,0.4278086763070078,0.018359723704023962,30.0,0.560934368737475,9.641755525109828e-07,66.0,0.5674963525118246,2.073783594879959e-11,118,0.7319620253164557,1.8090023760521072e-14,79,,,,0.5413265117020989,4.434166217960038e-17,206.0,0.6355823720760612,8.164271608487464e-15,119.0
Pancreas,production,FOXO1→PCK1,FOXO1,PCK1,325,0.2761872493081596,4.2238407465396413e-07,3.1233798320476827,0.4112772207134045,0.3235653235653235,0.09968754979440658,27.0,0.3472747497219132,0.06007048204871347,30.0,0.10932053021605263,0.38223916511350164,66.0,0.3096874566338426,0.0006435776195581321,118,0.27973977130090755,0.012531433062000046,79,,,,0.2752027466002006,6.242623933509657e-05,206.0,0.2709258395456523,0.0028805804299640437,119.0
Pancreas,production,HNF4A→ALB,HNF4A,ALB,325,0.17997673426594396,0.0011191413905193262,2.7420489010444054,8.277360996833215,0.2063492063492063,0.3017664228757721,27.0,0.34282536151279197,0.06365368596423306,30.0,0.07548351407898975,0.5469248442263055,66.0,0.17967441818268814,0.051551373558846036,118,0.13741563666050877,0.22718277815455598,79,,,,0.16608988227283708,0.0170360728598345,206.0,0.21707849885563976,0.017720730795207643,119.0
Pancreas,detection,RELA→ICAM1,RELA,ICAM1,325,0.7035026450763404,7.791315589103487e-50,4.576645270861112,2.4887291026115417,0.7631257631257632,3.6740469578939335e-06,27.0,0.692992213570634,2.1902210748132387e-05,30.0,0.5440407477673204,2.342928928147023e-06,66.0,0.7494960119404068,1.626973072953392e-22,118,0.8100778967867576,1.5574885133444945e-19,79,,,,0.6871453374063203,3.996881229347552e-30,206.0,0.7103238682603985,1.4754567414462325e-19,119.0
Pancreas,detection,RELA→IL6,RELA,IL6,325,0.469510638567792,3.1947227599751205e-19,4.576645270861112,0.800540561584326,0.4230769230769231,0.027893542122809808,27.0,0.5764182424916573,0.0008565174174474681,30.0,0.37785988643954577,0.0017603656570856785,66.0,0.5100094406366871,3.6558851214869304e-09,118,0.5380233690360273,3.161015910522116e-07,79,,,,0.4965991880883786,3.164808029214041e-14,206.0,0.3616960667807627,5.3063419985217925e-05,119.0
Pancreas,detection,RELA→CCL2,RELA,CCL2,325,0.5101176857997064,6.247051196651812e-23,4.576645270861112,4.060718576908112,0.3571428571428571,0.06742904400568388,27.0,0.5706340378197998,0.0009920679647321647,30.0,0.3493617510027578,0.00403778879821919,66.0,0.5479113863953428,1.34929433680434e-10,118,0.681207400194742,4.890506439148894e-12,79,,,,0.5150600714382737,2.3609883970905915e-15,206.0,0.48453211793191864,2.35611727900452e-08,119.0
Pancreas,detection,RELA→NFKBIA,RELA,NFKBIA,325,0.7377366402093963,4.586954015963325e-57,4.576645270861112,5.885161653665396,0.6715506715506715,0.00012546777796249034,27.0,0.6369299221357063,0.00015398308303536575,30.0,0.7761901283183285,1.9175291088569196e-14,66.0,0.6668188358690809,1.6798743959917675e-16,118,0.8111976630963973,1.2685693885360987e-19,79,,,,0.6893259259875865,2.2271658938612568e-30,206.0,0.820897382491255,3.0482072963085993e-30,119.0
Pancreas,detection,NFKB1→TNF,NFKB1,TNF,325,0.5937824819558509,2.3865367026574846e-32,3.1671406859617965,0.2835837475955486,0.742211500732259,9.34008263590393e-06,27.0,0.43111511059542496,0.017382544545671536,30.0,0.5547401191887943,1.3427781127940935e-06,66.0,0.5986175581793205,8.106536521718154e-13,118,0.5955456978151209,7.068932498298252e-09,79,,,,0.5923207290116582,6.758250576134505e-21,206.0,0.6076659961968861,2.336441183359697e-13,119.0
Pancreas,detection,HIF1A→VEGFA,HIF1A,VEGFA,325,0.204746362968046,0.00020212842822547124,3.916512314723088,5.622971211946927,0.25583880621686744,0.19773352038715702,27.0,0.29032258064516125,0.11962937785960127,30.0,0.07323055727015958,0.5589873891313306,66.0,0.23987553731141606,0.008889059702123787,118,0.24111489776046738,0.032305711831470636,79,,,,0.18932108472165035,0.006421854413391464,206.0,0.19817083484206705,0.03073826493652505,119.0
Pancreas,detection,HIF1A→SLC2A1,HIF1A,SLC2A1,325,0.6105659783746438,1.3840578561545091e-34,3.916512314723088,1.8743869561415452,0.6996336996336996,4.879208702353613e-05,27.0,0.4767519466073415,0.007730195604015454,30.0,0.5148159359004549,9.757596160767516e-06,66.0,0.6155012006182256,1.2007054144936939e-13,118,0.6790450282807603,6.055856886151507e-12,79,,,,0.5603713565902843,1.984490977427028e-18,206.0,0.7043063972868839,4.0301034232260444e-19,119.0
Pancreas,detection,TP53→CDKN1A,TP53,CDKN1A,325,0.4763961449255397,8.124977872273786e-20,3.026365832915673,5.532052589563223,0.5744810744810744,0.0017248846510298263,27.0,0.5127919911012235,0.003761087565181507,30.0,0.6589568830009593,1.7977050846244674e-09,66.0,0.37785179260752544,2.4614750334379812e-05,118,0.4575246928315788,2.243579942146288e-05,79,,,,0.39865182544427236,2.942438662993048e-09,206.0,0.5956839963191128,8.934439606355681e-13,119.0
Pancreas,detection,TP53→MDM2,TP53,MDM2,325,0.5745401823716776,6.1093819380969246e-30,3.026365832915673,2.89127203647907,0.6019536019536019,0.0008941782907509261,27.0,0.7027808676307008,1.4898941622122687e-05,30.0,0.6950704005221575,9.478417100089384e-11,66.0,0.5213855163191603,1.416808211174456e-09,118,0.5621173578062051,7.022799699114402e-08,79,,,,0.5514908892485049,8.658598888114927e-18,206.0,0.5953136767226181,9.304390500718763e-13,119.0
Pancreas,detection,ATF4→DDIT3,ATF4,DDIT3,325,0.3243920233124223,2.121323307021029e-09,7.818369379777175,4.24048264503479,0.3687986609904247,0.05835750893334114,27.0,0.09632925472747497,0.6125912726882878,30.0,0.3974198396793588,0.0009525162694332601,66.0,0.39099979548309816,1.1993040585382664e-05,118,0.188843448004446,0.09556272222280303,79,,,,0.307710364647433,6.819390494772398e-06,206.0,0.3623460625810107,5.1325754292564065e-05,119.0
Pancreas,detection,XBP1→DNAJB1,XBP1,DNAJB1,325,0.2594904069283218,2.1217282071657172e-06,9.442896087353047,4.667078664486225,0.24786324786324787,0.21256074097132016,27.0,0.5519466073414906,0.0015664304256303807,30.0,0.3851830204052873,0.0014048734576911617,66.0,0.2585157240123449,0.00470568893449033,118,0.0777404513312534,0.4958775931245609,79,,,,0.34563374549059606,3.6131921495481854e-07,206.0,0.11454249587842145,0.21482409600676447,119.0
Pancreas,detection,HSF1→HSPA1A,HSF1,HSPA1A,325,0.04941093313759845,0.37460605467338004,5.498777093153733,4.1545104213861315,0.13675213675213677,0.4963985300260745,27.0,0.4318131256952169,0.017181863273063855,30.0,0.11908986535852209,0.34089409576354557,66.0,0.005317390899455031,0.9544279659316686,118,-0.08505355404089582,0.4561055561738283,79,,,,0.07799368810623968,0.26514765101110105,206.0,0.01569576983335707,0.8654633242104811,119.0
Pancreas,detection,STAT1→IRF1,STAT1,IRF1,325,0.7694631067212995,7.394071252140988e-65,3.7418950649408194,2.354391053364827,0.7411477411477412,9.771003376982776e-06,27.0,0.8491657397107898,2.9971762405665898e-09,30.0,0.727384692500663,4.610734850557353e-12,66.0,0.799832004895104,1.770397139423421e-27,118,0.7295410700184396,2.4309012789664496e-14,79,,,,0.7706373373859134,8.726725195391355e-42,206.0,0.7570302610577822,2.2883181837428245e-23,119.0
Pancreas,detection,NFE2L2→NQO1,NFE2L2,NQO1,325,0.4411873715598776,6.51419816056319e-17,3.969888801574707,1.8207263323893914,0.34004884004884,0.08265546656331203,27.0,0.2805339265850945,0.1332012106570126,30.0,0.5795845945099678,3.4115116324762907e-07,66.0,0.44656751303406056,4.004753054539711e-07,118,0.49109055501460563,4.323274276872537e-06,79,,,,0.4246047257547185,2.008562271281971e-10,206.0,0.47814940232659997,3.808680872294375e-08,119.0
Pancreas,detection,NFE2L2→HMOX1,NFE2L2,HMOX1,325,0.7088311012322327,6.84655998033182e-51,3.969888801574707,2.0668715491203162,0.36080586080586086,0.06446819833491343,27.0,0.7646273637374861,8.689377387618703e-07,30.0,0.7567009019684807,1.996510186284143e-13,66.0,0.7117050162802181,1.6687365763650683e-19,118,0.776234032597338,4.3307586851028956e-17,79,,,,0.708066033349255,1.172070336151786e-32,206.0,0.7087477166632841,1.9244159511293473e-19,119.0
Pancreas,housekeeping,ACTB↔GAPDH,ACTB,GAPDH,325,0.8098573842998218,8.294541276495905e-77,8.710111447847806,7.286254593775823,0.8246069398469678,1.2298862393081922e-07,27.0,0.8224694104560623,2.4646086265286426e-08,30.0,0.8383972278635137,1.5972967705205178e-18,66.0,0.7957445953781576,5.036696405390979e-27,118,0.8176241480038948,3.8036008012480524e-20,79,,,,0.8162775038793753,1.6400178852156125e-50,206.0,0.8025666179546285,5.154549985221703e-28,119.0
Pancreas,housekeeping,RPL13A↔RPS18,RPL13A,RPS18,325,0.8876093453071975,8.936271541039611e-111,11.127499565711389,11.116390694838303,0.8925518925518925,3.9541822972592336e-10,27.0,0.810901001112347,5.5263033289550415e-08,30.0,0.8671509686038745,4.809770484384667e-21,66.0,0.8983392222937178,2.985653164681537e-43,118,0.9126859994691734,1.1772783204281302e-31,79,,,,0.8796477646243595,9.20013879100412e-68,206.0,0.9029324996319976,1.0012182931024295e-44,119.0
Pancreas,housekeeping,HPRT1↔TBP,HPRT1,TBP,325,0.6049515078563648,8.019311931067152e-34,4.025504323152395,2.9883298312700712,0.5927960927960928,0.0011203625924370885,27.0,0.5799777530589544,0.0007814168616554104,30.0,0.5705100773724529,5.701113596431042e-07,66.0,0.548491416697863,1.2787026347435845e-10,118,0.6922023624906816,1.602839920492959e-12,79,,,,0.5793001107482033,7.38227958849692e-20,206.0,0.6386054618670808,5.561757646324684e-15,119.0
Pancreas,housekeeping,B2M↔PPIA,B2M,PPIA,325,0.712539727748421,1.2195317194974523e-51,7.820136155348558,6.4520424754803,0.775946275946276,1.9768953694284328e-06,27.0,0.7895439377085651,2.1448201414356592e-07,30.0,0.7091326583863898,2.674266673045013e-11,66.0,0.6508093894666962,1.4945032925165232e-15,118,0.7864384912765015,8.840283572029417e-18,79,,,,0.7455353006222374,8.378879636824132e-38,206.0,0.6492663933196091,1.3877516429826821e-15,119.0
Pancreas,hormone,ESR1→PGR,ESR1,PGR,325,0.6825356818848027,6.734719148959871e-46,0.3371308121543664,0.2695438900475319,0.540903540903541,0.0035772657031239224,27.0,0.5332591768631813,0.0024105519874689342,30.0,0.6794284342850296,3.56785096146616e-10,66.0,0.7402289111745757,9.950850978765211e-22,118,0.6335840699070516,3.6862839545476656e-10,79,,,,0.6799835956430531,2.6324437635776686e-29,206.0,0.6975183245897927,1.2151628193890925e-18,119.0
Pancreas,hormone,AR→KLK3,AR,KLK3,325,-0.051734786462224194,0.3525309289350911,0.6161009276600985,0.3073795633849043,-0.2496947496947497,0.20909106244224443,27.0,0.08655022859208257,0.64927700419945,30.0,-0.2181051421548475,0.07852879281992202,66.0,-0.00787984100754971,0.9325101569783946,118,0.028835737379190537,0.8008363175257155,79,,,,-0.08308878938367399,0.23509112971096072,206.0,0.03449633773612265,0.7095582578302579,119.0
Pancreas,hormone,AR→SMAD3,AR,SMAD3,325,0.4152848973870531,5.562317047228747e-15,0.6161009276600985,3.524961081284743,0.1336996336996337,0.5061495286648466,27.0,0.5692992213570635,0.0010258884981883543,30.0,0.31898882152683694,0.00903978594235039,66.0,0.4634647831802377,1.2562319850401427e-07,118,0.4106621226874391,0.00017051058642555744,79,,,,0.3751930429060826,2.7508739665484635e-08,206.0,0.4884506781496503,1.7458961240178133e-08,119.0
Pituitary,production,SMAD3→COL1A1,SMAD3,COL1A1,262,0.07205737766997236,0.24511966068262503,4.609439867143412,6.969846423800665,,,,,,,0.33246753246753247,0.14087699566933984,21.0,0.10574702993157298,0.34136997170753236,83,0.01176960298463084,0.8918262045384222,136,,,,0.0009977844438037982,0.9890410585744118,192.0,0.295024888690221,0.013161604507930446,70.0
Pituitary,production,SMAD3→COL3A1,SMAD3,COL3A1,262,0.36540992896043084,1.0700734287135139e-09,4.609439867143412,4.458146522518333,,,,,,,0.48181818181818176,0.02698722611165969,21.0,0.34784433902858813,0.0012720750417738826,83,0.39226701207697073,2.323169492627664e-06,136,,,,0.3600884357837296,2.8960488467445785e-07,192.0,0.4629556727993861,5.4495438354221546e-05,70.0
Pituitary,production,SMAD3→FN1,SMAD3,FN1,262,0.40543757288627597,8.69419472216231e-12,4.609439867143412,4.580514051532018,,,,,,,0.26233766233766237,0.2506256259413439,21.0,0.4562489833034947,1.458291888518132e-05,83,0.3821195228290433,4.420915224514527e-06,136,,,,0.40016174796324694,8.887470890317762e-09,192.0,0.48456800923819854,2.13127242642281e-05,70.0
Pituitary,production,SMAD3→SERPINE1,SMAD3,SERPINE1,262,0.39031841413309043,5.782176429345561e-11,4.609439867143412,3.735248748810237,,,,,,,0.14675324675324675,0.5255721976110103,21.0,0.3381802725597155,0.0017664691335393145,83,0.42219134459593693,3.0628679761516424e-07,136,,,,0.37250029140928864,1.0345934235236675e-07,192.0,0.4481226160898625,0.00010017506243804828,70.0
Pituitary,production,ESR1→COL1A1,ESR1,COL1A1,262,-0.0538412123947827,0.3854168572035772,2.73643564586421,6.969846423800665,,,,,,,0.062337662337662345,0.788364072800584,21.0,-0.176085975472267,0.11130387271339778,83,-0.09674679999537604,0.2625141913755264,136,,,,0.028899259504160262,0.6906978976817886,192.0,-0.11241361210742717,0.3541725319057879,70.0
Pituitary,production,ESR1→ELN,ESR1,ELN,262,0.1500708528953792,0.01504564583156548,2.73643564586421,4.986750454393052,,,,,,,0.22207792207792207,0.33328051959453797,21.0,-0.03924099787166565,0.7246759387555468,83,0.2097493079402617,0.014252909946526357,136,,,,0.23513349694603752,0.0010271542356433312,192.0,0.10373545621555419,0.3927756089658083,70.0
Pituitary,production,AR→COL1A1,AR,COL1A1,262,0.3853563975099606,1.054800903980073e-10,2.0227210295336846,6.969846423800665,,,,,,,0.6649350649350649,0.0010065514776879624,21.0,0.4059569600249001,0.0001402712837123604,83,0.3628979740812821,1.4120455373827375e-05,136,,,,0.35502560796425164,4.3530881601473085e-07,192.0,0.4154842096054588,0.000347903173634439,70.0
Pituitary,production,SOX9→ACAN,SOX9,ACAN,262,0.41311535627864626,3.200345987638524e-12,3.9614738330586268,0.3284329420190219,,,,,,,0.4831168831168831,0.026518455375827765,21.0,0.4746572071830138,5.800138717017636e-06,83,0.42296228535153463,2.899424851143571e-07,136,,,,0.4632261466430645,1.3275285039970361e-11,192.0,0.24549892409131516,0.04051378751525163,70.0
Pituitary,production,SOX9→COL2A1,SOX9,COL2A1,262,0.03975123802985314,0.5217782467141814,3.9614738330586268,3.791996051450722,,,,,,,0.09090909090909091,0.6951310760397713,21.0,0.2590991142269426,0.01801787298696109,83,-0.0681697827860445,0.4303637264164437,136,,,,0.014164845090827449,0.8453914090949098,192.0,0.17333566617093865,0.15128551941127807,70.0
Pituitary,production,PPARG→FABP4,PPARG,FABP4,262,0.46158320534785025,3.1357563877877877e-15,0.6647969644715768,1.9312729674554963,,,,,,,0.4194805194805195,0.05836062913446328,21.0,0.40073255462257545,0.00017396887896501857,83,0.5175856562019523,1.100733467700306e-10,136,,,,0.49392661240317465,3.335354317290237e-13,192.0,0.36599042946400445,0.001834274238333244,70.0
Pituitary,production,PPARG→ADIPOQ,PPARG,ADIPOQ,262,0.32768026412256435,5.65936449514901e-08,0.6647969644715768,0.27425068792467583,,,,,,,0.11757064601894873,0.6117678061930419,21.0,0.2679194822647255,0.014333604513666973,83,0.4450848692785868,5.663376417225472e-08,136,,,,0.3530373343435235,5.098827538460748e-07,192.0,0.2253765388505526,0.06066948029392053,70.0
Pituitary,production,RUNX2→SPP1,RUNX2,SPP1,262,0.5672512493290038,1.0363625109848704e-23,1.6130253410976352,3.1249636127293563,,,,,,,0.5454545454545454,0.010543755916837686,21.0,0.5783088274197358,1.031299950734211e-08,83,0.515404799389342,1.3577647918673348e-10,136,,,,0.5749912365438548,2.735816869312934e-18,192.0,0.500516140320182,1.0224418337416353e-05,70.0
Pituitary,production,FOXO1→PCK1,FOXO1,PCK1,262,-0.12209398145069923,0.04835830299349202,3.9565079266788397,5.59817907851161,,,,,,,0.11168831168831168,0.6298112160877902,21.0,-0.119539892116321,0.2817442719228283,83,-0.10963163512981373,0.20389019466936678,136,,,,-0.1099851730534606,0.1288484633759017,192.0,-0.14814102003324292,0.22099524551598393,70.0
Pituitary,detection,RELA→ICAM1,RELA,ICAM1,262,0.6199598852606356,3.254147522143973e-29,5.558931552726804,3.2936247832902517,,,,,,,0.60993832382206,0.0033261488571983814,21.0,0.6885347410716784,6.310279981652479e-13,83,0.5631355598667794,9.579456614781182e-13,136,,,,0.6470274573103842,3.714922158277623e-24,192.0,0.6160144870718361,1.3763043907920845e-08,70.0
Pituitary,detection,RELA→IL6,RELA,IL6,262,0.6347331659447183,5.9764905812945754e-31,5.558931552726804,3.4232225639048877,,,,,,,0.6956804524104645,0.00046226519470388605,21.0,0.6495458290349548,3.0737461937810045e-11,83,0.585194338036038,7.336127683962894e-14,136,,,,0.6750343756526666,6.867729141256836e-27,192.0,0.6029393753827312,3.325502445104868e-08,70.0
Pituitary,detection,RELA→CCL2,RELA,CCL2,262,0.5463210986310786,8.690586027500159e-22,5.558931552726804,4.782096126834855,,,,,,,0.7424488861859581,0.00011610255838404096,21.0,0.6439415008983168,5.1335800867967524e-11,83,0.4326894750366126,1.4344081192762553e-07,136,,,,0.5702177621889056,5.9726724473531736e-18,192.0,0.6066485871752253,2.599692358835115e-08,70.0
Pituitary,detection,RELA→NFKBIA,RELA,NFKBIA,262,0.5223116850019229,9.684108831670925e-20,5.558931552726804,7.248020747235713,,,,,,,0.5164014562710731,0.016544597408435294,21.0,0.6322500747855552,1.4476763725443164e-10,83,0.44420590364653123,6.056576566125955e-08,136,,,,0.5015799733577747,1.2555618052496424e-13,192.0,0.5754702125798268,1.875577591897267e-07,70.0
Pituitary,detection,NFKB1→TNF,NFKB1,TNF,262,0.5015046509182851,4.299049668769815e-18,3.5821911305871628,0.40910984139946355,,,,,,,0.4235141503003015,0.05573488809721301,21.0,0.5277136384507376,2.95340386336784e-07,83,0.4967707693503925,7.689164387639445e-10,136,,,,0.5061259679591771,6.946330522916783e-14,192.0,0.4649868784200029,5.002617277430643e-05,70.0
Pituitary,detection,HIF1A→VEGFA,HIF1A,VEGFA,262,0.5455582108135768,1.015402671517818e-21,5.8414115723762805,5.400491786367111,,,,,,,0.5961038961038961,0.004346554429032712,21.0,0.5111090121007945,7.919127407872955e-07,83,0.5580526622755589,1.6862875463267226e-12,136,,,,0.5396064049793065,6.69536587744921e-16,192.0,0.5752827861543391,1.8968221394788976e-07,70.0
Pituitary,detection,HIF1A→SLC2A1,HIF1A,SLC2A1,262,0.4080312564070506,6.220762900041404e-12,5.8414115723762805,4.643796167300858,,,,,,,0.2194805194805195,0.3391105915111323,21.0,0.4813946044686942,4.0832559082128e-06,83,0.43136557992003827,1.580651209311734e-07,136,,,,0.35576758420270865,4.102514438965095e-07,192.0,0.5568590399919146,5.550991621438644e-07,70.0
Pituitary,detection,TP53→CDKN1A,TP53,CDKN1A,262,0.12574948188499113,0.04197370641209696,3.294401147893367,6.998835767498453,,,,,,,0.16623376623376623,0.4714220223155512,21.0,0.09520011334727303,0.39193825406869,83,0.18326437582234284,0.03271153833802984,136,,,,0.06239678809642493,0.3899061248069793,192.0,0.34451083487019124,0.0034951860152797995,70.0
Pituitary,detection,TP53→MDM2,TP53,MDM2,262,0.5554735585932059,1.301857741925412e-22,3.294401147893367,3.2673281749696224,,,,,,,0.612987012987013,0.0031305775706129807,21.0,0.5220528428692035,4.1583427078522343e-07,83,0.555579011903079,2.2128541280563283e-12,136,,,,0.5676257407117289,9.078296444773715e-18,192.0,0.5394985477831823,1.4415808871137655e-06,70.0
Pituitary,detection,ATF4→DDIT3,ATF4,DDIT3,262,0.5090978848335508,1.1097344322805145e-18,8.373451101870938,6.896977189842981,,,,,,,0.5896103896103897,0.004908349532622714,21.0,0.6036197243047523,1.5382779075527518e-09,83,0.4523660720675163,3.2240249469794767e-08,136,,,,0.5124263580448059,3.013673075241272e-14,192.0,0.5034949129307609,8.877019107709774e-06,70.0
Pituitary,detection,XBP1→DNAJB1,XBP1,DNAJB1,262,-0.08284325508646541,0.18128056933172446,7.378291120965972,6.9481778927431765,,,,,,,0.04805194805194805,0.8361372099212369,21.0,-0.07416930795312032,0.5051646468645066,83,-0.09101946958410317,0.2919506826702241,136,,,,-0.15050429910177351,0.03718612653970351,192.0,0.08764041013344129,0.4706391729743796,70.0
Pituitary,detection,HSF1→HSPA1A,HSF1,HSPA1A,262,0.002589577633953026,0.966725398377297,6.609036793235604,6.947819012721986,,,,,,,0.05521273431829084,0.8121103893355069,21.0,0.07182737920322405,0.5187400871663721,83,-0.01893289283021536,0.8268251697168566,136,,,,-0.019798941767560068,0.7851780464526423,192.0,0.03809007244170527,0.7542351464626299,70.0
Pituitary,detection,STAT1→IRF1,STAT1,IRF1,262,0.5291126330590675,2.6464912905093024e-20,5.195001053446122,3.8644313202559495,,,,,,,0.37142857142857144,0.09735837325949603,21.0,0.44101024837016434,3.007934949548426e-05,83,0.626410809637902,3.457401042003668e-16,136,,,,0.5351700985936382,1.2759617674143956e-15,192.0,0.5207418423584989,3.813877297304433e-06,70.0
Pituitary,detection,NFE2L2→NQO1,NFE2L2,NQO1,262,0.47437944290207273,4.158969550016092e-16,6.049752051593694,3.331002882873739,,,,,,,0.33896103896103896,0.1328105963995839,21.0,0.6293606481675832,1.8579882768033664e-10,83,0.454467821191737,2.7333908100291486e-08,136,,,,0.4846102199540034,1.0607164487404248e-12,192.0,0.43812823138962304,0.00014865386513862535,70.0
Pituitary,detection,NFE2L2→HMOX1,NFE2L2,HMOX1,262,0.5426399313408556,1.8348655689314634e-21,6.049752051593694,3.3881261740022035,,,,,,,0.15064935064935067,0.514513864469408,21.0,0.5654464548087822,2.5530306908405834e-08,83,0.6114068985258336,2.660549954053621e-15,136,,,,0.5169758921146042,1.6313089361042755e-14,192.0,0.5948962899037009,5.611972451396507e-08,70.0
Pituitary,housekeeping,ACTB↔GAPDH,ACTB,GAPDH,262,0.39127325561083265,5.1445697838916074e-11,10.27015624519523,9.856117532453464,,,,,,,0.5885027916749589,0.005009932996297127,21.0,0.36823379390833477,0.0006146153996701935,83,0.3491148326276941,3.105275591160173e-05,136,,,,0.3358704756175593,1.910635097089435e-06,192.0,0.513975766766409,5.341875768115399e-06,70.0
Pituitary,housekeeping,RPL13A↔RPS18,RPL13A,RPS18,262,0.7725649720834207,3.2713364665301823e-53,10.9835225716802,10.687189695489316,,,,,,,0.7285714285714285,0.00018002754748230467,21.0,0.7634445843828715,4.8066885571721565e-17,83,0.7793505680343297,5.488003988578371e-29,136,,,,0.7297727700464373,3.311818511609814e-33,192.0,0.8726948245092209,7.4122392501786e-23,70.0
Pituitary,housekeeping,HPRT1↔TBP,HPRT1,TBP,262,0.27621080340241577,5.6769410844174375e-06,5.718731783728563,4.012568830533792,,,,,,,0.01948051948051948,0.9332057914291583,21.0,0.13279597827863104,0.2313884284685469,83,0.364661878345755,1.2732012149392928e-05,136,,,,0.23571325026351722,0.0009972134786663874,192.0,0.35918745850058226,0.0022605946162703007,70.0
Pituitary,housekeeping,B2M↔PPIA,B2M,PPIA,262,0.4817501347898711,1.249492570472802e-16,9.537583928071816,7.396541256941002,,,,,,,0.02077922077922078,0.9287633909628465,21.0,0.4972266681276284,1.7370585545876607e-06,83,0.5181804086577315,1.0392356079374764e-10,136,,,,0.4872497519453676,7.669772676714607e-13,192.0,0.4423876054608709,0.0001258261805777986,70.0
Pituitary,hormone,ESR1→PGR,ESR1,PGR,262,0.4850023553717578,7.282311776799249e-17,2.73643564586421,1.4248064148972053,,,,,,,0.5389610389610389,0.011700072360478079,21.0,0.38300194686799083,0.0003519881295808568,83,0.5339589403645566,2.1693875533405572e-11,136,,,,0.5633997915423462,1.782656592193444e-17,192.0,0.4707374682879888,3.914748227209067e-05,70.0
Pituitary,hormone,AR→KLK3,AR,KLK3,262,0.00340312622302652,0.9562809245405985,2.0227210295336846,0.3218164690343649,,,,,,,0.43780450506503565,0.047153529027743155,21.0,-0.03654296398845924,0.7429246401120362,83,-0.04385751251354298,0.612165196821765,136,,,,0.037252441802465654,0.6079566346766127,192.0,-0.10798556991507681,0.37356778775538946,70.0
Pituitary,hormone,AR→SMAD3,AR,SMAD3,262,0.2714386110769952,8.328435392476095e-06,2.0227210295336846,4.609439867143412,,,,,,,0.6194805194805195,0.0027458897532375575,21.0,0.23000834352539254,0.03645364373084307,83,0.3161254387669578,0.0001773910098723072,136,,,,0.29205153898061403,3.950916624552467e-05,192.0,0.25217611912537985,0.03520140707876217,70.0
Adrenal Gland,production,SMAD3→COL1A1,SMAD3,COL1A1,249,0.29069086622610896,3.0850547581187967e-06,3.000582106142159,5.7763285177299775,,,,-0.2646616541353383,0.25946936992853786,20.0,0.5018610628896024,0.00044415541688804254,45.0,0.289726567332701,0.006489873664618131,87,0.15237319511292113,0.19496476764805643,74,,,,0.29966389527790976,0.00019500539257918367,150.0,0.2868592667276136,0.003992860321703771,99.0
Adrenal Gland,production,SMAD3→COL3A1,SMAD3,COL3A1,249,0.2524988889400663,5.582269610150419e-05,3.000582106142159,6.000983277956645,,,,-0.38195488721804516,0.09653857766782038,20.0,0.4741921673246729,0.0009994445550741147,45.0,0.2673556053840942,0.012300353112463854,87,0.13359496482784153,0.2564769563189099,74,,,,0.24412172306871038,0.0026078235862896835,150.0,0.2844553289113942,0.0043233975835649694,99.0
Adrenal Gland,production,SMAD3→FN1,SMAD3,FN1,249,0.2979476645023788,1.6925543502414382e-06,3.000582106142159,4.957612163570511,,,,0.013533834586466165,0.9548397533571387,20.0,0.46141177270658645,0.0014215456706754032,45.0,0.2728950330369913,0.010548323414366564,87,0.21830594821737478,0.061682160384002746,74,,,,0.3250520469432114,4.938331431851096e-05,150.0,0.2612121212121212,0.009013912184182252,99.0
Adrenal Gland,production,SMAD3→SERPINE1,SMAD3,SERPINE1,249,0.2830207048555366,5.716398356073397e-06,3.000582106142159,5.289353220338324,,,,0.04060150375939849,0.8650468790077722,20.0,0.22254430463139865,0.14173502386671635,45.0,0.3055388485008491,0.004004409111049679,87,0.17369863013698625,0.13885994664532958,74,,,,0.4057741438262116,2.584208397723672e-07,150.0,0.04253555967841682,0.675919531962637,99.0
Adrenal Gland,production,ESR1→COL1A1,ESR1,COL1A1,249,0.1509471654217937,0.017144479637139564,1.0962654170262287,5.7763285177299775,,,,-0.33383458646616543,0.15029922707342816,20.0,0.27247274299178204,0.07017168658810707,45.0,0.17561317896396372,0.10373923731271574,87,0.34323583857830425,0.0027545517896490493,74,,,,0.09743570141561313,0.23555097529510255,150.0,0.23819713293136927,0.017586420333779794,99.0
Adrenal Gland,production,ESR1→ELN,ESR1,ELN,249,0.25998180718307906,3.275070604071881e-05,1.0962654170262287,3.529430734584609,,,,0.30225563909774433,0.1952375807222028,20.0,0.204815705503252,0.17713128575090317,45.0,0.16833203475804773,0.11910740762953673,87,0.345516475379489,0.0025690451940969523,74,,,,0.14579188689969047,0.0750488680504177,150.0,0.4050130335335073,3.2063524717358154e-05,99.0
Adrenal Gland,production,AR→COL1A1,AR,COL1A1,249,0.354546035757176,8.689270326149647e-09,1.2348716607294887,5.7763285177299775,,,,0.009022556390977442,0.9698849998123449,20.0,0.38604697145354033,0.008813401199040746,45.0,0.40606546620981254,9.529314657456157e-05,87,0.41651240281377255,0.00022318796675546338,74,,,,0.30896033324346467,0.0001196355393806103,150.0,0.3898922995593738,6.630162609493039e-05,99.0
Adrenal Gland,production,SOX9→ACAN,SOX9,ACAN,249,0.0461881911845911,0.4681101471279824,2.0694625909069932,0.2724930981780032,,,,-0.2270676691729323,0.3356744310134179,20.0,0.0801080404927483,0.6009039400015288,45.0,0.171540529457329,0.112132281536567,87,-0.04062229265044834,0.7311179035852302,74,,,,0.12354970042924832,0.13199339491976414,150.0,-0.08368609674157738,0.41020264769868475,99.0
Adrenal Gland,production,SOX9→COL2A1,SOX9,COL2A1,249,-0.13440235432287426,0.034023836488553665,2.0694625909069932,0.10794844546815358,,,,-0.03159082585195885,0.8948150458120687,20.0,-0.3762311013602678,0.010860193903245876,45.0,-0.03636347079716753,0.7380922607463225,87,-0.12028672141765481,0.3073294958351113,74,,,,-0.06503939311729541,0.42909532429692876,150.0,-0.22781976278505514,0.023335290863366075,99.0
Adrenal Gland,production,PPARG→FABP4,PPARG,FABP4,249,0.5610357417897875,4.7745365035140655e-22,1.9811960520993275,3.7779782489839806,,,,0.556390977443609,0.010841753245056875,20.0,0.3703557312252964,0.012270484462038597,45.0,0.640485531124655,2.3812689522220754e-11,87,0.5316401332839688,1.0935482785846226e-06,74,,,,0.6037980388446663,2.865368770793615e-16,150.0,0.4811841755360267,4.6161562071301637e-07,99.0
Adrenal Gland,production,PPARG→ADIPOQ,PPARG,ADIPOQ,249,0.4174941181193424,6.368862447410271e-12,1.9811960520993275,1.3337296666988887,,,,0.44001507436656967,0.05220097583385051,20.0,0.21634981156835967,0.1534508625667322,45.0,0.5282248531861342,1.4546443875285708e-07,87,0.3709199692368132,0.0011405655587235029,74,,,,0.4851999899736957,3.1228057767401075e-10,150.0,0.28416264254746887,0.004365265065493508,99.0
Adrenal Gland,production,RUNX2→SPP1,RUNX2,SPP1,249,0.28347626015615884,5.513567331874002e-06,0.9175190420514608,4.107775811091005,,,,0.03909774436090225,0.8700037043301221,20.0,0.35704874835309613,0.01605287329878793,45.0,0.30867859535293146,0.0036269013504672647,87,0.3499174373841755,0.0022423848485408197,74,,,,0.32595817762243234,4.691243121730197e-05,150.0,0.19146686126692183,0.057632824980493796,99.0
Adrenal Gland,production,FOXO1→PCK1,FOXO1,PCK1,249,-0.0049491126362984335,0.9380641482367152,3.6544623777090783,0.7889492478236616,,,,-0.35037593984962395,0.12989410232900506,20.0,-0.17029546436986379,0.26338620082666875,45.0,0.17780106621233094,0.09943741135363555,87,-0.03763078586394066,0.7502468233761092,74,,,,0.0026596926775564055,0.974231210055117,150.0,-0.016159954487430257,0.8738596938782908,99.0
Adrenal Gland,production,HNF4A→ALB,HNF4A,ALB,249,0.14887133125890317,0.01875111155015667,0.1447343671634554,1.7229293149159137,,,,0.28421052631578947,0.22458459821120466,20.0,-0.22806324110671936,0.13186717193794287,45.0,0.329139878528402,0.001853030756824541,87,0.14100171790770688,0.23080409281497827,74,,,,0.12522212514753595,0.12680124419463495,150.0,0.17872603586889302,0.07672754621127478,99.0
Adrenal Gland,detection,RELA→ICAM1,RELA,ICAM1,249,0.41524272427677605,8.471417311163521e-12,5.390140273006087,3.687711496908502,,,,0.45112781954887216,0.04588325880000641,20.0,0.5723508682573991,3.9921227066764465e-05,45.0,0.3318357862122386,0.001690245148991521,87,0.4234611141257454,0.00017043022158195686,74,,,,0.48197911897934054,4.2458252753211434e-10,150.0,0.3100956409747614,0.0017864944530475507,99.0
Adrenal Gland,detection,RELA→IL6,RELA,IL6,249,0.387079635872053,2.522798743351064e-10,5.390140273006087,1.5024757910085969,,,,-0.05864661654135337,0.8059928433862233,20.0,0.32464837462850626,0.029567376787078745,45.0,0.4254138360009714,3.9991528691434934e-05,87,0.474849869319714,1.914531695052745e-05,74,,,,0.44503785511831245,1.1566445478725966e-08,150.0,0.28046023928454045,0.0049269905159216735,99.0
Adrenal Gland,detection,RELA→CCL2,RELA,CCL2,249,0.21419449193579565,0.0006677233845412016,5.390140273006087,5.447927547745915,,,,0.08872180451127819,0.7099206278927328,20.0,0.37359596844932197,0.011474523876765586,45.0,0.12593976397685336,0.24510051879361508,87,0.2583377761980925,0.026260174021863435,74,,,,0.3220524755010027,5.846187475353248e-05,150.0,0.044199544215360764,0.663992906015418,99.0
Adrenal Gland,detection,RELA→NFKBIA,RELA,NFKBIA,249,0.38542747609209677,3.0486601346903617e-10,5.390140273006087,7.5348275540822955,,,,0.30977443609022554,0.18380643241191041,20.0,0.3033137887871401,0.04282365080349685,45.0,0.357920061253858,0.0006648781481806805,87,0.40954024096080877,0.0002908492112119465,74,,,,0.3149498507044013,8.657098860313321e-05,150.0,0.5328237382264359,1.3695976292307534e-08,99.0
Adrenal Gland,detection,NFKB1→TNF,NFKB1,TNF,249,0.24881008897806636,7.217583375568054e-05,4.123934615567985,0.8211097489429047,,,,0.3694508194099423,0.10889791872295293,20.0,0.26455862977602107,0.07905185258763574,45.0,0.2068720411560234,0.05454072621705513,87,0.30938858331032426,0.007311674335002381,74,,,,0.18632549291547218,0.022433200807657594,150.0,0.3494706116248408,0.0003918583949763675,99.0
Adrenal Gland,detection,HIF1A→VEGFA,HIF1A,VEGFA,249,-0.08251405367789162,0.19438621718515947,7.149252899200562,6.064972565356029,,,,-0.17299737966548892,0.46576976787690283,20.0,-0.12239789196310934,0.4231413246993804,45.0,-0.0689114685407025,0.5259364437288034,87,-0.051788610061472055,0.6612324747271896,74,,,,-0.00262413062340762,0.9745756415631935,150.0,-0.20721216581822235,0.03959559478245587,99.0
Adrenal Gland,detection,HIF1A→SLC2A1,HIF1A,SLC2A1,249,0.17201048508394406,0.0065098153334310765,7.149252899200562,3.457817232752421,,,,-0.07972922715018185,0.7382786409460768,20.0,0.22661396574440051,0.13440727473119687,45.0,0.1683069969198243,0.11916312260426855,87,0.21413127184408506,0.06695453172546581,74,,,,0.26334667623253216,0.0011298793270916726,150.0,-0.005466947847648438,0.9571701962593353,99.0
Adrenal Gland,detection,TP53→CDKN1A,TP53,CDKN1A,249,-0.019488823789661183,0.7595969370260011,3.705935334584799,6.166366364582475,,,,0.5804511278195488,0.0072900732244842075,20.0,0.07523056653491436,0.6233149045548514,45.0,0.1399956257992779,0.19591251228099507,87,-0.26744168826360604,0.02124588895153772,74,,,,0.03361408780018002,0.6830106392332732,150.0,-0.0985046197250714,0.3320352016349669,99.0
Adrenal Gland,detection,TP53→MDM2,TP53,MDM2,249,0.5895665422002774,1.0587804942460494e-24,3.705935334584799,3.697672653389743,,,,0.6827067669172932,0.0009099086324726488,20.0,0.32424242424242417,0.029783330440487622,45.0,0.5796591634973588,4.03108257124373e-09,87,0.7719500912396091,8.196182861463665e-16,74,,,,0.6033111334882126,3.0706569150422553e-16,150.0,0.5789328839372752,3.4528054531254515e-10,99.0
Adrenal Gland,detection,ATF4→DDIT3,ATF4,DDIT3,249,0.5755795548961601,2.2820141539960487e-23,8.221762643760467,5.846411486706102,,,,0.6506205800462953,0.001894265891700142,20.0,0.5066043021293046,0.0003838085848962129,45.0,0.5561033398873089,2.245873981552547e-08,87,0.601089982820923,1.490934747875862e-08,74,,,,0.5398179112605935,1.0152683092597405e-12,150.0,0.6543989412861885,2.0457812190552854e-13,99.0
Adrenal Gland,detection,XBP1→DNAJB1,XBP1,DNAJB1,249,0.25263200032806526,5.5303500124946104e-05,6.650226552802396,6.670788027675276,,,,0.19548872180451127,0.40881908952023194,20.0,0.43451910408432143,0.0028587048595308403,45.0,0.28621549088787157,0.007198955185779332,87,0.051937089040705264,0.6603208351870037,74,,,,0.2279254044858125,0.005028952689345224,150.0,0.29692114075943044,0.002841168983083362,99.0
Adrenal Gland,detection,HSF1→HSPA1A,HSF1,HSPA1A,249,0.2723238342238252,1.311211150598173e-05,6.243880930674603,5.880276945221376,,,,0.06616541353383458,0.7816639121085741,20.0,-0.011725955204216073,0.9390617657292496,45.0,0.37728163304068035,0.0003154897086741099,87,0.3346810023469912,0.0035617582589893694,74,,,,0.17534174973842917,0.03185862053597197,150.0,0.41276437847866415,2.179035739206833e-05,99.0
Adrenal Gland,detection,STAT1→IRF1,STAT1,IRF1,249,0.5101906533048448,6.627708071787037e-18,5.217184790645737,3.3512717906729765,,,,0.3293233082706767,0.15623105162611672,20.0,0.6198945981554678,5.596744596508175e-06,45.0,0.6230737686502846,1.1591482371107006e-10,87,0.3103295075897815,0.0071261745048502535,74,,,,0.5276902672521945,3.961801371794447e-12,150.0,0.4720546445744415,8.112521976929945e-07,99.0
Adrenal Gland,detection,NFE2L2→NQO1,NFE2L2,NQO1,249,0.40598589893432263,2.6776783326090128e-11,5.628818697718732,5.716705182469992,,,,-0.0706766917293233,0.7671582206450904,20.0,0.5044795783926219,0.0004098620378483477,45.0,0.4676608754735952,4.946494080798962e-06,87,0.3382031707102766,0.0032068968684395246,74,,,,0.40907595893150805,2.0201163110190921e-07,150.0,0.41712997606664237,1.7456216643281287e-05,99.0
Adrenal Gland,detection,NFE2L2→HMOX1,NFE2L2,HMOX1,249,0.315248061015276,3.7820009711282486e-07,5.628818697718732,5.592465233132542,,,,0.22255639097744356,0.3456206337468547,20.0,0.44703557312252956,0.0020796539615083776,45.0,0.4186046511627906,5.4614504525417195e-05,87,0.2025205852733843,0.08354643719423481,74,,,,0.31649996266544117,7.952890414901706e-05,150.0,0.3260925358473717,0.0009880848395789263,99.0
Adrenal Gland,housekeeping,ACTB↔GAPDH,ACTB,GAPDH,249,0.513232022851394,3.914612340903293e-18,10.468025215179566,9.808709002881644,,,,0.5218045112781955,0.01828494348209759,20.0,0.3706314439245082,0.01220096785502373,45.0,0.4903220515878083,1.4301421471594323e-06,87,0.632420784508205,1.5029384755944973e-09,74,,,,0.5789422687239661,8.47730533600402e-15,150.0,0.3890368006549394,6.901163807787483e-05,99.0
Adrenal Gland,housekeeping,RPL13A↔RPS18,RPL13A,RPS18,249,0.8772537556605241,1.0817045234229116e-80,11.17756987958548,10.867794565407626,,,,0.8526315789473683,1.8006016805502139e-06,20.0,0.8667610927328038,1.411290091217182e-14,45.0,0.8995885487041121,2.50933649959641e-32,87,0.8143151222546392,1.1159712873642325e-18,74,,,,0.9117736475675058,4.530831763183036e-59,150.0,0.7977148688174936,4.969653749701607e-23,99.0
Adrenal Gland,housekeeping,HPRT1↔TBP,HPRT1,TBP,249,0.35767736840672965,6.286190430532045e-09,4.971817034794145,3.729585387141829,,,,0.4330827067669173,0.05646561004225937,20.0,0.17701505329277523,0.24472726636170128,45.0,0.44037090200728835,1.9692570078920028e-05,87,0.3425474094298152,0.002812854938129407,74,,,,0.405030130476906,2.7306668590226615e-07,150.0,0.2687222081351697,0.00715690379745939,99.0
Adrenal Gland,housekeeping,B2M↔PPIA,B2M,PPIA,249,0.38312668906828173,3.961467105122596e-10,10.160597310966278,7.608651362269757,,,,0.4421052631578947,0.05096470340964169,20.0,0.30184453227931485,0.04389118742567767,45.0,0.3433908962643153,0.0011290360261985359,87,0.5420939998227531,6.088314625438579e-07,74,,,,0.4973345221481622,9.533736467928637e-11,150.0,0.1795659124927433,0.07532951705872003,99.0
Adrenal Gland,hormone,ESR1→PGR,ESR1,PGR,249,0.4566961174757316,3.111667819682557e-14,1.0962654170262287,1.4545553835280929,,,,0.3639097744360902,0.11472526385210588,20.0,0.58394545306556,2.5433806270531275e-05,45.0,0.3882461760015515,0.00020254646458270738,87,0.5143132173269158,2.767491866446398e-06,74,,,,0.4301106811635711,3.94825722055562e-08,150.0,0.47413078703178824,7.146440573331638e-07,99.0
Adrenal Gland,hormone,AR→KLK3,AR,KLK3,249,0.05669630881100654,0.37300006885791903,1.2348716607294887,0.580094365133758,,,,-0.44360902255639095,0.05008922172295618,20.0,0.08426392599360553,0.5820906934414716,45.0,0.1481764995598506,0.17078610337151376,87,0.17025846295029784,0.14697587666824607,74,,,,-0.07089005266577844,0.38866308266717997,150.0,0.23092648652725886,0.021466090678688016,99.0
Adrenal Gland,hormone,AR→SMAD3,AR,SMAD3,249,0.40443001421690067,3.237926909568535e-11,1.2348716607294887,3.000582106142159,,,,0.23308270676691725,0.32267802500462284,20.0,0.5276368667237631,0.0001956391691951123,45.0,0.4326077943074886,2.8562362120190122e-05,87,0.3529211403184005,0.0020413542301658412,74,,,,0.4387898419832454,1.9476506069149392e-08,150.0,0.37005794718052853,0.00016323240838550328,99.0
Spleen,production,SMAD3→COL1A1,SMAD3,COL1A1,239,0.12510734989698363,0.05341282126637687,4.572181654774495,6.255628503017346,0.11428571428571428,0.6218181517971058,21.0,0.05494994438264739,0.7730388113386168,30.0,0.09877551020408162,0.49952754886997985,49.0,0.14926598239807948,0.1701636401678049,86,0.1983673469387755,0.1718299874282872,49,,,,0.10450194170586959,0.19860364822307897,153.0,0.16261374518429692,0.134672619199534,86.0
Spleen,production,SMAD3→COL3A1,SMAD3,COL3A1,239,0.3020688730696407,1.9651156198227083e-06,4.572181654774495,6.799637786514091,0.13376623376623376,0.5632192812726848,21.0,0.3308120133481646,0.07416427730755933,30.0,0.3372448979591836,0.017804720809462705,49.0,0.26572760218961566,0.013404876087942426,86,0.46853236067186227,0.0006854750752516688,49,,,,0.2524746628244633,0.001641125810627375,153.0,0.37349107737137743,0.0003970732858979392,86.0
Spleen,production,SMAD3→FN1,SMAD3,FN1,239,0.11001285341683596,0.08969752233212248,4.572181654774495,3.8838405105359386,0.04805194805194805,0.8361372099212369,21.0,0.11368186874304784,0.5497413608930095,30.0,0.2705102040816326,0.06012104732070048,49.0,0.02549261026357407,0.8157713354638425,86,0.11265593513704367,0.44088948733438316,49,,,,0.06714876985006923,0.4095394920497665,153.0,0.19982357408931356,0.06509249809277906,86.0
Spleen,production,SMAD3→SERPINE1,SMAD3,SERPINE1,239,0.21751060202498554,0.0007101548402998008,4.572181654774495,3.662845774175732,0.12727272727272726,0.5824788611326692,21.0,0.06607341490545049,0.7286658674295455,30.0,0.27499999999999997,0.055830391664907594,49.0,0.21340289841743001,0.048512950184604935,86,0.11081632653061223,0.4484340989681216,49,,,,0.2502045989359472,0.0018131355271742559,153.0,0.1423941808317217,0.1909201735803347,86.0
Spleen,production,ESR1→COL1A1,ESR1,COL1A1,239,0.08922129883959791,0.1691811326689194,1.2689404761940863,6.255628503017346,-0.17922077922077922,0.43696527489850645,21.0,0.26896551724137935,0.15065332474676146,30.0,0.1519936733574516,0.2971512488842844,49.0,0.21229503557749918,0.04972002727931563,86,0.1084211332274537,0.45836269355418424,49,,,,0.11378148881294632,0.16139067274314636,153.0,0.07206136254280943,0.5096718383418377,86.0
Spleen,production,ESR1→ELN,ESR1,ELN,239,0.11550753393628585,0.07469846147679406,1.2689404761940863,5.625729880073579,-0.37272727272727274,0.09610224578434737,21.0,0.022914349276974413,0.9043329468719745,30.0,0.1585284963518547,0.2766171966755069,49.0,0.16969828481612645,0.11827820510005656,86,0.23500599512736553,0.10407115065809912,49,,,,0.13645345657135646,0.09259393963917245,153.0,0.0744098722602318,0.49593724650243864,86.0
Spleen,production,AR→COL1A1,AR,COL1A1,239,0.15475671177267294,0.0166484829709104,0.8932008244502494,6.255628503017346,-0.09090909090909091,0.6951310760397713,21.0,0.2859049967630491,0.12562150954530912,30.0,0.13285714285714284,0.3628040694938516,49.0,0.2514847468528705,0.019505865799102143,86,0.06086889973663636,0.6777989786598992,49,,,,0.20447109319664614,0.011236044612476402,153.0,0.16426401495155266,0.1307076636030721,86.0
Spleen,production,SOX9→ACAN,SOX9,ACAN,239,0.18850927227356015,0.0034415134945023295,0.37304728780580865,0.300387915761588,0.28181818181818186,0.21584648348646934,21.0,0.5381535038932147,0.002158329264561832,30.0,0.33234693877551014,0.019641731182741404,49.0,0.02828448645951777,0.7960110095878424,86,0.06668707595802274,0.6489178136292635,49,,,,0.09156581292804201,0.2602989401955881,153.0,0.3291192980800981,0.0019737621403817136,86.0
Spleen,production,PPARG→FABP4,PPARG,FABP4,239,0.2237738095541484,0.0004909832054655039,3.56438971264093,3.505374994238051,0.16233766233766234,0.4820201872355596,21.0,0.16929922135706338,0.37112474496213166,30.0,-0.09387994594753638,0.5211236605878884,49.0,0.30641357059310365,0.0041132480589927654,86,0.3735714285714285,0.008193946008475261,49,,,,0.1980705262341249,0.014117041119496899,153.0,0.2510613808328773,0.01971877876832759,86.0
Spleen,production,PPARG→ADIPOQ,PPARG,ADIPOQ,239,0.01339137784139718,0.8368303370514445,3.56438971264093,0.17249018920655654,0.3276985865644886,0.14701718376232215,21.0,0.21533509143190127,0.25312499228059404,30.0,-0.19339998634297598,0.1830371490424362,49.0,0.10839585767946354,0.3204939633523088,86,-0.230858608626049,0.11050344850097685,49,,,,0.040615673629754274,0.6181500493022036,153.0,-0.011648316261389508,0.9152293367413173,86.0
Spleen,production,RUNX2→SPP1,RUNX2,SPP1,239,0.041099647295381875,0.5271770092033667,2.2078475912245747,2.1589841823946982,0.22077922077922077,0.33618808709526804,21.0,0.060289210233592884,0.7516426426954624,30.0,-0.07887755102040815,0.5900733718381393,49.0,0.0591917505160155,0.5882564714973215,86,0.10897959183673468,0.456037157162558,49,,,,0.05951735755415621,0.46490139029550903,153.0,0.034426476971926696,0.7530049380053683,86.0
Spleen,production,FOXO1→PCK1,FOXO1,PCK1,239,0.19287254309972401,0.0027510292608798246,4.264187649204143,0.2688792809906365,0.1987012987012987,0.3878822634645567,21.0,0.3228031145717464,0.08188381695492776,30.0,0.06331794180483297,0.6655831476288064,49.0,0.12153632789234468,0.2649673818131177,86,0.36626186536266314,0.009645846890872889,49,,,,0.2595860421407458,0.0011940363869687904,153.0,0.10184027672296438,0.35080094678242035,86.0
Spleen,detection,RELA→ICAM1,RELA,ICAM1,239,0.5083936026183646,4.1068373697323885e-17,6.245073867143447,5.972716796348284,0.2831168831168831,0.21364780365132666,21.0,0.5541713014460512,0.001485587676868429,30.0,0.5294012604084987,9.181438210296317e-05,49.0,0.4762133884358302,3.578076881485224e-06,86,0.6734355470443112,1.1435390133760951e-07,49,,,,0.5186931858168251,6.50536402235635e-12,153.0,0.5017760523106771,8.576988091452113e-07,86.0
Spleen,detection,RELA→IL6,RELA,IL6,239,0.3145993217958876,6.879897354176101e-07,6.245073867143447,2.287215488226344,0.014285714285714285,0.9509932422972028,21.0,0.5986651835372636,0.00047421363086265576,30.0,0.21367892045015346,0.1404207166232473,49.0,0.3669847679379659,0.0005097529660304268,86,0.3033240644880999,0.034119907577062784,49,,,,0.2969932275380983,0.0001930435369228209,153.0,0.37208885450936907,0.00041922184306434436,86.0
Spleen,detection,RELA→CCL2,RELA,CCL2,239,0.23321922993528826,0.00027598365135461775,6.245073867143447,3.330796552253069,-0.17922077922077922,0.43696527489850645,21.0,0.1604004449388209,0.3971508169232242,30.0,0.22490369659605455,0.12026472616162283,49.0,0.2546641571053246,0.017969030770071483,86,0.39730605385514445,0.004702671628171514,49,,,,0.23409350773441426,0.003586515391266337,153.0,0.16815102742412974,0.12172058107666789,86.0
Spleen,detection,RELA→NFKBIA,RELA,NFKBIA,239,0.42048294863961044,1.1729750271946007e-11,6.245073867143447,8.411727693789175,0.6103896103896104,0.00329657207068626,21.0,0.48476084538375974,0.006629743930305693,30.0,0.31704890441195166,0.02644184952411816,49.0,0.3707645208047327,0.0004411746556359868,86,0.36460113790276905,0.010005043018734849,49,,,,0.3945975920611268,4.4830097383508295e-07,153.0,0.47849878297127374,3.1637818773223074e-06,86.0
Spleen,detection,NFKB1→TNF,NFKB1,TNF,239,0.33706643929503277,9.258416847779513e-08,4.914579841382334,3.3206284956453236,0.05714285714285714,0.8056609740932285,21.0,0.40200222469410457,0.02765522863370588,30.0,0.4759183673469387,0.0005476748109206368,49.0,0.23477022068539885,0.029568822620767935,86,0.40041837815014436,0.004359364685814226,49,,,,0.3444591314142354,1.3007979000212608e-05,153.0,0.3100632580026856,0.00366904522903544,86.0
Spleen,detection,HIF1A→VEGFA,HIF1A,VEGFA,239,-0.009288582238645997,0.8864100466399044,6.208497737740871,7.146435745590401,-0.36883116883116884,0.09990670544494937,21.0,-0.24983314794215797,0.18303238334809965,30.0,0.24918367346938775,0.08423798211640296,49.0,0.04998490452332059,0.6476395641498363,86,-0.19020893396326935,0.19050767716232506,49,,,,0.058817764281764454,0.47017475231099903,153.0,-0.04505894173804431,0.68037297374686,86.0
Spleen,detection,HIF1A→SLC2A1,HIF1A,SLC2A1,239,0.1417182191906716,0.028488604155470696,6.208497737740871,4.587659482676614,0.487012987012987,0.025150758255917977,21.0,0.24254562238217506,0.19656054554874552,30.0,0.12929231100048172,0.37593738546057764,49.0,0.13151749871600713,0.2274140021405351,86,0.005612244897959183,0.9694709621810536,49,,,,0.11225852279929459,0.16711147140357277,153.0,0.16465005259890064,0.12979313007691956,86.0
Spleen,detection,TP53→CDKN1A,TP53,CDKN1A,239,0.004114895349805759,0.9495423556085905,4.733999614436257,5.36385325108612,0.18441558441558442,0.4235662143050207,21.0,0.13414905450500555,0.4797231897609263,30.0,0.03204081632653061,0.8269992338175048,49.0,0.06576346662840227,0.5474451491928769,86,-0.1688308375763032,0.2461895329993325,49,,,,0.027762606801809343,0.733364098427574,153.0,-0.0590133310716593,0.5893834661964272,86.0
Spleen,detection,TP53→MDM2,TP53,MDM2,239,0.05146124705021989,0.42840413120812415,4.733999614436257,3.910848898867683,0.1753816266581003,0.44700981100864245,21.0,-0.2947719688542826,0.11381068481392179,30.0,0.1466363938332715,0.3147021512467686,49.0,-0.029086963700585455,0.7903543389481307,86,0.30214285714285716,0.03485905869542553,49,,,,-0.08395878706651029,0.30215679433686876,153.0,0.2861496224111587,0.007564646879178063,86.0
Spleen,detection,ATF4→DDIT3,ATF4,DDIT3,239,0.6154584696644811,2.635148695798142e-26,8.41568475388084,5.55961295251567,0.6766233766233766,0.0007567063943834323,21.0,0.6004449388209121,0.0004514585902664145,30.0,0.3764477779478545,0.007676818966610851,49.0,0.6235258599543371,1.4328586319932943e-10,86,0.6989795918367346,2.326468809449805e-08,49,,,,0.6466163901983814,1.7480444033816575e-19,153.0,0.5415477510743493,7.277537633877714e-08,86.0
Spleen,detection,XBP1→DNAJB1,XBP1,DNAJB1,239,-0.3065117900138882,1.362000244793036e-06,8.2369965409634,5.903413876330005,-0.19746672038541666,0.39089777352358646,21.0,-0.49499443826473855,0.005419644177361214,30.0,-0.02290874767958904,0.8758423625852976,49.0,-0.32447756969668384,0.002303923461911067,86,-0.36373376883694936,0.010197184802246302,49,,,,-0.15806306238410123,0.051011444107245056,153.0,-0.5566567761292577,2.615118016999264e-08,86.0
Spleen,detection,HSF1→HSPA1A,HSF1,HSPA1A,239,0.3155263937447136,6.353584318431806e-07,6.408825475301702,6.236903298350059,0.3571428571428571,0.11198091415054655,21.0,0.4175750834260289,0.02167610363310743,30.0,0.1972499299093346,0.17430665180917876,49.0,0.31243277922782253,0.0034040892762670074,86,0.40642857142857136,0.0037581062708013043,49,,,,0.27487518847725295,0.0005846945897364127,153.0,0.3200433982735034,0.002664869100089285,86.0
Spleen,detection,STAT1→IRF1,STAT1,IRF1,239,0.7416675969581977,5.4954973930878765e-43,6.035912687309616,6.465081570038736,0.5896103896103897,0.004908349532622714,21.0,0.7564801470773284,1.3240914383041685e-06,30.0,0.7516518280973401,4.852156253590998e-10,49.0,0.7857860549455554,3.255134962770923e-19,86,0.7051020408163263,1.5494935264030264e-08,49,,,,0.7470309246225937,1.4503070563009207e-28,153.0,0.7395041229077912,4.2362549823148574e-16,86.0
Spleen,detection,NFE2L2→NQO1,NFE2L2,NQO1,239,0.3501047236738876,2.680611786057083e-08,5.665602336867583,3.944437307293944,0.438961038961039,0.04650647377632554,21.0,0.37156524871151125,0.043207084779925554,30.0,0.35040816326530605,0.01357368492940269,49.0,0.3335456085022652,0.0016992978516330779,86,0.3433673469387754,0.01571513903839354,49,,,,0.32436534701779973,4.305762846751115e-05,153.0,0.4077381373607201,9.753669055961898e-05,86.0
Spleen,detection,NFE2L2→HMOX1,NFE2L2,HMOX1,239,-0.02081813371213791,0.7488258862277086,5.665602336867583,9.584311006458234,0.07142857142857142,0.758328345457485,21.0,-0.018912003676933208,0.9209854526211765,30.0,0.2281632653061224,0.11484381642263727,49.0,-0.08625959959997735,0.4296991450172558,86,-0.17877551020408164,0.2190519736949154,49,,,,-0.060829080820637225,0.45510230207984526,153.0,0.06606915420538705,0.5455807897491183,86.0
Spleen,housekeeping,ACTB↔GAPDH,ACTB,GAPDH,239,0.6363036036735046,1.5785335169447116e-28,11.892330556733837,9.494003519353507,0.8506493506493505,1.0328766943533907e-06,21.0,0.43670745272525024,0.01582798651751948,30.0,0.5620041329413659,2.6449799677981413e-05,49.0,0.6832807362722197,4.219111830374958e-13,86,0.6714285714285714,1.2874353823825551e-07,49,,,,0.6435684949696638,2.920010140849638e-19,153.0,0.6370141847053501,4.293546590759798e-11,86.0
Spleen,housekeeping,RPL13A↔RPS18,RPL13A,RPS18,239,0.8915568500541909,1.7299814799338686e-83,11.643708955293919,11.617977142333984,0.9311688311688312,9.09817300869989e-10,21.0,0.8171301446051168,3.602807108718365e-08,30.0,0.9114750764453848,9.337969506135721e-20,49.0,0.8994848765024436,6.022193761556459e-32,86,0.8830327307141371,4.718528264993833e-17,49,,,,0.8861663105247184,2.6192664684758998e-52,153.0,0.8995174233282923,5.944903388526005e-32,86.0
Spleen,housekeeping,HPRT1↔TBP,HPRT1,TBP,239,0.3883072341359643,5.05800783376963e-10,4.632262492279628,4.454869877843178,0.5402597402597402,0.011460918664328345,21.0,0.2959172340037784,0.11234764370375631,30.0,0.3612011133879528,0.010776519561991762,49.0,0.378651218976774,0.0003244922313881542,86,0.41609265778866267,0.002943437423042487,49,,,,0.29109806776694375,0.00026169210152901415,153.0,0.5394129801024596,8.376073095554461e-08,86.0
Spleen,housekeeping,B2M↔PPIA,B2M,PPIA,239,0.4515215137390017,2.0849429793173029e-13,11.739997911652761,7.989347942703438,0.348051948051948,0.12207717550592734,21.0,0.4251863414896396,0.019166642444234223,30.0,0.5413913622007112,5.8967895224188474e-05,49.0,0.5041606128648791,7.462232454047443e-07,86,0.3336394714016021,0.01914205731483524,49,,,,0.44905988806005964,5.810726749259665e-09,153.0,0.4224201369888862,5.091512263961221e-05,86.0
Spleen,hormone,ESR1→PGR,ESR1,PGR,239,0.6109193266642166,7.639545704755789e-26,1.2689404761940863,1.3844717288366422,0.3818181818181818,0.0876405357845381,21.0,0.4214039407542529,0.020381921669415066,30.0,0.5698249910709731,1.9237611031881704e-05,49.0,0.6011123323666915,9.3858998266748e-10,86,0.7613969746603726,2.132000512358837e-10,49,,,,0.628043340774809,3.651233227154564e-18,153.0,0.5710255817637253,9.414142553268674e-09,86.0
Spleen,hormone,AR→KLK3,AR,KLK3,239,0.06495249559658031,0.3173429097123039,0.8932008244502494,0.305488180010638,-0.06043092152599524,0.7947021820733147,21.0,-0.0046828068057760425,0.9804067155017111,30.0,-0.07265585829525241,0.6198110635090393,49.0,0.10715471682083982,0.3260989021019228,86,0.20440697232410873,0.15888361555766423,49,,,,0.15313021851335937,0.05879222945310984,153.0,0.03441477474442386,0.7530862111288318,86.0
Spleen,hormone,AR→SMAD3,AR,SMAD3,239,0.15771583403776987,0.01465722436390728,0.8932008244502494,4.572181654774495,-0.07662337662337662,0.7413113765158403,21.0,0.10479474978630048,0.5815539958461008,30.0,-0.04081632653061224,0.7806634724520677,49.0,0.2668940434645134,0.012988188219518295,86,0.2406694049100702,0.0957573032601986,49,,,,0.1543251035789362,0.056823219882224704,153.0,0.20294449240516568,0.060924580787033666,86.0
Brain - Cortex,production,SMAD3→COL1A1,SMAD3,COL1A1,237,0.2544802625076153,7.420295849028957e-05,3.9226302461785103,1.4167130009785986,,,,,,,0.10086956521739131,0.6390859319090778,24.0,0.22350436590811673,0.05733034341603652,73,0.31920146678063677,0.000380131482634458,120,,,,0.24059929531469934,0.0015752871776110796,170.0,0.29669759558934783,0.01476702979163926,67.0
Brain - Cortex,production,SMAD3→COL3A1,SMAD3,COL3A1,237,0.21485255597015462,0.0008713067123610331,3.9226302461785103,1.1462432220263823,,,,,,,0.09652173913043478,0.6536731719946905,24.0,0.24965289574068564,0.03316557699953935,73,0.22944728608683274,0.01170592831507246,120,,,,0.19823570110828556,0.009559266380688583,170.0,0.26433203636909613,0.030653708115927908,67.0
Brain - Cortex,production,SMAD3→FN1,SMAD3,FN1,237,0.31460785827344984,7.660312598312816e-07,3.9226302461785103,4.163079453923028,,,,,,,0.18086956521739128,0.39767420741690407,24.0,0.35785690060536884,0.0018810895632913422,73,0.3205546237746502,0.0003577774820949324,120,,,,0.2979022234614537,7.964251215954528e-05,170.0,0.3739673544318952,0.0018245379248416958,67.0
Brain - Cortex,production,SMAD3→SERPINE1,SMAD3,SERPINE1,237,0.24208185127837936,0.0001677351942235805,3.9226302461785103,1.4541811929221897,,,,,,,-0.11739130434782606,0.5848655143600632,24.0,0.34524039101211434,0.002777187001614636,73,0.29228122140682533,0.0011982054525441852,120,,,,0.2127587335652775,0.005343981720822023,170.0,0.29324553532726183,0.016024746078741717,67.0
Brain - Cortex,production,ESR1→COL1A1,ESR1,COL1A1,237,0.24578388464956094,0.0001320560859137373,0.30179553397219894,1.4167130009785986,,,,,,,0.13739130434782607,0.5220471463273302,24.0,0.13374676045908923,0.2592833633574431,73,0.38382793130262177,1.5076449159795282e-05,120,,,,0.16846746832567583,0.028087537534038837,170.0,0.46124990023146306,8.552885482925386e-05,67.0
Brain - Cortex,production,ESR1→ELN,ESR1,ELN,237,0.38377810460594847,9.800577056088974e-10,0.30179553397219894,3.1057795462226063,,,,,,,0.25652173913043474,0.22628553340548088,24.0,0.4652325159995544,3.366995570152879e-05,73,0.36795738578160214,3.555743921861362e-05,120,,,,0.39847215903720473,7.379378930301253e-08,170.0,0.3499117039812586,0.003700614132559027,67.0
Brain - Cortex,production,AR→COL1A1,AR,COL1A1,237,0.2567045940103785,6.381864737771615e-05,0.6032201866560345,1.4167130009785986,,,,,,,0.23478260869565212,0.26945461176954527,24.0,0.13874597947145012,0.24173634447585957,73,0.30827755640678106,0.0006136980145720505,120,,,,0.22678404154384094,0.0029400873922214143,170.0,0.2995849628861043,0.013781232931026963,67.0
Brain - Cortex,production,SOX9→ACAN,SOX9,ACAN,237,0.17394323250996577,0.007271303693820716,5.358180692930262,0.40057577051316634,,,,,,,0.28782608695652173,0.1726154993827195,24.0,0.03643740310335393,0.7595668694401847,73,0.21339898672592086,0.019272114580517925,120,,,,0.2252484573512043,0.0031443600548306727,170.0,-0.02159034221291031,0.8623221180981191,67.0
Brain - Cortex,production,SOX9→COL2A1,SOX9,COL2A1,237,0.057309639453501086,0.3797656569965444,5.358180692930262,0.2837023680620996,,,,,,,0.16695652173913042,0.4355381053206143,24.0,0.02233740589904974,0.8512057455889918,73,0.08471118503651061,0.35762163768967925,120,,,,0.10295144073030428,0.18155851829199351,170.0,-0.08456465564966777,0.4962604239374615,67.0
Brain - Cortex,production,PPARG→FABP4,PPARG,FABP4,237,0.1465008402725058,0.024094991279025375,1.4641867285036336,1.3187415559583575,,,,,,,0.2695652173913043,0.20272227336292598,24.0,0.21183675673804236,0.07199121621139107,73,0.13273629491324118,0.14839129753353178,120,,,,0.11022268522975524,0.152462155732865,170.0,0.22525965021923064,0.06683771763104339,67.0
Brain - Cortex,production,PPARG→ADIPOQ,PPARG,ADIPOQ,237,0.11337017255077571,0.08156033605177795,1.4641867285036336,0.19474148362843546,,,,,,,-0.016122042619082285,0.9403978638202887,24.0,0.11747278864874784,0.32227342399359793,73,0.13234029468588507,0.14961659849902964,120,,,,0.09180744863528925,0.23376841734591136,170.0,0.1560934732680834,0.20717059508915545,67.0
Brain - Cortex,production,RUNX2→SPP1,RUNX2,SPP1,237,0.5516180924187567,2.858110561488103e-20,0.8182294786227906,5.6282175965449985,,,,,,,0.6686956521739129,0.0003540118899656703,24.0,0.5921880784894484,3.420119776359275e-08,73,0.49154625858431844,1.1918128626501045e-08,120,,,,0.5978917980188866,7.418633520750924e-18,170.0,0.41223186678864326,0.0005277349407947962,67.0
Brain - Cortex,production,FOXO1→PCK1,FOXO1,PCK1,237,0.27463796972326227,1.799713776681452e-05,2.64501012176401,0.904661284649611,,,,,,,0.18173913043478263,0.3953708419767238,24.0,0.25961264048532734,0.02655301752410043,73,0.35481630668796443,6.999325213817054e-05,120,,,,0.29724451761349474,8.273160842308922e-05,170.0,0.20947820018138233,0.08888342291046752,67.0
Brain - Cortex,production,HNF4A→ALB,HNF4A,ALB,237,0.19117198650248915,0.003128765580627608,0.2885975685748684,1.3684891315829402,,,,,,,0.07739130434782608,0.7192671455433247,24.0,0.3800010798666034,0.0009130901274698867,73,0.12496136844261868,0.1738640885183421,120,,,,0.20400523935873563,0.007621337478324872,170.0,0.161169310585653,0.1925959932479606,67.0
Brain - Cortex,detection,RELA→ICAM1,RELA,ICAM1,237,0.5703619851397408,7.509531975503458e-22,4.583738052392308,1.98954004338522,,,,,,,0.46782608695652167,0.021148364845632338,24.0,0.6364197341166421,1.4363560741840589e-09,73,0.4736074505461241,4.674418303168573e-08,120,,,,0.5285536238034813,1.2796196102912753e-13,170.0,0.7063882431934612,2.4190713478391546e-11,67.0
Brain - Cortex,detection,RELA→IL6,RELA,IL6,237,0.5158966523244267,1.6120148113790636e-17,4.583738052392308,1.2040215438695523,,,,,,,0.477391304347826,0.01832157146143348,24.0,0.4767054395680021,2.0119722578326625e-05,73,0.5218618751060462,9.820203752246186e-10,120,,,,0.46922182089306136,1.0881089546313526e-10,170.0,0.6505372589642445,2.5436398117966093e-09,67.0
Brain - Cortex,detection,RELA→CCL2,RELA,CCL2,237,0.5863012155062455,2.819068315752997e-23,4.583738052392308,1.8120275157413401,,,,,,,0.6834782608695652,0.00023175396568196851,24.0,0.49123754286799426,1.0200568798346453e-05,73,0.5750905448001363,6.43892092142195e-12,120,,,,0.5530311357340979,5.28074763572864e-15,170.0,0.6798695014854836,2.504514212399782e-10,67.0
Brain - Cortex,detection,RELA→NFKBIA,RELA,NFKBIA,237,0.6870771878308406,1.9017069418453482e-34,4.583738052392308,5.605213994215309,,,,,,,0.7399999999999999,3.575934057206767e-05,24.0,0.7347448804466283,1.369741460768932e-13,73,0.5824244128947291,2.9955517301283056e-12,120,,,,0.6532751507709991,4.676327776211598e-22,170.0,0.7783619838561208,9.069903864225004e-15,67.0
Brain - Cortex,detection,NFKB1→TNF,NFKB1,TNF,237,0.40820906595142303,6.230134713982645e-11,2.5131439418229373,0.21441961662207223,,,,,,,0.3887801787927602,0.06043763469047632,24.0,0.5676160423785583,1.63442217905564e-07,73,0.30205966795185535,0.0007995778180720121,120,,,,0.4217474434933745,1.0172882470738148e-08,170.0,0.41540350608440774,0.0004729585270056937,67.0
Brain - Cortex,detection,HIF1A→VEGFA,HIF1A,VEGFA,237,0.364919527951634,7.079386818001876e-09,4.443287011440293,4.398084020815821,,,,,,,0.5366384123381053,0.006860059941029121,24.0,0.5296422566694737,1.4481356601652692e-06,73,0.35175317516602567,8.161851748962232e-05,120,,,,0.40028578320176245,6.357669152754401e-08,170.0,0.3059332941058769,0.011811415266845836,67.0
Brain - Cortex,detection,HIF1A→SLC2A1,HIF1A,SLC2A1,237,0.4902848720664873,9.772609525692427e-16,4.443287011440293,5.925648900526989,,,,,,,0.4434782608695652,0.029959339686467554,24.0,0.43378995433789963,0.00012609745813591956,73,0.597572028325309,5.796485160947295e-13,120,,,,0.45593018100813015,4.1618726514212675e-10,170.0,0.5437693305397586,1.9793763629020537e-06,67.0
Brain - Cortex,detection,TP53→CDKN1A,TP53,CDKN1A,237,0.5635792686664577,2.8781065646946854e-21,2.2812226756715575,4.224244074479437,,,,,,,0.8217391304347826,8.505288480562671e-07,24.0,0.4443416018758485,8.212477384177652e-05,73,0.5774458857180332,5.046366088897018e-12,120,,,,0.52127833024457,3.1439732812622853e-13,170.0,0.6131774283661905,3.4661826380849797e-08,67.0
Brain - Cortex,detection,TP53→MDM2,TP53,MDM2,237,0.36438129441926387,7.476588688833408e-09,2.2812226756715575,2.636852386631543,,,,,,,0.0008695652173913043,0.9967824967252694,24.0,0.38115806768741267,0.0008780141786400252,73,0.4251178037287442,1.2996023858500946e-06,120,,,,0.37541066094150866,4.549971536503789e-07,170.0,0.377364514326762,0.0016439136535249424,67.0
Brain - Cortex,detection,ATF4→DDIT3,ATF4,DDIT3,237,0.7383036095627038,4.4893996261323414e-42,7.163437865454436,5.429586246546814,,,,,,,0.6049141260634557,0.001739178332961317,24.0,0.7523622199305922,1.671291885999771e-14,73,0.7001390728832322,5.663213199445672e-19,120,,,,0.735866995847116,2.9661184603655434e-30,170.0,0.7477002894833851,3.6106171730073076e-13,67.0
Brain - Cortex,detection,XBP1→DNAJB1,XBP1,DNAJB1,237,0.7176845620946989,8.423093128729888e-39,4.355584297502091,6.270215949931728,,,,,,,0.6339130434782608,0.0008807081227086972,24.0,0.7513228329450968,1.9013079358561033e-14,73,0.7131425198417886,6.376652430820806e-20,120,,,,0.7062016862452107,5.544609235436122e-27,170.0,0.7505936347897578,2.6093757867110794e-13,67.0
Brain - Cortex,detection,HSF1→HSPA1A,HSF1,HSPA1A,237,0.36453724637539187,7.359337098329026e-09,5.717840678581205,5.764872283372195,,,,,,,0.44260869565217387,0.030321189497146253,24.0,0.26499444650129583,0.02346945176843959,73,0.41587754662917104,2.314666726638993e-06,120,,,,0.30053956746691946,6.83084407254259e-05,170.0,0.524268938777577,5.275891780865582e-06,67.0
Brain - Cortex,detection,STAT1→IRF1,STAT1,IRF1,237,0.2933470054651265,4.3565740253307766e-06,4.214423915001913,1.9140993067483862,,,,,,,0.1217391304347826,0.5709355226889166,24.0,0.22879401443081016,0.051536293335388325,73,0.3825903972187703,1.6145708262787095e-05,120,,,,0.26525313294227276,0.0004726526555932035,170.0,0.3627420658459911,0.0025548594263815933,67.0
Brain - Cortex,detection,NFE2L2→NQO1,NFE2L2,NQO1,237,0.6045279826342972,5.2578796168234475e-25,4.5544951877513515,4.262701436940125,,,,,,,0.5591304347826086,0.004505654150996765,24.0,0.5516517929618697,4.226359651612623e-07,73,0.5812755879844891,3.381300141099305e-12,120,,,,0.5595270881334019,2.167701963333871e-15,170.0,0.6833482989125013,1.8690383407190495e-10,67.0
Brain - Cortex,detection,NFE2L2→HMOX1,NFE2L2,HMOX1,237,0.717268897099835,9.737483404244306e-39,4.5544951877513515,2.7448077880883517,,,,,,,0.7756521739130434,8.470310547138325e-06,24.0,0.6833632864827994,2.7090585393101794e-11,73,0.7009959163263605,4.921945075359935e-19,120,,,,0.6992259394552265,2.8488995694708236e-26,170.0,0.7406091928015736,7.858749112403491e-13,67.0
Brain - Cortex,housekeeping,ACTB↔GAPDH,ACTB,GAPDH,237,0.8569502663821531,1.3680089111510039e-69,10.271331517505244,10.385732912313083,,,,,,,0.7513043478260868,2.3240608354750938e-05,24.0,0.8707094705076294,1.412127034921165e-23,73,0.8623119207644665,1.1380263830807667e-36,120,,,,0.8582087957289402,1.5725932658257066e-50,170.0,0.8547740197545647,3.511566897174359e-20,67.0
Brain - Cortex,housekeeping,RPL13A↔RPS18,RPL13A,RPS18,237,0.8507710621158661,1.3400172365479892e-67,9.22485285771044,9.39405362012517,,,,,,,0.9626086956521739,5.788561169509911e-14,24.0,0.8407136301128629,1.3553477244537592e-20,73,0.8261018279350858,3.578965509790316e-31,120,,,,0.8375595306067806,5.742988626541816e-46,170.0,0.8637161784659592,5.152809405226754e-21,67.0
Brain - Cortex,housekeeping,HPRT1↔TBP,HPRT1,TBP,237,0.738432962293957,4.272489927059961e-42,5.789119449848867,3.2352711118223296,,,,,,,0.6339130434782608,0.0008807081227086972,24.0,0.758120126211357,8.086469730089275e-15,73,0.7619001319536078,5.275809608020153e-24,120,,,,0.7513280048266947,3.858223782047595e-32,170.0,0.6992646985811604,4.646354026482197e-11,67.0
Brain - Cortex,housekeeping,B2M↔PPIA,B2M,PPIA,237,0.07823797834872276,0.2301663532146442,7.442647406823524,7.713713420594292,,,,,,,-0.06653620509540527,0.7573968357963107,24.0,0.10446989857227743,0.3790784844364997,73,0.162333254046383,0.07648955069689767,120,,,,0.10697028264011105,0.16500956876899556,170.0,0.04916642555941043,0.6927616699235872,67.0
Brain - Cortex,hormone,ESR1→PGR,ESR1,PGR,237,0.13086851061116161,0.04414541995560063,0.30179553397219894,0.48884058435632205,,,,,,,-0.08956521739130434,0.6772689468428972,24.0,0.40318400592373205,0.000405104616823668,73,0.0009688223252792154,0.9916209030038408,120,,,,0.10723098671537563,0.16397624979618314,170.0,0.27640151251986733,0.023563492509488953,67.0
Brain - Cortex,hormone,AR→KLK3,AR,KLK3,237,0.026194157263845275,0.6882797038559088,0.6032201866560345,0.19086046292120395,,,,,,,-0.06962578790116092,0.7464839866497317,24.0,0.1948432410818399,0.09855867558916163,73,-0.03516144922810963,0.7030097976987952,120,,,,0.022011872522275985,0.7757079111478024,170.0,0.03460590936136729,0.781001494926485,67.0
Brain - Cortex,hormone,AR→SMAD3,AR,SMAD3,237,0.5067866542237806,7.221737656478185e-17,0.6032201866560345,3.9226302461785103,,,,,,,0.8034782608695652,2.2703633865898317e-06,24.0,0.3383908117811667,0.0034090455292623274,73,0.5794911772936228,4.0774565793545355e-12,120,,,,0.49420305963510275,7.439854206965719e-12,170.0,0.569809438405368,4.836083292332566e-07,67.0
Brain - Nucleus accumbens (basal ganglia),production,SMAD3→COL1A1,SMAD3,COL1A1,232,0.6006595870903726,3.868811306674811e-24,3.578418471689882,2.688118666924279,,,,,,,0.7532467532467532,8.09608562258038e-05,21.0,0.5648106011105407,1.9384195042119026e-07,73,0.6417195300545251,4.882050620138792e-15,118,,,,0.600016457770781,1.7109160052253957e-18,175.0,0.576549131449313,2.6841570811001613e-06,57.0
Brain - Nucleus accumbens (basal ganglia),production,SMAD3→COL3A1,SMAD3,COL3A1,232,0.3278617551801288,3.2424491000061227e-07,3.578418471689882,0.9014474834989885,,,,,,,0.41818181818181815,0.05922578935165214,21.0,0.3776283109390186,0.0009890289021637494,73,0.2774366138071521,0.0023532926731544036,118,,,,0.3095955024377367,3.057915305126879e-05,175.0,0.4127627165877124,0.0014186868635195251,57.0
Brain - Nucleus accumbens (basal ganglia),production,SMAD3→FN1,SMAD3,FN1,232,0.5068014127779739,1.5291840447729215e-16,3.578418471689882,4.266319692134857,,,,,,,0.5779220779220778,0.006071212564747677,21.0,0.5296535978622158,1.4472491155190201e-06,73,0.3977452217442633,8.193497342177242e-06,118,,,,0.4845445023969556,1.0878263438906924e-11,175.0,0.5836790251490797,1.8838083267018962e-06,57.0
Brain - Nucleus accumbens (basal ganglia),production,SMAD3→SERPINE1,SMAD3,SERPINE1,232,0.2391118361385386,0.0002370722992122504,3.578418471689882,1.2815205975082413,,,,,,,0.1909090909090909,0.40713272974481274,21.0,0.47820989463616315,1.878020566185217e-05,73,0.11851689537917387,0.20116891268582854,118,,,,0.19743314298714754,0.00882118320050846,175.0,0.3467072854550169,0.008239561458763823,57.0
Brain - Nucleus accumbens (basal ganglia),production,ESR1→COL1A1,ESR1,COL1A1,232,0.6434173916448965,1.6554820533496832e-28,0.31109841151869505,2.688118666924279,,,,,,,0.7275089698410088,0.00018597631016986323,21.0,0.6731766012587931,6.816961644233766e-11,73,0.6388355790433868,7.049206029180736e-15,118,,,,0.6204814151365876,5.291164564874521e-20,175.0,0.6379310344827587,9.427791669726075e-08,57.0
Brain - Nucleus accumbens (basal ganglia),production,ESR1→ELN,ESR1,ELN,232,0.5967555973166014,9.000514162772078e-24,0.31109841151869505,2.3891933419067284,,,,,,,0.6768431665842242,0.000752568059055202,21.0,0.5839503887449095,5.8619901593529985e-08,73,0.5810173180725883,5.2885166560174734e-12,118,,,,0.5688452405346608,2.1662163583250647e-16,175.0,0.6505703914959814,4.30501297077236e-08,57.0
Brain - Nucleus accumbens (basal ganglia),production,AR→COL1A1,AR,COL1A1,232,0.33201395283922086,2.2501917947595004e-07,0.5874767153010029,2.688118666924279,,,,,,,0.4948051948051948,0.022583594997581554,21.0,0.3884672343576454,0.0006832601762633635,73,0.30181616323191596,0.0008954394277157678,118,,,,0.31183756363383136,2.6586199114420267e-05,175.0,0.31183562354161265,0.018207963613106577,57.0
Brain - Nucleus accumbens (basal ganglia),production,SOX9→ACAN,SOX9,ACAN,232,0.3412146310420666,9.82259994673691e-08,5.428626974081171,0.23630526888280592,,,,,,,0.2350649350649351,0.30503028884154876,21.0,0.3812785388127855,0.00087443308391615,73,0.24581656428886664,0.007293741765250452,118,,,,0.2460954905856683,0.001027657397546777,175.0,0.6074866310160428,5.421256725385039e-07,57.0
Brain - Nucleus accumbens (basal ganglia),production,SOX9→COL2A1,SOX9,COL2A1,232,0.251099633472251,0.000110589350693055,5.428626974081171,0.283046808465111,,,,,,,0.44155844155844154,0.04507829136066887,21.0,0.12350364062692833,0.2978780691351171,73,0.3285959757857916,0.0002802678132474219,118,,,,0.23900286442491056,0.001445813804358383,175.0,0.2618580758418013,0.049106209202805805,57.0
Brain - Nucleus accumbens (basal ganglia),production,PPARG→FABP4,PPARG,FABP4,232,0.15523980034112697,0.01797499530559292,1.287229775964957,1.0449335528858776,,,,,,,0.30129870129870134,0.1844190014873057,21.0,0.057031786313759304,0.6317537869095142,73,0.12731449356956986,0.1694836323966931,118,,,,0.1424985585455357,0.05994730867096081,175.0,0.16868953673359321,0.20970595143319326,57.0
Brain - Nucleus accumbens (basal ganglia),production,PPARG→ADIPOQ,PPARG,ADIPOQ,232,0.1659221898113758,0.011368267399820782,1.287229775964957,0.11313020596120121,,,,,,,0.3135458311047549,0.16633953368062185,21.0,0.029313162036870646,0.8055414238318439,73,0.18803936177959663,0.041438683187348474,118,,,,0.16063282847477697,0.03370748012474788,175.0,0.18191395397274754,0.17563307813435236,57.0
Brain - Nucleus accumbens (basal ganglia),production,RUNX2→SPP1,RUNX2,SPP1,232,0.7920208672738688,3.368892359299755e-51,0.6863748060282449,6.724314789319861,,,,,,,0.7922077922077921,1.866839667012057e-05,21.0,0.8264531654942615,2.194015881622532e-19,73,0.7478457445364042,2.259093206556827e-22,118,,,,0.7814619138624204,2.812428963503157e-37,175.0,0.806144771702478,3.8519716749054085e-14,57.0
Brain - Nucleus accumbens (basal ganglia),production,FOXO1→PCK1,FOXO1,PCK1,232,0.1883044979210077,0.003996071276209057,3.53831229847053,0.7966762122874759,,,,,,,0.00909090909090909,0.968803151925576,21.0,0.25009255831173643,0.032847020661727455,73,0.22998572038989545,0.01223236540444731,118,,,,0.13548171849923066,0.07383053306881718,175.0,0.3516333938294012,0.007313868847954179,57.0
Brain - Nucleus accumbens (basal ganglia),detection,RELA→ICAM1,RELA,ICAM1,232,0.7331108442198518,2.2229191993444523e-40,4.067336675421945,2.008054041528496,,,,,,,0.7385515167046669,0.0001316783121436457,21.0,0.750391447568351,2.1330489541633257e-14,73,0.6747438079353152,5.4128558986074106e-17,118,,,,0.6714450131953277,2.731302978161704e-24,175.0,0.8531056052715416,3.5964504543048844e-17,57.0
Brain - Nucleus accumbens (basal ganglia),detection,RELA→IL6,RELA,IL6,232,0.39754621007270124,3.312046167045122e-10,4.067336675421945,1.0434741989532808,,,,,,,0.09938292177292352,0.6682098297313599,21.0,0.44237726099507196,8.904470517451361e-05,73,0.3427252508061955,0.00014525622243464735,118,,,,0.3393234500703682,4.354738650232008e-06,175.0,0.5413621559265978,1.37182133691499e-05,57.0
Brain - Nucleus accumbens (basal ganglia),detection,RELA→CCL2,RELA,CCL2,232,0.5597533671893135,1.5670169459954574e-20,4.067336675421945,1.7064937119340073,,,,,,,0.5527769047631237,0.009353469458210929,21.0,0.6764059330536661,5.108101461429281e-11,73,0.44113973515548854,5.736388942244144e-07,118,,,,0.49953677554737513,1.9612592275806993e-12,175.0,0.7122231045643505,5.211904115769443e-10,57.0
Brain - Nucleus accumbens (basal ganglia),detection,RELA→NFKBIA,RELA,NFKBIA,232,0.7354443952467132,9.42239736283752e-41,4.067336675421945,5.129763388428195,,,,,,,0.80155898998554,1.2536785972869958e-05,21.0,0.7595085115963282,6.767370409402468e-15,73,0.6629299860855973,2.891934409258613e-16,118,,,,0.7123609204737101,2.106441157946243e-28,175.0,0.8007648556414257,7.58130670089915e-14,57.0
Brain - Nucleus accumbens (basal ganglia),detection,NFKB1→TNF,NFKB1,TNF,232,0.557080880471891,2.5924722113805e-20,2.2179759766521125,0.22015791136675097,,,,,,,0.5675324675324676,0.0072875796580994185,21.0,0.6143898345099831,7.4059879807411316e-09,73,0.566413458166325,2.307459089960799e-11,118,,,,0.5568654735045758,1.219631990795657e-15,175.0,0.5405457974667448,1.4216710643688615e-05,57.0
Brain - Nucleus accumbens (basal ganglia),detection,HIF1A→VEGFA,HIF1A,VEGFA,232,0.5290663955344509,3.906579262165833e-18,4.498851394345021,4.179432712238411,,,,,,,0.5493506493506494,0.009895938735993825,21.0,0.578247086336206,8.439112522126418e-08,73,0.41343595643152364,3.268482438796995e-06,118,,,,0.5048480319303074,1.047479624048302e-12,175.0,0.6350569591344398,1.1211746282694055e-07,57.0
Brain - Nucleus accumbens (basal ganglia),detection,HIF1A→SLC2A1,HIF1A,SLC2A1,232,0.5473483638125533,1.5616019468567416e-19,4.498851394345021,5.455769164808865,,,,,,,0.6844155844155844,0.0006212722335769775,21.0,0.5837897042716321,5.923047755824115e-08,73,0.5087941946628589,4.037223411943872e-09,118,,,,0.49107280304755524,5.212173547130601e-12,175.0,0.6682655691295379,1.3485763716510765e-08,57.0
Brain - Nucleus accumbens (basal ganglia),detection,TP53→CDKN1A,TP53,CDKN1A,232,0.6144055896007193,1.8013721848321787e-25,2.1688554582410844,4.120089509363832,,,,,,,0.5103896103896104,0.018076642193560675,21.0,0.6140721657436405,7.57625533990304e-09,73,0.6307193660021289,1.9418109859834157e-14,118,,,,0.551979381894216,2.419837613222408e-15,175.0,0.7323697173969408,9.517616286295714e-11,57.0
Brain - Nucleus accumbens (basal ganglia),detection,TP53→MDM2,TP53,MDM2,232,0.5900714965455558,3.720582553370748e-23,2.1688554582410844,2.482921543820151,,,,,,,0.6090909090909091,0.003382286138493024,21.0,0.6302701201733953,2.300166988379065e-09,73,0.5148054547215306,2.461935264729961e-09,118,,,,0.5442599568180013,6.984330639218063e-15,175.0,0.7389810733730879,5.2676254885440354e-11,57.0
Brain - Nucleus accumbens (basal ganglia),detection,ATF4→DDIT3,ATF4,DDIT3,232,0.7709004636873668,5.990300437844061e-47,6.612504258238036,5.504418451210548,,,,,,,0.7402597402597402,0.00012464283082086643,21.0,0.7634790121698927,4.039647959614985e-15,73,0.7679238909140234,3.470437018110731e-24,118,,,,0.7608343959974155,2.5781177151415258e-34,175.0,0.7936024372709889,1.8099006188988254e-13,57.0
Brain - Nucleus accumbens (basal ganglia),detection,XBP1→DNAJB1,XBP1,DNAJB1,232,0.606144431991846,1.1583624771360634e-24,4.277581777552078,6.038890168584627,,,,,,,0.5753246753246753,0.006358310845714963,21.0,0.4945775419806987,8.687684424410117e-06,73,0.6694385707346824,1.1597242401686156e-16,118,,,,0.602353902693143,1.164808404437928e-18,175.0,0.6209489240342235,2.559511799739083e-07,57.0
Brain - Nucleus accumbens (basal ganglia),detection,HSF1→HSPA1A,HSF1,HSPA1A,232,0.32220641101197933,5.286951356919345e-07,5.192606875608707,6.009318184236,,,,,,,0.3701298701298701,0.09862650693576144,21.0,0.28102462842243797,0.01602328877864419,73,0.3721698862573927,3.32693995791815e-05,118,,,,0.3193187180677584,1.653161731446002e-05,175.0,0.3483925330567799,0.007912015773417786,57.0
Brain - Nucleus accumbens (basal ganglia),detection,STAT1→IRF1,STAT1,IRF1,232,0.4944935346890106,1.0380685760332603e-15,3.9597682916912538,1.723485951022855,,,,,,,0.4883116883116883,0.024707524935187183,21.0,0.5237614064637515,1.983474133250431e-06,73,0.4357289722727064,8.157252098252996e-07,118,,,,0.42504756792045145,4.546114665453685e-09,175.0,0.6784637825634222,6.66239688914264e-09,57.0
Brain - Nucleus accumbens (basal ganglia),detection,NFE2L2→NQO1,NFE2L2,NQO1,232,0.6605001953256681,1.872265868693154e-30,4.546981291524295,4.267287611961365,,,,,,,0.6571428571428571,0.0012093758514660196,21.0,0.6556727113047638,3.0662434509824935e-10,73,0.6333705846261724,1.3992072053966662e-14,118,,,,0.6651981515752068,1.0167546008308956e-23,175.0,0.6908978951175293,2.7127795103450413e-09,57.0
Brain - Nucleus accumbens (basal ganglia),detection,NFE2L2→HMOX1,NFE2L2,HMOX1,232,0.6801600748050376,7.386324293322396e-33,4.546981291524295,3.4149626087525795,,,,,,,0.5467532467532468,0.010324082786185743,21.0,0.6096507466370481,1.03686397159891e-08,73,0.7245660422885469,1.794203337729127e-20,118,,,,0.6332208908036976,5.327027827551588e-21,175.0,0.7938812548612911,1.750741979873002e-13,57.0
Brain - Nucleus accumbens (basal ganglia),housekeeping,ACTB↔GAPDH,ACTB,GAPDH,232,0.9054035515624674,1.5397792386777762e-87,10.080220937728882,9.945805642111548,,,,,,,0.8249432068732866,4.199858659601564e-06,21.0,0.9020016198347697,1.3136475384099875e-27,73,0.9037437549303183,1.472575240940147e-44,118,,,,0.8909934565992069,3.199685467396449e-61,175.0,0.9366218867197498,1.0097748587333631e-26,57.0
Brain - Nucleus accumbens (basal ganglia),housekeeping,RPL13A↔RPS18,RPL13A,RPS18,232,0.8795065980670864,3.996110790588978e-76,9.693665820976783,9.774348838575955,,,,,,,0.934069552349438,6.113609152231563e-10,21.0,0.8819232338251233,6.884504130464623e-25,73,0.8466484185706463,1.4448854411584039e-33,118,,,,0.8603519736093028,1.6301769176591664e-52,175.0,0.9237749546279493,1.364104019585884e-24,57.0
Brain - Nucleus accumbens (basal ganglia),housekeeping,HPRT1↔TBP,HPRT1,TBP,232,0.8178874883298807,3.947018574768329e-57,5.225071625462894,2.8906474226507646,,,,,,,0.6116883116883116,0.003212679371093446,21.0,0.8437835044640769,7.180957695819404e-21,73,0.8477821034409716,9.723385530106968e-34,118,,,,0.7994326009281384,3.91619937896866e-40,175.0,0.8683703068664547,2.168157319433638e-18,57.0
Brain - Nucleus accumbens (basal ganglia),housekeeping,B2M↔PPIA,B2M,PPIA,232,0.501808376047565,3.3568265628715276e-16,7.80246284501306,7.403547437026583,,,,,,,0.5222475104930099,0.015156867819350453,21.0,0.5862579640640204,5.0483534855542096e-08,73,0.41106211253914615,3.767317167022691e-06,118,,,,0.508310036868841,6.91902880586102e-13,175.0,0.5247447742182273,2.7864486798888827e-05,57.0
Brain - Nucleus accumbens (basal ganglia),hormone,ESR1→PGR,ESR1,PGR,232,0.5032877200072124,2.6628018256929224e-16,0.31109841151869505,0.37165300997680634,,,,,,,0.6619032502392749,0.0010817373991946462,21.0,0.559730963840553,2.62940251624512e-07,73,0.4241466959805418,1.6986257556272212e-06,118,,,,0.4718769277621943,4.341716737294579e-11,175.0,0.5776279756393529,2.5454995739097427e-06,57.0
Brain - Nucleus accumbens (basal ganglia),hormone,AR→KLK3,AR,KLK3,232,0.08780732134996973,0.18259973432574253,0.5874767153010029,0.12380795287779243,,,,,,,0.3119924922657985,0.16856205202825605,21.0,0.03627153580174967,0.7606285290039991,73,0.006337532990065786,0.9456972281183815,118,,,,0.08149395700462748,0.2836651511667998,175.0,0.09286938540950526,0.4920184697082999,57.0
Brain - Nucleus accumbens (basal ganglia),hormone,AR→SMAD3,AR,SMAD3,232,0.692829778166531,1.6485372402026292e-34,0.5874767153010029,3.578418471689882,,,,,,,0.7220779220779221,0.00021910099137537859,21.0,0.7766473578485831,6.772572180657135e-16,73,0.6198510695021163,7.2052255432703e-14,118,,,,0.6779419264277253,6.725699444293676e-25,175.0,0.7299714804252009,1.1745346303784543e-10,57.0
Prostate,production,SMAD3→COL1A1,SMAD3,COL1A1,232,0.34989803724127627,4.3815098538554034e-08,5.386379873958127,8.061007542856808,0.545703338806787,0.0026677356425392758,28.0,0.583286278938453,0.00438042595015606,22.0,0.3777575469730185,0.02526621745047955,35.0,0.13556565336669882,0.259643632779472,71,0.31043653223689965,0.008909840214616502,70,,,,0.34989803724127627,4.3815098538554034e-08,232.0,,,
Prostate,production,SMAD3→COL3A1,SMAD3,COL3A1,232,0.31327583307309675,1.1215203516299388e-06,5.386379873958127,7.631452689910757,0.5013683634373289,0.006568139090726132,28.0,0.5957086391869001,0.003440717848619223,22.0,0.3692135312646929,0.029054575365307346,35.0,0.10233236641891935,0.3957727790227895,71,0.34968375194892404,0.0030045258123025612,70,,,,0.31327583307309675,1.1215203516299388e-06,232.0,,,
Prostate,production,SMAD3→FN1,SMAD3,FN1,232,0.2595241767657654,6.324615031957699e-05,5.386379873958127,6.921213429549645,0.3273125342090859,0.08909201023552134,28.0,0.5223037831733485,0.012645173917013034,22.0,0.28517403249427725,0.09680899201725518,35.0,0.14135045861240214,0.2396693137422828,71,0.13011984953197445,0.2829880735911769,70,,,,0.2595241767657654,6.324615031957699e-05,232.0,,,
Prostate,production,SMAD3→SERPINE1,SMAD3,SERPINE1,232,0.32452426565891274,4.3321301395218433e-07,5.386379873958127,4.944544428381427,0.6015325670498085,0.0007094311148880606,28.0,0.6442687747035574,0.001211388126731416,22.0,0.41921703303309027,0.012185590312987642,35.0,0.17419809187713473,0.14625160962974187,71,0.16483247309946636,0.17269232101465118,70,,,,0.32452426565891274,4.3321301395218433e-07,232.0,,,
Prostate,production,ESR1→COL1A1,ESR1,COL1A1,232,0.2378905554585276,0.0002556809375437734,2.6075472585086166,8.061007542856808,0.47016967706622875,0.011578822897968757,28.0,0.1959345002823264,0.3821811432408392,22.0,0.12464985994397759,0.47556940616379983,35.0,0.221327967806841,0.06360809621488929,71,0.18064911206368645,0.13451107377404012,70,,,,0.2378905554585276,0.0002556809375437734,232.0,,,
Prostate,production,ESR1→ELN,ESR1,ELN,232,0.12828075192897784,0.05100586796567596,2.6075472585086166,6.915069740394066,0.4532019704433497,0.015436630726936714,28.0,0.11123658949745907,0.622136487426624,22.0,0.36498599439775914,0.03109459949430134,35.0,0.07541918175720991,0.5319024225052853,71,-0.09691190621992826,0.4248096244285249,70,,,,0.12828075192897784,0.05100586796567596,232.0,,,
Prostate,production,AR→COL1A1,AR,COL1A1,232,-0.0027667355547634697,0.9665671608960094,4.402897748453864,8.061007542856808,-0.19649698960043788,0.31625988311748027,28.0,-0.28289102202145683,0.20207079870639186,22.0,-0.012605042016806725,0.9427078259146925,35.0,0.05831705497400595,0.6290406591451232,71,0.11580789082320006,0.33973474883286603,70,,,,-0.0027667355547634697,0.9665671608960094,232.0,,,
Prostate,production,SOX9→ACAN,SOX9,ACAN,232,-0.24509857389258344,0.00016276261399095183,4.905500933014113,0.5550061113417855,-0.3787629994526546,0.04685515948935861,28.0,-0.08752117447769624,0.6985393337442606,22.0,-0.10084739852449882,0.564327033844819,35.0,-0.14993293091884638,0.2120306207358432,71,-0.28422710174088006,0.01709754433723385,70,,,,-0.24509857389258344,0.00016276261399095183,232.0,,,
Prostate,production,SOX9→COL2A1,SOX9,COL2A1,232,0.30736637261134475,1.820338969100635e-06,4.905500933014113,0.2918847713936602,0.1510673234811166,0.442874815284376,28.0,0.67382098140231,0.000585839511552631,22.0,0.05042369926224941,0.7736071911815711,35.0,0.38425165184758264,0.0009387040714166302,71,0.25059924765987224,0.03640039988165002,70,,,,0.30736637261134475,1.820338969100635e-06,232.0,,,
Prostate,production,PPARG→FABP4,PPARG,FABP4,232,0.15398915889415,0.018933425397125284,2.8069075882948678,2.817583442248147,0.3448275862068966,0.07232902143038525,28.0,0.23884810841332585,0.28439724980414877,22.0,0.3969187675070029,0.018234257610667052,35.0,-0.037458081824279,0.7564591456604429,71,0.19261656897909193,0.11014808321565367,70,,,,0.15398915889415,0.018933425397125284,232.0,,,
Prostate,production,PPARG→ADIPOQ,PPARG,ADIPOQ,232,0.036951881386129606,0.5754893079000774,2.8069075882948678,0.29668960780515496,0.14971944850758628,0.44700217382619434,28.0,0.059456636944169805,0.792681610425771,22.0,-0.04133890305554626,0.8136010719309655,35.0,-0.020191534554945576,0.8672646396640589,71,0.05649335876115132,0.642276594091276,70,,,,0.036951881386129606,0.5754893079000774,232.0,,,
Prostate,production,RUNX2→SPP1,RUNX2,SPP1,232,0.1983010387506162,0.002410887544743546,2.8401478428778977,3.8974044577314935,0.26491516146688554,0.17307945846808961,28.0,0.09316770186335405,0.6800565574585156,22.0,0.33305322128851544,0.050579235837083916,35.0,0.12565392354124746,0.2964249185108547,71,0.2590324556031843,0.030364495235250047,70,,,,0.1983010387506162,0.002410887544743546,232.0,,,
Prostate,production,FOXO1→PCK1,FOXO1,PCK1,232,0.33066870399935605,2.534417881844661e-07,4.394793202137125,0.6196961679640387,0.03940886699507389,0.842183171520217,28.0,0.40711462450592883,0.06004366570541111,22.0,0.17338935574229694,0.3192002963731844,35.0,0.4048960429242119,0.0004610416993279705,71,0.36152883851299,0.0021047798635985223,70,,,,0.33066870399935605,2.534417881844661e-07,232.0,,,
Prostate,production,MYOD1→MYH2,MYOD1,MYH2,232,0.5054189932556945,1.9035372258372807e-16,0.13546674163080752,0.5468566470161274,0.5310168513888831,0.0036439771402275454,28.0,0.24074430291601417,0.2804759097150742,22.0,0.7052961025932252,2.232565681406786e-06,35.0,0.4467856376218731,9.392517844726703e-05,71,0.48061368784546515,2.5427510746229654e-05,70,,,,0.5054189932556945,1.9035372258372807e-16,232.0,,,
Prostate,detection,RELA→ICAM1,RELA,ICAM1,232,0.5815668437483466,2.160150421605076e-22,6.33661221019153,4.097479947682085,0.5730706075533661,0.001434998991337888,28.0,0.7425183512140034,7.579334851078289e-05,22.0,0.605784720303413,0.00011512386105342146,35.0,0.5227028839704896,2.924956550636818e-06,71,0.5580662940139538,5.18405050711946e-07,70,,,,0.5815668437483466,2.160150421605076e-22,232.0,,,
Prostate,detection,RELA→IL6,RELA,IL6,232,0.4300751265523727,7.31914848640641e-12,6.33661221019153,2.2654174726199487,0.37055281882868085,0.052243318365689156,28.0,0.8068887634105025,5.708521482873155e-06,22.0,0.3969187675070029,0.018234257610667052,35.0,0.4486586183769282,8.704433839653286e-05,71,0.35235762400489895,0.002775818267550794,70,,,,0.4300751265523727,7.31914848640641e-12,232.0,,,
Prostate,detection,RELA→CCL2,RELA,CCL2,232,0.38866840496465943,8.74464908682817e-10,6.33661221019153,5.5901546005544995,0.2627257799671593,0.17679142638769532,28.0,0.717673630717109,0.00016980096637833302,22.0,0.40224089635854343,0.016600834254666668,35.0,0.4810529845741113,2.171569772522382e-05,71,0.26242673431895724,0.02818461110142316,70,,,,0.38866840496465943,8.74464908682817e-10,232.0,,,
Prostate,detection,RELA→NFKBIA,RELA,NFKBIA,232,0.4727683820535337,2.5427626099103068e-14,6.33661221019153,7.500820544259302,0.40284619594964427,0.03354696283509648,28.0,0.3269339356295879,0.13751473828962535,22.0,0.42633053221288525,0.010655758315321433,35.0,0.431835140188737,0.0001697291525782618,71,0.5702712871692044,2.5568045887799903e-07,70,,,,0.4727683820535337,2.5427626099103068e-14,232.0,,,
Prostate,detection,NFKB1→TNF,NFKB1,TNF,232,0.32671764675345943,3.5824267546458913e-07,4.684290107981912,0.42203822915024797,0.04980842911877395,0.801272087786034,28.0,0.18351214003387917,0.413653233707415,22.0,0.27508929264182735,0.10973702962061682,35.0,0.3953248550272065,0.0006447321716243291,71,0.3627010996648251,0.002030445015899693,70,,,,0.32671764675345943,3.5824267546458913e-07,232.0,,,
Prostate,detection,HIF1A→VEGFA,HIF1A,VEGFA,232,0.04569820397721648,0.48852504883978165,5.711800756125615,7.559834212064743,0.29392446633825947,0.12897571917623898,28.0,0.08300395256916997,0.7134458318122271,22.0,-0.05350140056022409,0.7601817533329349,35.0,-0.005851826390433605,0.9613707284762159,71,0.17819963257807714,0.13996497859744392,70,,,,0.04569820397721648,0.48852504883978165,232.0,,,
Prostate,detection,HIF1A→SLC2A1,HIF1A,SLC2A1,232,0.3382496774024695,1.2868136374678997e-07,5.711800756125615,4.878019778892912,0.3853311439518336,0.042869558211389124,28.0,0.36871823828345573,0.09129867133271716,22.0,0.30868347338935576,0.07119650202128422,35.0,0.2465584600680763,0.03819279839108,71,0.4389855567096219,0.00014377362376253442,70,,,,0.3382496774024695,1.2868136374678997e-07,232.0,,,
Prostate,detection,TP53→CDKN1A,TP53,CDKN1A,232,0.30346613401325806,2.491699496013485e-06,4.403560250997543,6.679529475754705,0.34460107069662,0.0725290436769009,28.0,0.35177865612648224,0.10838884297068949,22.0,0.3210084033613445,0.06007464817691213,35.0,0.34785378940308515,0.002954144965687852,71,0.2864341390551304,0.016219739199256296,70,,,,0.30346613401325806,2.491699496013485e-06,232.0,,,
Prostate,detection,TP53→MDM2,TP53,MDM2,232,0.6688835563529343,1.8610215354083765e-31,4.403560250997543,3.8973805966048407,0.6618311270408476,0.00012524764741398995,28.0,0.4529794024179821,0.03425584973537583,22.0,0.7061624649859944,2.142238976703982e-06,35.0,0.6204445040837097,7.876351637748568e-09,71,0.6746308094836279,1.5202932700803655e-10,70,,,,0.6688835563529343,1.8610215354083765e-31,232.0,,,
Prostate,detection,ATF4→DDIT3,ATF4,DDIT3,232,0.35599917257348973,2.4482923772453768e-08,8.905485079206269,6.018083531281044,0.48994115690782347,0.00813260675453532,28.0,0.4466403162055336,0.03717677297482655,22.0,0.45378151260504207,0.0061816871665489265,35.0,0.2711458010306642,0.02218472664440902,71,0.4640229553406091,5.210296188107269e-05,70,,,,0.35599917257348973,2.4482923772453768e-08,232.0,,,
Prostate,detection,XBP1→DNAJB1,XBP1,DNAJB1,232,0.05902402635079933,0.37081286923361556,8.258415563353177,6.396510337961131,0.1833857961610289,0.3502524964245338,28.0,0.25014116318464147,0.2615456789659446,22.0,-0.1142857142857143,0.5132950485495196,35.0,0.3730717639168343,0.0013539441567895086,71,-0.2614142368592452,0.028820610081701135,70,,,,0.05902402635079933,0.37081286923361556,232.0,,,
Prostate,detection,HSF1→HSPA1A,HSF1,HSPA1A,232,-0.006079102571428578,0.9266226800804611,6.813917540270706,6.915584124367813,-0.028461959496442254,0.8856829853518466,28.0,0.07284020327498589,0.7473495204277641,22.0,0.23489039906331183,0.17438283675583033,35.0,0.008434007663003161,0.9443480663021911,71,-0.019631343662994138,0.871852617668151,70,,,,-0.006079102571428578,0.9266226800804611,232.0,,,
Prostate,detection,STAT1→IRF1,STAT1,IRF1,232,0.5452018006387787,2.302400439020974e-19,5.37802808757486,4.675107327000848,0.4904214559386973,0.008061054593855003,28.0,0.5697346132128742,0.0056408042856625545,22.0,0.6560683537343783,1.878713365181184e-05,35.0,0.4955314476123749,1.1141788488896573e-05,71,0.4945674044265594,1.3505009703993445e-05,70,,,,0.5452018006387787,2.302400439020974e-19,232.0,,,
Prostate,detection,NFE2L2→NQO1,NFE2L2,NQO1,232,0.06777792753477663,0.3039643690553597,6.134147080881842,3.933924931390532,0.28133552271483303,0.14697584291627055,28.0,0.13495200451722192,0.5493180753626805,22.0,0.045941592661160574,0.7932739650340201,35.0,0.21240778001341376,0.07534401636482138,71,-0.01779371883474762,0.8837604182830539,70,,,,0.06777792753477663,0.3039643690553597,232.0,,,
Prostate,detection,NFE2L2→HMOX1,NFE2L2,HMOX1,232,0.3556523343595703,2.5314882803439957e-08,6.134147080881842,3.3154972329221923,0.49480021893814996,0.007432818144243786,28.0,0.5640880858272164,0.006248242039302993,22.0,0.29299719887955183,0.0876068891696009,35.0,0.515115947690582,4.298884283619937e-06,71,0.10784802596883657,0.37418035274007067,70,,,,0.3556523343595703,2.5314882803439957e-08,232.0,,,
Prostate,housekeeping,ACTB↔GAPDH,ACTB,GAPDH,232,0.827917190214088,1.0878598857286512e-59,11.658520254595526,9.663127759407306,0.8960043787629994,1.1677237948251799e-10,28.0,0.6849237718802937,0.0004366495731999127,22.0,0.7238095238095239,8.93565707104499e-07,35.0,0.82334694291075,1.2250947050119432e-18,71,0.8111697241997405,1.693771881356494e-17,70,,,,0.827917190214088,1.0878598857286512e-59,232.0,,,
Prostate,housekeeping,RPL13A↔RPS18,RPL13A,RPS18,232,0.85934260723442,6.321286511926836e-69,11.714101799603167,11.650082880053027,0.8423645320197045,1.89677102020565e-08,28.0,0.6442687747035574,0.001211388126731416,22.0,0.8638655462184875,2.3503567218581117e-11,35.0,0.8064137497663424,2.1306788820299928e-17,71,0.9103140582626192,9.414883802203478e-28,70,,,,0.85934260723442,6.321286511926836e-69,232.0,,,
Prostate,housekeeping,HPRT1↔TBP,HPRT1,TBP,232,0.40858912007369136,9.50378619285707e-11,4.526364860863521,4.266641795635223,0.2654625068418172,0.17216009642461616,28.0,0.23207227555053642,0.29868783755778283,22.0,0.5061624649859945,0.001920246517005006,35.0,0.489629269437784,1.4678710562657205e-05,71,0.37303052319355195,0.0014705033483665292,70,,,,0.40858912007369136,9.50378619285707e-11,232.0,,,
Prostate,housekeeping,B2M↔PPIA,B2M,PPIA,232,0.44494392874313593,1.113322771464468e-12,10.247881515272732,7.598527622633967,0.30706075533661736,0.11196884988225884,28.0,0.4409937888198759,0.03993999904430384,22.0,0.5526997702467672,0.0005753290515493758,35.0,0.47745602716348173,2.551315376662314e-05,71,0.47604717087455994,3.109349456094217e-05,70,,,,0.44494392874313593,1.113322771464468e-12,232.0,,,
Prostate,hormone,ESR1→PGR,ESR1,PGR,232,0.3936289162786659,5.101414759097951e-10,2.6075472585086166,2.7441215170868514,0.3333333333333333,0.08302735681557931,28.0,0.699604743083004,0.00029028182509549874,22.0,0.6103641456582634,9.885271077879325e-05,35.0,0.28051643192488257,0.01781183853595958,71,0.3475316904313759,0.003200651385629341,70,,,,0.3936289162786659,5.101414759097951e-10,232.0,,,
Prostate,hormone,AR→KLK3,AR,KLK3,232,0.5287009310228792,4.158080668587392e-18,4.402897748453864,11.302643327748982,0.6929392446633825,4.3685436300030277e-05,28.0,0.6826651609260306,0.0004640172344893773,22.0,0.6058823529411765,0.00011475326943501739,35.0,0.5146421415518012,4.402169435102823e-06,71,0.3077421048027294,0.009552570489017526,70,,,,0.5287009310228792,4.158080668587392e-18,232.0,,,
Prostate,hormone,AR→SMAD3,AR,SMAD3,232,-0.15572015472216677,0.017618257692684942,4.402897748453864,5.386379873958127,0.0016420361247947454,0.9933834762125375,28.0,-0.2682100508187465,0.22748984194856015,22.0,-0.04440086851703629,0.8000641510470872,35.0,-0.2052868532982935,0.08590289314126523,71,-0.07227714110751465,0.552108105115866,70,,,,-0.15572015472216677,0.017618257692684942,232.0,,,
Brain - Caudate (basal ganglia),production,SMAD3→COL1A1,SMAD3,COL1A1,232,0.6566484803948329,5.276059112131446e-30,3.818400818212279,2.1056548531713157,,,,,,,0.706086956521739,0.00011551602066620316,24.0,0.6196899705949719,8.309909290455579e-09,71,0.6691946551262867,6.574487860967669e-17,120,,,,0.620577242251057,4.068095078724008e-20,176.0,0.7496368701858382,2.978655758335749e-11,56.0
Brain - Caudate (basal ganglia),production,SMAD3→COL3A1,SMAD3,COL3A1,232,0.2609132492276587,5.7573255568343715e-05,3.818400818212279,0.9667968522628834,,,,,,,0.5730434782608694,0.0034227320772804424,24.0,0.30649407267056794,0.009332889846357167,71,0.22278746503678817,0.014453456296481619,120,,,,0.18956358563613268,0.011741645365739161,176.0,0.48851674641148324,0.00013354686271424416,56.0
Brain - Caudate (basal ganglia),production,SMAD3→FN1,SMAD3,FN1,232,0.5050169401616537,2.028333508403621e-16,3.818400818212279,4.675641988885814,,,,,,,0.6808695652173912,0.0002501749680520709,24.0,0.3598118696627929,0.002056554410484658,71,0.4987299310948924,6.742196407349093e-09,120,,,,0.5049859866289045,8.868963185490332e-13,176.0,0.5431305536568695,1.5245978733213634e-05,56.0
Brain - Caudate (basal ganglia),production,SMAD3→SERPINE1,SMAD3,SERPINE1,232,0.3416638136802491,9.426500420170493e-08,3.818400818212279,1.4596417521865204,,,,,,,0.24608695652173912,0.24639464844484843,24.0,0.3522329999536926,0.002591337725590101,71,0.35466883812560296,7.051549088655913e-05,120,,,,0.35294687367460653,1.5510932762048545e-06,176.0,0.3710184552289816,0.004876759049690586,56.0
Brain - Caudate (basal ganglia),production,ESR1→COL1A1,ESR1,COL1A1,232,0.6990361821518439,2.3801928653073324e-35,0.23419950619853777,2.1056548531713157,,,,,,,0.8008695652173912,2.59074046394234e-06,24.0,0.6640509725016767,2.741424529454795e-10,71,0.7042194342291374,2.890543999155082e-19,120,,,,0.6992920407577669,3.6793189529269435e-27,176.0,0.706813171893559,1.1452236460566154e-09,56.0
Brain - Caudate (basal ganglia),production,ESR1→ELN,ESR1,ELN,232,0.560909130441509,1.258657229890702e-20,0.23419950619853777,2.653185539718332,,,,,,,0.6799999999999999,0.00025659207303060905,24.0,0.5490991708708302,7.106028318856904e-07,71,0.599727757930409,4.556093323543664e-13,120,,,,0.5481342969426857,3.4336230663981485e-15,176.0,0.5866028708133971,2.024046694894766e-06,56.0
Brain - Caudate (basal ganglia),production,AR→COL1A1,AR,COL1A1,232,0.555755418585324,3.322195786778349e-20,0.639378797375308,2.1056548531713157,,,,,,,0.7182608695652173,7.729232039807734e-05,24.0,0.5583501006036217,4.203040665644448e-07,71,0.6226768897558287,3.1264879863450565e-14,120,,,,0.5389083817233363,1.2041781442250344e-14,176.0,0.5891520557777093,1.7815575978732912e-06,56.0
Brain - Caudate (basal ganglia),production,SOX9→ACAN,SOX9,ACAN,232,0.3167232939850613,8.413597243630564e-07,5.618224334100197,0.24383153965504006,,,,,,,0.5139130434782608,0.01020306109223003,24.0,0.3414151576123407,0.003569987435463275,71,0.23419497322853347,0.010037540204175452,120,,,,0.33570108640105456,5.245435766796333e-06,176.0,0.2223513328776487,0.09954015606971128,56.0
Brain - Caudate (basal ganglia),production,SOX9→COL2A1,SOX9,COL2A1,232,0.14896804700867128,0.02324185096650238,5.618224334100197,0.18004919809955655,,,,,,,0.5570776387399617,0.004687517182515169,24.0,-0.004242154947792843,0.9719914650973827,71,0.23685713740076222,0.00919666395446498,120,,,,0.11710032060446793,0.12167732816300318,176.0,0.19747095010252905,0.1446157173184318,56.0
Brain - Caudate (basal ganglia),production,PPARG→FABP4,PPARG,FABP4,232,0.32736372578089096,3.3864542596626094e-07,0.975188044285209,1.180768649222265,,,,,,,0.38434782608695645,0.06368822401812063,24.0,0.2831656606304493,0.016718417491555008,71,0.36166115990949693,4.936885046468517e-05,120,,,,0.34934682370711384,2.012372794868663e-06,176.0,0.21353748358352867,0.11405789575344334,56.0
Brain - Caudate (basal ganglia),production,PPARG→ADIPOQ,PPARG,ADIPOQ,232,0.14113526669822152,0.031645129542524256,0.975188044285209,0.12623062277421485,,,,,,,0.45664596391346574,0.02488929957232386,24.0,0.172748704753772,0.14969064023428097,71,0.07706886802448533,0.40278607201830785,120,,,,0.13812932114507412,0.06751825809892048,176.0,0.1528361597712457,0.2607809673244391,56.0
Brain - Caudate (basal ganglia),production,RUNX2→SPP1,RUNX2,SPP1,232,0.6725803785602659,6.563986783516911e-32,0.7078691914934536,7.063312083482742,,,,,,,0.6913043478260869,0.00018338504696430616,24.0,0.6552201142090944,5.655656988243519e-10,71,0.6655809374748466,1.1040487221604783e-16,120,,,,0.6708368277296194,2.298783674616329e-24,176.0,0.6666894513866667,2.0304362013978393e-08,56.0
Brain - Caudate (basal ganglia),production,FOXO1→PCK1,FOXO1,PCK1,232,0.11069459450212708,0.09254631431412193,3.3689672705428353,0.8446750425701511,,,,,,,0.20956521739130432,0.3256961715714217,24.0,0.04034239053118411,0.7383544455304756,71,0.1258670352144056,0.1707409594210993,120,,,,0.07844190377317384,0.3007484602473073,176.0,0.22819938826620054,0.09072758948092001,56.0
Brain - Caudate (basal ganglia),detection,RELA→ICAM1,RELA,ICAM1,232,0.6797313592296251,8.37243919069157e-33,4.1576475973786975,2.0195823925836334,,,,,,,0.6208695652173912,0.0012059039024496878,24.0,0.7221882205242289,1.1776733536867837e-12,71,0.6310058945662944,1.1188126168678616e-14,120,,,,0.7151114831289829,7.31974190536605e-29,176.0,0.5820232399179769,2.5386770010324175e-06,56.0
Brain - Caudate (basal ganglia),detection,RELA→IL6,RELA,IL6,232,0.40346245816328996,1.7064306419246557e-10,4.1576475973786975,1.0953215608887117,,,,,,,0.08956521739130434,0.6772689468428972,24.0,0.5523659411784433,5.91391207035386e-07,71,0.37141185396933185,2.9611935908285765e-05,120,,,,0.41889693670596584,7.2072404824021686e-09,176.0,0.3388643005330804,0.010627663614961048,56.0
Brain - Caudate (basal ganglia),detection,RELA→CCL2,RELA,CCL2,232,0.566530868382673,4.282288927908071e-21,4.1576475973786975,2.052574032596473,,,,,,,0.7084148895451973,0.00010713717704472879,24.0,0.6203994031623817,7.901650737041442e-09,71,0.5295446377267473,5.012873789345884e-10,120,,,,0.579225530378738,3.7185449773442426e-17,176.0,0.5249918830548309,3.26782285139717e-05,56.0
Brain - Caudate (basal ganglia),detection,RELA→NFKBIA,RELA,NFKBIA,232,0.7607518053115552,4.580282850702601e-45,4.1576475973786975,5.430410484815466,,,,,,,0.8052173913043478,2.076855508722731e-06,24.0,0.7817032479846011,8.610712873384665e-16,71,0.7372551470766966,7.923991362088082e-22,120,,,,0.7559820250346588,7.579541291852124e-34,176.0,0.7747095010252905,2.4550554759565444e-12,56.0
Brain - Caudate (basal ganglia),detection,NFKB1→TNF,NFKB1,TNF,232,0.5064492239735225,1.617070558995466e-16,2.3359439622225433,0.24559142868484146,,,,,,,0.6688469032511165,0.0003525219640732028,24.0,0.5688281865430669,2.2738768735119482e-07,71,0.46157121998356637,1.1202219085086893e-07,120,,,,0.5029154601314687,1.135732137493074e-12,176.0,0.5034353175561966,7.654819192230537e-05,56.0
Brain - Caudate (basal ganglia),detection,HIF1A→VEGFA,HIF1A,VEGFA,232,0.5632596008802139,8.039329387150386e-21,4.757415005872989,4.169484723230888,,,,,,,0.6121739130434782,0.001475793389844065,24.0,0.48868618953921894,1.5332577414739647e-05,71,0.5971313830729003,6.08757127267947e-13,120,,,,0.608089078145436,3.541966405409621e-19,176.0,0.4641227636146478,0.00031453494947873245,56.0
Brain - Caudate (basal ganglia),detection,HIF1A→SLC2A1,HIF1A,SLC2A1,232,0.5260630703117437,6.508820337751266e-18,4.757415005872989,5.8657998401543185,,,,,,,0.6234782608695651,0.0011336973606633706,24.0,0.5951710261569416,4.4003816738999357e-08,71,0.5113576187118898,2.3977786653698363e-09,120,,,,0.4831971895161557,1.1033823582660023e-11,176.0,0.5591934381408067,7.472973796680399e-06,56.0
Brain - Caudate (basal ganglia),detection,TP53→CDKN1A,TP53,CDKN1A,232,0.5225163041080929,1.1817113714092655e-17,2.3465144048477042,4.014701546779994,,,,,,,0.5460869565217391,0.0057695732589104496,24.0,0.46962951799355995,3.600557715766716e-05,71,0.5367007201939037,2.6388726924231827e-10,120,,,,0.5179871119724029,1.8057559772159488e-13,176.0,0.5300068352699933,2.6583397776857926e-05,56.0
Brain - Caudate (basal ganglia),detection,TP53→MDM2,TP53,MDM2,232,0.5668381426220274,4.034833894453329e-21,2.3465144048477042,2.512176380332174,,,,,,,0.5243478260869565,0.00853108886118977,24.0,0.4803900198535758,2.2373452649357372e-05,71,0.5917222843411648,1.1041722313159804e-12,120,,,,0.5512940308968577,2.214353144882858e-15,176.0,0.6178506127117528,3.914665108669363e-07,56.0
Brain - Caudate (basal ganglia),detection,ATF4→DDIT3,ATF4,DDIT3,232,0.8011724301188778,3.384603230687994e-53,6.647156968198973,5.480659243361703,,,,,,,0.8217391304347826,8.505288480562671e-07,24.0,0.7838596903334688,6.357291122341571e-16,71,0.808678425657329,5.804987410484175e-29,120,,,,0.8131851925304013,9.265054890746279e-43,176.0,0.7516746411483254,2.4588356202136404e-11,56.0
Brain - Caudate (basal ganglia),detection,XBP1→DNAJB1,XBP1,DNAJB1,232,0.646576511471242,7.384284363404981e-29,4.143013652542542,6.112369327709593,,,,,,,0.7521739130434782,2.246201405984968e-05,24.0,0.5698620031318029,2.13767109282084e-07,71,0.6224609737855304,3.209592311803782e-14,120,,,,0.6200949154635398,4.430702870137266e-20,176.0,0.6752563226247437,1.1408698037285267e-08,56.0
Brain - Caudate (basal ganglia),detection,HSF1→HSPA1A,HSF1,HSPA1A,232,0.3691147350676611,6.716824675790679e-09,4.982022560875992,6.222805107461995,,,,,,,0.7095652173913043,0.00010319687237483667,24.0,0.28142186452045603,0.017431439217364075,71,0.35639118893039673,6.463681630398481e-05,120,,,,0.352891325857552,1.557374917392044e-06,176.0,0.39802457327365154,0.0023818076767017833,56.0
Brain - Caudate (basal ganglia),detection,STAT1→IRF1,STAT1,IRF1,232,0.5638191036875893,7.221849689271112e-21,4.037258184675513,1.9187058744759395,,,,,,,0.6017391304347826,0.0018664011338972051,24.0,0.5423929173459566,1.0297320991993021e-06,71,0.5479199944440585,9.357489492644336e-11,120,,,,0.5660643994654138,2.6762439157307275e-16,176.0,0.5958988380041012,1.2641897662368963e-06,56.0
Brain - Caudate (basal ganglia),detection,NFE2L2→NQO1,NFE2L2,NQO1,232,0.6663990261151541,3.7177731348580183e-31,4.781392134469131,4.933696476549938,,,,,,,0.7130434782608696,9.204341421214485e-05,24.0,0.5915207203487585,5.573674007318661e-08,71,0.7328580655510921,1.8272218474711402e-21,120,,,,0.6297926199445703,7.733971403692792e-21,176.0,0.7605734890633558,1.0409251367717031e-11,56.0
Brain - Caudate (basal ganglia),detection,NFE2L2→HMOX1,NFE2L2,HMOX1,232,0.6926365043584642,1.7495665135018404e-34,4.781392134469131,3.3476416083245444,,,,,,,0.6913043478260869,0.00018338504696430616,24.0,0.7566398390342052,2.3161008577798738e-14,71,0.6919521630166242,2.1111331894117787e-18,120,,,,0.6794504717436417,3.5357010579713053e-25,176.0,0.7037372478342572,1.451737595063687e-09,56.0
Brain - Caudate (basal ganglia),housekeeping,ACTB↔GAPDH,ACTB,GAPDH,232,0.9262519127088907,1.9360101033637514e-99,9.99383008480072,9.893721196158179,,,,,,,0.9626086956521739,5.788561169509911e-14,24.0,0.9142842770670199,8.67914463605471e-29,71,0.9405199684699231,3.683910037301765e-57,120,,,,0.9277267159228727,2.204175067880795e-76,176.0,0.9169514695830486,3.329603540395688e-23,56.0
Brain - Caudate (basal ganglia),housekeeping,RPL13A↔RPS18,RPL13A,RPS18,232,0.9263963470258467,1.5583867731863504e-99,9.421959338517025,9.490613988761243,,,,,,,0.9443478260869566,4.219969370901299e-12,24.0,0.8987575244387063,2.0800248133534913e-26,71,0.9318633238419335,8.654918321818e-54,120,,,,0.9226567495677497,6.42354360982126e-74,176.0,0.9198222829801778,1.3369831438289373e-23,56.0
Brain - Caudate (basal ganglia),housekeeping,HPRT1↔TBP,HPRT1,TBP,232,0.8077442666985897,1.0695776135279656e-54,4.834694895764877,2.847043307690785,,,,,,,0.8182608695652173,1.0339710495710754e-06,24.0,0.7498952028035346,5.2532276765864e-14,71,0.8333634280158343,3.620602506077365e-32,120,,,,0.7800783294272523,2.8369451552576284e-37,176.0,0.914149008885851,7.864512045045809e-23,56.0
Brain - Caudate (basal ganglia),housekeeping,B2M↔PPIA,B2M,PPIA,232,0.37572285859689925,3.42350892515772e-09,8.04856540416849,7.3199609538604475,,,,,,,0.4017391304347826,0.05166367606578417,24.0,0.3181448536736023,0.00685532562359299,71,0.4200021182069637,1.792716082707561e-06,120,,,,0.3771898496086012,2.4665995997917625e-07,176.0,0.4208691491976028,0.0012383078494784805,56.0
Brain - Caudate (basal ganglia),hormone,ESR1→PGR,ESR1,PGR,232,0.5924890709674261,2.2353050676107065e-23,0.23419950619853777,0.5066160415138664,,,,,,,0.7930434782608695,3.806559355289638e-06,24.0,0.4715291750503018,3.314299761371463e-05,71,0.6517304183120078,7.545122603897068e-16,120,,,,0.6260154369533144,1.5375279266089592e-20,176.0,0.5025974025974026,7.903299102783683e-05,56.0
Brain - Caudate (basal ganglia),hormone,AR→SMAD3,AR,SMAD3,232,0.7577627753886947,1.5769763512110642e-44,0.639378797375308,3.818400818212279,,,,,,,0.8530434782608695,1.1860330601994243e-07,24.0,0.7895773774370157,2.7958005920377457e-16,71,0.7855357006437991,2.3549631223221037e-26,120,,,,0.7337455439540304,5.081128722294733e-31,176.0,0.8000478478243955,1.3932524591487654e-13,56.0
Artery - Coronary,production,SMAD3→COL1A1,SMAD3,COL1A1,230,0.135418921791436,0.04016948184934804,5.071457606813182,8.926439330888831,,,,,,,-0.010847975553857905,0.9514470200738172,34.0,0.2213543415234341,0.03298052191847046,93,-0.03561224350631481,0.7600524604223111,76,,,,0.10490005950646705,0.21573468998871353,141.0,0.18048255227671242,0.09054524231386668,89.0
Artery - Coronary,production,SMAD3→COL3A1,SMAD3,COL3A1,230,-0.06429712361604371,0.33164476702728096,5.071457606813182,9.345789136057315,,,,,,,-0.17891520244461417,0.31133587524638934,34.0,0.007184261766946415,0.9455099240966518,93,-0.20150789148573583,0.0808900857675844,76,,,,-0.1262238375953814,0.1358420633302129,141.0,0.03963244651230359,0.7123132216548256,89.0
Artery - Coronary,production,SMAD3→FN1,SMAD3,FN1,230,-0.09601837272042545,0.14660928841856574,5.071457606813182,11.154031720368758,,,,,,,-0.30970206264323913,0.07467986490584716,34.0,-0.05632562928037481,0.591775898499636,93,-0.19590151610191608,0.08988555581596094,76,,,,-0.14234617212315723,0.09221905680833097,141.0,-0.027025991769021457,0.8015015332619138,89.0
Artery - Coronary,production,SMAD3→SERPINE1,SMAD3,SERPINE1,230,-0.08442325222786055,0.20208114313423575,5.071457606813182,8.651648649962052,,,,,,,-0.35095492742551565,0.04184048396171954,34.0,-0.09515603202222381,0.36424734217350085,93,-0.09293360128826415,0.4245924317811135,76,,,,-0.0862102733972057,0.3094048487221529,141.0,-0.11356023817024102,0.28932092423607336,89.0
Artery - Coronary,production,ESR1→COL1A1,ESR1,COL1A1,230,0.2820790500404782,1.4045114451673257e-05,1.8570307589095572,8.926439330888831,,,,,,,-0.012987012987012986,0.9418880016128985,34.0,0.4757858456429717,1.4364618241937767e-06,93,0.13536568694463433,0.24365150671043262,76,,,,0.28121157116621426,0.0007303916521341266,141.0,0.29184542049710593,0.005519678995644722,89.0
Artery - Coronary,production,ESR1→ELN,ESR1,ELN,230,0.24306455721141554,0.0001975354370659704,1.8570307589095572,9.188597415841144,,,,,,,0.335064935064935,0.052735833091449934,34.0,0.24100475220638154,0.01995748479612074,93,0.20846348916063992,0.07074150145608843,76,,,,0.1506553162709823,0.07455366352086698,141.0,0.3986397626856104,0.00010916053056396238,89.0
Artery - Coronary,production,AR→COL1A1,AR,COL1A1,230,0.154400774044343,0.0191338630893471,3.0046153581660726,8.926439330888831,,,,,,,-0.07776928953399541,0.6619877308999256,34.0,0.17341450132156744,0.09644234507768694,93,0.19699248120300752,0.0880759238901039,76,,,,0.2017642060109722,0.016430084018917265,141.0,0.06298120097605976,0.5576426137675474,89.0
Artery - Coronary,production,SOX9→ACAN,SOX9,ACAN,230,-0.18186417897089185,0.005671631913259199,3.565859081434167,2.200160928524059,,,,,,,-0.26142093200916733,0.13532572136266832,34.0,-0.1840745728078695,0.07735081678597606,93,-0.09807245386192755,0.39931763046885094,76,,,,-0.12916476250519782,0.12688648110633044,141.0,-0.2856996935648622,0.006647638269898482,89.0
Artery - Coronary,production,PPARG→FABP4,PPARG,FABP4,230,0.8685501922537737,1.8761490333091683e-71,3.82829877824887,8.532406297455664,,,,,,,0.7650114591291061,1.3751953521847532e-07,34.0,0.8794873325176806,4.279767973700298e-31,93,0.8611815528673691,1.9121515312212758e-23,76,,,,0.8424418853546811,3.714184547030792e-39,141.0,0.899744637385087,4.4370670243397576e-33,89.0
Artery - Coronary,production,PPARG→ADIPOQ,PPARG,ADIPOQ,230,0.7873673496263063,8.459780764243878e-50,3.82829877824887,4.453328709919815,,,,,,,0.7185637891520245,1.7020089241278551e-06,34.0,0.8152099310674106,2.646548154562737e-23,93,0.7829581883859486,6.499950074333183e-17,76,,,,0.7727171539877563,3.172494596446273e-29,141.0,0.795028941096357,1.3755834631774994e-20,89.0
Artery - Coronary,production,RUNX2→SPP1,RUNX2,SPP1,230,0.5025141884663772,4.0387278106646e-16,1.5596088767051697,6.338891901658929,,,,,,,0.46829640947288,0.005219219719182569,34.0,0.48221659387027105,9.861513912250117e-07,93,0.4854031811677383,8.817706340898413e-06,76,,,,0.5336225875148043,9.543023989856473e-12,141.0,0.4710013236394533,3.188857620546421e-06,89.0
Artery - Coronary,production,FOXO1→PCK1,FOXO1,PCK1,230,0.2926268042422293,6.394643633763045e-06,5.102706522526948,2.6840654965004194,,,,,,,0.18594346829640948,0.2923916305800106,34.0,0.3094207872042016,0.0025443082248237108,93,0.42202612459034133,0.00014635642754852747,76,,,,0.3002318169273904,0.00029788203448848153,141.0,0.2673147229966456,0.011326622721447155,89.0
Artery - Coronary,detection,RELA→ICAM1,RELA,ICAM1,230,0.18776594524928067,0.004269167790245514,6.489519021822058,4.859978715492331,,,,,,,-0.05362872421695951,0.7632415886295546,34.0,0.21433260720360478,0.03910937085918324,93,0.1390293916609706,0.23100654155840816,76,,,,0.24077897253639,0.00402648801035559,141.0,0.08485771925502568,0.429144336433122,89.0
Artery - Coronary,detection,RELA→IL6,RELA,IL6,230,0.18835126499723095,0.004148718893133102,6.489519021822058,3.8640465606813845,,,,,,,0.16424751718869365,0.35329252975032177,34.0,0.15961236464393158,0.1264520840429753,93,0.1759671907040328,0.12838187484142935,76,,,,0.17615517820792456,0.036664944995771616,141.0,0.19216887980932928,0.07120868588121622,89.0
Artery - Coronary,detection,RELA→CCL2,RELA,CCL2,230,0.24969813232869661,0.00012970136678054612,6.489519021822058,6.291206540232119,,,,,,,0.30970206264323913,0.07467986490584716,34.0,0.3311002357434872,0.001187849540029241,93,0.03876965140123035,0.7395045590492855,76,,,,0.29696508515480546,0.0003490365784180827,141.0,0.14168429385680698,0.18535571112074153,89.0
Artery - Coronary,detection,RELA→NFKBIA,RELA,NFKBIA,230,0.23171245303422602,0.0003951647108026799,6.489519021822058,7.735784870645274,,,,,,,0.2516424751718869,0.15110131050880884,34.0,0.1582477264802361,0.1297699949372454,93,0.2795097710917728,0.014474128339346014,76,,,,0.274680982459172,0.0009798066363228724,141.0,0.13473840116908367,0.20806653669899872,89.0
Artery - Coronary,detection,NFKB1→TNF,NFKB1,TNF,230,0.009610360476230735,0.8847443629765812,4.752697298837744,0.7908712163567543,,,,,,,0.2082505729564553,0.23724879877381194,34.0,-0.10484851650160106,0.3172101360308035,93,0.022395559360091685,0.8477200724759292,76,,,,0.1494613093526875,0.07690950896990187,141.0,-0.2369815497121058,0.02534985857053508,89.0
Artery - Coronary,detection,HIF1A→VEGFA,HIF1A,VEGFA,230,0.2510645810494769,0.00011876425387815594,6.69605507436006,5.761177653851717,,,,,,,0.19877769289533992,0.259742162325388,34.0,0.2180568921973798,0.03574975511107318,93,0.29670539986329464,0.00925091910884343,76,,,,0.2672466014103502,0.0013571871793301947,141.0,0.21578140960163436,0.042265886164424143,89.0
Artery - Coronary,detection,HIF1A→SLC2A1,HIF1A,SLC2A1,230,0.37306291769588196,5.2476861634259455e-09,6.69605507436006,5.046588058057039,,,,,,,0.5621084797555385,0.000540770215235547,34.0,0.3590028610140349,0.0004095553370105598,93,0.23526999316473,0.04077038421859902,76,,,,0.3538026685749708,1.678771893886747e-05,141.0,0.36536587234699464,0.00043045161278374675,89.0
Artery - Coronary,detection,TP53→CDKN1A,TP53,CDKN1A,230,0.15630289024883662,0.017685696057744102,4.339936702147774,7.990387968395067,,,,,,,0.018948655256723717,0.9152924976594174,34.0,0.32392590437396956,0.0015378626705217602,93,0.09287891838076885,0.4248662128109437,76,,,,0.0633851053998308,0.4552399202259687,141.0,0.27950577559862777,0.007985834322413048,89.0
Artery - Coronary,detection,TP53→MDM2,TP53,MDM2,230,0.11200774048660722,0.09012031520678765,4.339936702147774,3.725685633783755,,,,,,,0.06448655256723716,0.7171048394573851,34.0,0.2598270704177018,0.011898202197805186,93,0.029693021730462565,0.7990136911517212,76,,,,0.05114148995720803,0.5470009820609338,141.0,0.21643477631892588,0.041630824149380255,89.0
Artery - Coronary,detection,ATF4→DDIT3,ATF4,DDIT3,230,0.5022419733410586,4.2129371638243753e-16,9.243231041535088,5.979619913515838,,,,,,,0.6696715049656226,1.4817932812315572e-05,34.0,0.5640449857360613,3.920575654775698e-09,93,0.4011100554437888,0.00032956556610574803,76,,,,0.4467664289990264,2.804252661738844e-08,141.0,0.5972276014167192,6.500430509321784e-10,89.0
Artery - Coronary,detection,XBP1→DNAJB1,XBP1,DNAJB1,230,0.07164221058970055,0.27926181838675423,6.965733152887095,6.4437976546909495,,,,,,,0.0160427807486631,0.9282463999302384,34.0,0.2173614634000776,0.03635802847656322,93,-0.035585388527369165,0.7602279646791796,76,,,,-0.005633851054108659,0.9471363600369233,141.0,0.18230647441032294,0.08727992254932783,89.0
Artery - Coronary,detection,HSF1→HSPA1A,HSF1,HSPA1A,230,0.5451522219328186,3.319550570366015e-19,6.793346417468527,6.9403521786565365,,,,,,,0.6703338700899047,1.4428311097071379e-05,34.0,0.540645993998408,2.217382134963392e-08,93,0.6253246936055351,1.5533857405478126e-09,76,,,,0.4586553476107381,1.0676343605022534e-08,141.0,0.6748370952313986,4.1236143112893117e-13,89.0
Artery - Coronary,detection,STAT1→IRF1,STAT1,IRF1,230,0.3766996352676379,3.621722665078027e-09,5.562505358198415,3.759203161364016,,,,,,,0.07043544690603513,0.6922261550320374,34.0,0.3913087267343133,0.00010512204484396986,93,0.40893524816911914,0.000244762125733618,76,,,,0.4111311130480311,4.1008666668408394e-07,141.0,0.2984533405970428,0.004499337136380614,89.0
Artery - Coronary,detection,NFE2L2→NQO1,NFE2L2,NQO1,230,0.10521529649392512,0.11152064209522937,6.566323102038839,5.162973190390545,,,,,,,0.13552330022918258,0.44474342481200624,34.0,0.062278290256954465,0.5531521164681701,93,0.23191338111206367,0.0438167087695402,76,,,,0.15075721089665628,0.07435535015929393,141.0,0.015441057551270598,0.8858006211769108,89.0
Artery - Coronary,detection,NFE2L2→HMOX1,NFE2L2,HMOX1,230,0.07681382552248023,0.24592367565735906,6.566323102038839,5.023347248201785,,,,,,,-0.120244461420932,0.4981659879476589,34.0,0.17458511602698235,0.09418015396670641,93,0.06011059694900758,0.6059843619623516,76,,,,0.062160727435910126,0.4640124280371408,141.0,0.12498403970524045,0.24320580884133594,89.0
Artery - Coronary,housekeeping,ACTB↔GAPDH,ACTB,GAPDH,230,0.6120169021844594,4.982280250336496e-25,12.93879564534063,10.57848069564156,,,,,,,0.5309396485867074,0.001235257064687356,34.0,0.6151533463142425,5.3603710863094575e-11,93,0.6202545489923261,2.292869456496924e-09,76,,,,0.5822788603534101,3.6348514310628156e-14,141.0,0.6696828342570544,7.20004380798685e-13,89.0
Artery - Coronary,housekeeping,RPL13A↔RPS18,RPL13A,RPS18,230,0.8415993703478335,6.326329078365012e-63,11.425304176496423,11.408018506091574,,,,,,,0.8609625668449197,6.494446034877815e-11,34.0,0.8090568289964339,1.0139804918568477e-22,93,0.828043937435184,2.813025215097576e-20,76,,,,0.8659037128489941,1.1842019723135743e-43,141.0,0.7978362090245915,8.05381814397938e-21,89.0
Artery - Coronary,housekeeping,HPRT1↔TBP,HPRT1,TBP,230,0.004256397788657255,0.9488109334321915,4.849765446911688,4.174414694827536,,,,,,,-0.044766997708174175,0.8015077050000261,34.0,0.12562247978077035,0.23020363790171847,93,-0.10098911091512541,0.38537591379610014,76,,,,-0.05861835352826858,0.48990972891599593,141.0,0.12304961824097374,0.2506346158365174,89.0
Artery - Coronary,housekeeping,B2M↔PPIA,B2M,PPIA,230,0.09908353157930035,0.13408701694379394,10.771760065659233,8.142192610450413,,,,,,,0.24264649776675834,0.1667556792472167,34.0,0.1681692883292127,0.10710778755901199,93,-0.054464175865319854,0.6402955088425457,76,,,,0.06539498455114388,0.44104172585389223,141.0,0.21694182339943763,0.041143470766406655,89.0
Artery - Coronary,hormone,ESR1→PGR,ESR1,PGR,230,0.6740951168748243,7.849289414588161e-32,1.8570307589095572,3.224798271448716,,,,,,,0.7258976317799846,1.1833430492708915e-06,34.0,0.6448975328812397,3.0256117262286733e-12,93,0.7901298701298702,2.1561785006100137e-17,76,,,,0.6741099236068434,5.113605865936086e-20,141.0,0.6708149081389839,6.376507006804872e-13,89.0
Artery - Coronary,hormone,AR→KLK3,AR,KLK3,230,-0.020586047668944868,0.7561543219472782,3.0046153581660726,0.24819809347391128,,,,,,,-0.280033923628713,0.10869889594120775,34.0,0.013647776354039066,0.89669272272861,93,-0.02228188235914184,0.8484838334162412,76,,,,0.01438602706247057,0.8655506487592238,141.0,-0.014533352121540513,0.8924725147083328,89.0
Artery - Coronary,hormone,AR→SMAD3,AR,SMAD3,230,0.05892729364576168,0.37369099906848036,3.0046153581660726,5.071457606813182,,,,,,,0.27975553857906793,0.10906560551231893,34.0,0.023007714000089524,0.8267229002924326,93,0.004989815308946223,0.9658772925731958,76,,,,0.027079614194223577,0.749917058659278,141.0,0.1523846815175478,0.153980327881468,89.0
Brain - Cerebellum,production,SMAD3→COL1A1,SMAD3,COL1A1,222,0.2905877349548106,1.079777932107769e-05,2.759338712907052,1.489308325288532,,,,,,,0.20233171795659358,0.3922792730250404,20.0,0.2670690811535882,0.024354828872580735,71,0.3428275569558302,0.0002015311955948509,113,,,,0.3058785506935391,7.546945780516203e-05,162.0,0.2589160428496245,0.04576310311121372,60.0
Brain - Cerebellum,production,SMAD3→COL3A1,SMAD3,COL3A1,222,0.18180063285932863,0.006604624715945579,2.759338712907052,1.1906793731021452,,,,,,,0.18045112781954886,0.4464646102705483,20.0,0.1710596914822267,0.15377395536910604,71,0.25760250516246297,0.00587720237509515,113,,,,0.187841272663892,0.01668107835425561,162.0,0.1912224398967521,0.14330658911787053,60.0
Brain - Cerebellum,production,SMAD3→FN1,SMAD3,FN1,222,0.3282708159790169,5.649062383848713e-07,2.759338712907052,3.620097980842934,,,,,,,0.39999999999999997,0.08055387210850923,20.0,0.23992488200777778,0.04387336615356093,71,0.3645716804664334,7.190645795211278e-05,113,,,,0.3521155583158074,4.326996458621783e-06,162.0,0.2554911849535943,0.04881220536285834,60.0
Brain - Cerebellum,production,SMAD3→SERPINE1,SMAD3,SERPINE1,222,0.26657903157743346,5.757181001342481e-05,2.759338712907052,1.1690545018997278,,,,,,,0.22556390977443608,0.33897093917086685,20.0,0.17136150234741782,0.15303829267824157,71,0.347944698468503,0.0001591870033770796,113,,,,0.2322721685218351,0.0029371911106223923,162.0,0.35637677132536827,0.005192951491408769,60.0
Brain - Cerebellum,production,ESR1→COL1A1,ESR1,COL1A1,222,0.02315404606954873,0.7315337840331773,1.1653960949934281,1.489308325288532,,,,,,,-0.3798420727437909,0.0985513745729298,20.0,-0.042018779342722995,0.7278959467811168,71,0.17324710970789423,0.06649562290486946,113,,,,-0.006468093514290715,0.9348942253987474,162.0,0.12887629214711974,0.3264092720399099,60.0
Brain - Cerebellum,production,ESR1→ELN,ESR1,ELN,222,0.4404250710188985,5.983584887618692e-12,1.1653960949934281,6.215822784750311,,,,,,,0.2902255639097744,0.21449998226074232,20.0,0.33858432751296785,0.0038751440200191006,71,0.4125284349787747,5.615422119689246e-06,113,,,,0.4459713402437048,2.7229729144361755e-09,162.0,0.4514018172219288,0.0002945781435845929,60.0
Brain - Cerebellum,production,AR→COL1A1,AR,COL1A1,222,0.20238770953948615,0.0024463205364815585,0.3620574597504225,1.489308325288532,,,,,,,0.39187667306834667,0.08748649937226292,20.0,0.17967957478477511,0.13377887381689565,71,0.19711720403724514,0.03637906529447792,113,,,,0.20287852635708914,0.009619633200257128,162.0,0.2097892384111038,0.107660999315677,60.0
Brain - Cerebellum,production,SOX9→ACAN,SOX9,ACAN,222,0.45122811616602443,1.557844904634105e-12,4.750248167428884,0.11919340243571447,,,,,,,0.19248120300751878,0.4162064734197989,20.0,0.4223675385647216,0.00024346289343359738,71,0.49342402127925045,2.8105497635382104e-08,113,,,,0.47403533086165023,1.8695643413663094e-10,162.0,0.3129523889214065,0.014907352940776152,60.0
Brain - Cerebellum,production,SOX9→COL2A1,SOX9,COL2A1,222,0.07551960084828555,0.26251549788086087,4.750248167428884,0.26580171361733396,,,,,,,-0.2827067669172932,0.22715328510473626,20.0,0.13655264922870555,0.25615823247120817,71,0.10015678087689166,0.2911966756194851,113,,,,0.059642838745384855,0.45089574542692956,162.0,0.14987704748664354,0.2530422554838225,60.0
Brain - Cerebellum,production,PPARG→FABP4,PPARG,FABP4,222,0.11714546128587512,0.08158267560632278,1.878930636354395,1.3156170043590907,,,,,,,0.13533834586466165,0.5694186911507699,20.0,0.01884641180415828,0.8760347867362113,71,0.14856308753751496,0.11631831590333289,113,,,,0.14406673812613804,0.06739593501709448,162.0,0.05182066992261591,0.6941557512911227,60.0
Brain - Cerebellum,production,PPARG→ADIPOQ,PPARG,ADIPOQ,222,0.12406981211107117,0.06499407367636263,1.878930636354395,0.19518094809373487,,,,,,,0.17207669688365596,0.4681833300044692,20.0,0.09924898828283944,0.4102358246611755,71,0.052568938357264804,0.5802738276278099,113,,,,0.22576038654799438,0.0038696334935006613,162.0,-0.14882548233780102,0.2564252689370111,60.0
Brain - Cerebellum,production,RUNX2→SPP1,RUNX2,SPP1,222,0.49212721600800957,6.080283929593942e-15,0.24455732073601302,4.71197977903727,,,,,,,0.13684210526315788,0.5650957921363965,20.0,0.5137870035978984,4.594488818985166e-06,71,0.5033082012617326,1.332840183801274e-08,113,,,,0.45176509773112217,1.5974781415746176e-09,162.0,0.5948401617712393,5.389541326106263e-07,60.0
Brain - Cerebellum,production,FOXO1→PCK1,FOXO1,PCK1,222,0.16956951522306357,0.011386143496865562,1.9246715038746327,0.7304268402072627,,,,,,,0.02706766917293233,0.9098116651774512,20.0,0.05503018108651911,0.6485282921716276,71,0.3487529240533609,0.00015330903616016936,113,,,,0.19209352509360048,0.014330539696387253,162.0,0.1305362600722423,0.32016386598392,60.0
Brain - Cerebellum,production,MYOD1→MYH2,MYOD1,MYH2,222,0.14308665438449236,0.033098654500666354,0.29391551732614235,0.319307991974727,,,,,,,-0.29559987047190067,0.20574589817716116,20.0,0.12219070079257414,0.3100429813793465,71,0.2458818586812824,0.008661605835084029,113,,,,0.10243279881229823,0.19460519968240436,162.0,0.20674705305812363,0.11297892804394052,60.0
Brain - Cerebellum,detection,RELA→ICAM1,RELA,ICAM1,222,0.1536426528616558,0.02202630141274592,5.452231787346505,1.3163002509925816,,,,,,,0.14887218045112782,0.5310434616086306,20.0,0.2434607645875251,0.0407643313876353,71,0.09877195244174779,0.2979527118018453,113,,,,0.13265030339797015,0.09242672817838163,162.0,0.27968880244512373,0.030442708270705946,60.0
Brain - Cerebellum,detection,RELA→IL6,RELA,IL6,222,0.20435972099181937,0.0022129144803045937,5.452231787346505,0.8413842710255234,,,,,,,0.4548197928990632,0.043920141113616,20.0,0.16941393536531554,0.15783179682207485,71,0.14453098215511712,0.12667795048742345,113,,,,0.19204805521911703,0.014354057589052121,162.0,0.3873907667887995,0.002228471620481189,60.0
Brain - Cerebellum,detection,RELA→CCL2,RELA,CCL2,222,0.2812064616560849,2.1153617371403158e-05,5.452231787346505,1.0995378403731428,,,,,,,0.4144415486768887,0.06924727164029336,20.0,0.18591549295774648,0.12058734907303857,71,0.29869813921927973,0.0013108419364218804,113,,,,0.255503611210163,0.0010326067925185577,162.0,0.40450125034731876,0.0013481145170138348,60.0
Brain - Cerebellum,detection,RELA→NFKBIA,RELA,NFKBIA,222,0.521141617744945,7.406663570760349e-17,5.452231787346505,5.844274832321717,,,,,,,0.1413533834586466,0.5522144386322418,20.0,0.46995305164319245,3.550236841656471e-05,71,0.5627673222767386,8.724103675757369e-11,113,,,,0.4924071141675735,2.8254893493966083e-11,162.0,0.64306751875521,3.015528695609819e-08,60.0
Brain - Cerebellum,detection,NFKB1→TNF,NFKB1,TNF,222,0.33349791146163993,3.6310237297267233e-07,3.6875695645272195,0.17567824659583806,,,,,,,0.10362825942931776,0.6637272857438118,20.0,0.42309588533196507,0.00023688762511635283,71,0.31754830347345603,0.000609829369269874,113,,,,0.3353833431143087,1.2845991750964045e-05,162.0,0.3610206464635838,0.004598624628904514,60.0
Brain - Cerebellum,detection,HIF1A→VEGFA,HIF1A,VEGFA,222,0.3784289799914468,5.721467677950855e-09,5.50648645882134,5.286791644654833,,,,,,,0.33533834586466166,0.14835729861849292,20.0,0.4437327610213035,0.00010622542486218328,71,0.41088735249867897,6.168518359590847e-06,113,,,,0.36342736011358295,2.0001123297812882e-06,162.0,0.38308395507941323,0.002518613378242343,60.0
Brain - Cerebellum,detection,HIF1A→SLC2A1,HIF1A,SLC2A1,222,0.2107624191409873,0.0015879456234413596,5.50648645882134,5.686456061698295,,,,,,,0.1969924812030075,0.40515233009814566,20.0,0.20474685402173282,0.08674903840251946,71,0.2777730415351433,0.0028938933039768717,113,,,,0.18521137295765586,0.018296943169430056,162.0,0.2713329072772236,0.03599008033824481,60.0
Brain - Cerebellum,detection,TP53→CDKN1A,TP53,CDKN1A,222,0.32874380093802585,5.429427644035464e-07,1.8491584127013747,3.6361761673076733,,,,,,,0.6210526315789473,0.003472810272541166,20.0,0.1552004560992164,0.1962266918252538,71,0.3885494945159836,2.111585754378923e-05,113,,,,0.2637528041221376,0.0006956608957676821,162.0,0.4218511213387656,0.0007877105676123704,60.0
Brain - Cerebellum,detection,TP53→MDM2,TP53,MDM2,222,0.2643367615420285,6.678675589196672e-05,1.8491584127013747,3.507413086590466,,,,,,,-0.10225563909774435,0.66793535735332,20.0,0.3581226113092952,0.002166331072853156,71,0.205213724446367,0.029223452393041145,113,,,,0.26182061957753555,0.0007639609041402539,162.0,0.3285216111019093,0.010384744664269606,60.0
Brain - Cerebellum,detection,ATF4→DDIT3,ATF4,DDIT3,222,0.6734500032499439,1.0751532266268024e-30,7.995163535212611,6.01052434809573,,,,,,,0.6766917293233082,0.0010509401983731885,20.0,0.5976575927238263,3.7396532854789086e-08,71,0.7067422155359214,2.2026149118707798e-18,113,,,,0.6508453095516663,6.919732563468924e-21,162.0,0.6964253463487642,6.461070051982363e-10,60.0
Brain - Cerebellum,detection,XBP1→DNAJB1,XBP1,DNAJB1,222,0.5005950200388147,1.7534054539559815e-15,5.042191537650856,6.678148525255221,,,,,,,0.524812030075188,0.017508741658873835,20.0,0.4240107310529846,0.0002288596316504747,71,0.5862494152008849,8.969552393732229e-12,113,,,,0.49461195566510263,2.2350633047718188e-11,162.0,0.4848569046957488,8.638638695852618e-05,60.0
Brain - Cerebellum,detection,HSF1→HSPA1A,HSF1,HSPA1A,222,0.16166667032280102,0.01590611488607589,6.309868163890667,6.386676363042883,,,,,,,0.5278195488721804,0.016759126882928903,20.0,0.24825620389000666,0.03684162038080844,71,0.1398382706733982,0.13961076961263344,113,,,,0.1354014729888104,0.0858048370209604,162.0,0.24051125312586835,0.06415860879031413,60.0
Brain - Cerebellum,detection,STAT1→IRF1,STAT1,IRF1,222,0.28299207360495326,1.8646551425411006e-05,4.341568579544893,2.5442224939664206,,,,,,,0.20902255639097742,0.3764723395871389,20.0,0.15020246649141614,0.21120073829602648,71,0.34589249029251706,0.00017506501064726553,113,,,,0.30221400521489555,9.284615164842836e-05,162.0,0.21283689913864967,0.10252915881920212,60.0
Brain - Cerebellum,detection,NFE2L2→NQO1,NFE2L2,NQO1,222,0.2692880144607541,4.8033371352122236e-05,5.181729918127662,2.907585640211363,,,,,,,0.019548872180451125,0.9348031235214638,20.0,0.35390974103977674,0.0024633343758499755,71,0.3034888870874697,0.0010842934868421157,113,,,,0.2648467236936293,0.0006595306008273264,162.0,0.2983050847457628,0.020611007265054035,60.0
Brain - Cerebellum,detection,NFE2L2→HMOX1,NFE2L2,HMOX1,222,0.27318287423930787,3.689465781799819e-05,5.181729918127662,1.8493590781817566,,,,,,,0.06616541353383458,0.7816639121085741,20.0,0.3362871922250326,0.004139574625203837,71,0.25863908094280835,0.00567430967022102,113,,,,0.25031701732096184,0.0013151743231209125,162.0,0.3597110308419006,0.004759832571936274,60.0
Brain - Cerebellum,housekeeping,ACTB↔GAPDH,ACTB,GAPDH,222,0.8030320521299628,2.335190404606343e-51,10.161685204720712,10.121220769108954,,,,,,,0.5323308270676691,0.01568312513569595,20.0,0.8302075039305974,3.527671352662517e-19,71,0.8226696555214221,5.47028292589761e-29,113,,,,0.784984926928007,4.2752615788338413e-35,162.0,0.8627238500950679,8.027723242861597e-19,60.0
Brain - Cerebellum,housekeeping,RPL13A↔RPS18,RPL13A,RPS18,222,0.8371143445413196,1.4747284922814758e-59,10.15669060612584,9.775951922476828,,,,,,,0.8266266097929232,7.031823510209292e-06,20.0,0.7716324188998014,3.3981754809765573e-15,71,0.852740032231401,4.349688565368213e-33,113,,,,0.833197022410991,5.132348369201535e-43,162.0,0.8315711964346477,1.9197577287214561e-16,60.0
Brain - Cerebellum,housekeeping,HPRT1↔TBP,HPRT1,TBP,222,0.6481142790089424,7.739435629839765e-28,5.590855384732152,4.371521736050512,,,,,,,0.8586466165413533,1.2663006456217198e-06,20.0,0.6447512932309057,1.2946721676350493e-09,71,0.56814798182135,5.262405567705899e-11,113,,,,0.6455928801902205,1.7846588369021802e-20,162.0,0.6291191997777161,7.304797117071504e-08,60.0
Brain - Cerebellum,housekeeping,B2M↔PPIA,B2M,PPIA,222,0.12185899920136445,0.06996028429665992,7.308636046744682,7.666427863610758,,,,,,,-0.18646616541353384,0.43119491043425096,20.0,0.15334568599587092,0.20169220490904932,71,0.1749771271865364,0.06378506061433024,113,,,,0.173483321152597,0.027261565794279047,162.0,0.07049376201004139,0.5924960921121547,60.0
Brain - Cerebellum,hormone,ESR1→PGR,ESR1,PGR,222,-0.003885465152155885,0.9540947097186614,1.1653960949934281,0.3736428132800906,,,,,,,-0.013533834586466165,0.9548397533571387,20.0,0.029393271239054754,0.807750943219799,71,0.012517648428987567,0.8953085353628464,113,,,,0.02715377873665292,0.7315998349306698,162.0,-0.06060185056545054,0.6455389357231247,60.0
Brain - Cerebellum,hormone,AR→KLK3,AR,KLK3,222,-0.051337949906024416,0.4465960801643637,0.3620574597504225,0.42289408975960435,,,,,,,-0.09091169975333431,0.703068457153762,20.0,0.035658039848132095,0.7678252785169364,71,-0.09739870880658363,0.3047534353688211,113,,,,-0.010018119372581952,0.8993158605681022,162.0,-0.1682327360338893,0.19882974429026015,60.0
Brain - Cerebellum,hormone,AR→SMAD3,AR,SMAD3,222,0.5780259741552376,3.45507403010435e-21,0.3620574597504225,2.759338712907052,,,,,,,0.6616541353383457,0.0014862222546038791,20.0,0.7179302308286409,1.837697378015161e-12,71,0.5408422120797656,6.249489559436012e-10,113,,,,0.5648478108408678,4.9066565598005576e-15,162.0,0.6044456793553766,3.152123348935426e-07,60.0
Liver,production,SMAD3→COL1A1,SMAD3,COL1A1,213,0.15537859118900918,0.023321619950613645,3.548955327468299,4.187658776699657,,,,,,,0.2921554252199413,0.10468547753241839,32.0,0.13587234354325686,0.23249485361917244,79,0.1815411268585894,0.11167924215812068,78,,,,0.23900131754469248,0.003122167359085944,151.0,-0.014077235927027868,0.9135246676396545,62.0
Liver,production,SMAD3→COL3A1,SMAD3,COL3A1,213,0.051174205205461225,0.4575089095930138,3.548955327468299,4.828408101354966,,,,,,,0.29838709677419356,0.09715405984765897,32.0,0.04710407323216707,0.6801739024352262,79,0.0481167447545927,0.6757006775908789,78,,,,0.10672608383613165,0.192130447082668,151.0,-0.0668840734871265,0.6055003980816325,62.0
Liver,production,SMAD3→FN1,SMAD3,FN1,213,0.04355295824771407,0.5272599792055758,3.548955327468299,7.8708421792222865,,,,,,,0.01319648093841642,0.9428537780926171,32.0,0.007193456511158721,0.9498313752772917,79,0.1423775109571509,0.2136878044315551,78,,,,0.12079902962193421,0.1395458702704775,151.0,-0.15268194409468647,0.2361306817932492,62.0
Liver,production,SMAD3→SERPINE1,SMAD3,SERPINE1,213,0.41920377906420153,1.790601098534505e-10,3.548955327468299,6.110134887583379,,,,,,,0.020894428152492667,0.9096291185775631,32.0,0.4540519487178764,2.6346920201601856e-05,79,0.44722649014216165,4.043479788900354e-05,78,,,,0.4566849542408478,3.773865196634724e-09,151.0,0.3009783306920692,0.017450235113153623,62.0
Liver,production,ESR1→COL1A1,ESR1,COL1A1,213,-0.031372909385987975,0.648900395551453,1.9024681672104087,4.187658776699657,,,,,,,-0.2100439882697947,0.24856442892308625,32.0,-0.08076972230993235,0.47918647198795195,79,0.06485919144146991,0.5726403654170917,78,,,,-0.04205127400774863,0.6081838695147465,151.0,-0.050289599613024705,0.6978918058203005,62.0
Liver,production,ESR1→ELN,ESR1,ELN,213,0.36173550437472846,5.5286927566977865e-08,1.9024681672104087,2.721654174473364,,,,,,,0.10740469208211142,0.5584828061999085,32.0,0.2974683544303797,0.007759205043054126,79,0.44753980197018167,3.987480763915984e-05,78,,,,0.3507598466364586,1.0077377361179836e-05,151.0,0.38349575684319204,0.0020926430349239096,62.0
Liver,production,AR→COL1A1,AR,COL1A1,213,0.07465795250529912,0.2780546398809318,3.8153592991716985,4.187658776699657,,,,,,,0.0722140762463343,0.6944928634351771,32.0,0.03438475629487289,0.7635395175834573,79,0.1494834279644406,0.19147093311282515,78,,,,0.05359386682082131,0.5133890260504421,151.0,0.04789725511465847,0.7116206244668084,62.0
Liver,production,PPARG→FABP4,PPARG,FABP4,213,0.1776581919695091,0.009369187210764109,2.215914572908285,2.12336837210006,,,,,,,0.18401759530791786,0.313364121596079,32.0,0.18580817916260953,0.10111195682666302,79,0.20867371456030753,0.06673684039555634,78,,,,0.17927389081202133,0.027628332092143656,151.0,0.18597096487290252,0.14784241572409357,62.0
Liver,production,PPARG→ADIPOQ,PPARG,ADIPOQ,213,0.0470798107443974,0.4943269131424807,2.215914572908285,0.13229377564707412,,,,,,,0.3599900512123484,0.0429894293031595,32.0,-0.04917060186364158,0.6669539419861253,79,0.03357708105090969,0.7704094944959718,78,,,,0.027878530499270325,0.7340098463474007,151.0,0.07811627830903704,0.5461802073346267,62.0
Liver,production,RUNX2→SPP1,RUNX2,SPP1,213,0.20930794257901908,0.002134429463593223,0.3447827154796728,3.440150695507515,,,,,,,0.3053519061583578,0.08923102044656578,32.0,0.34866751462758544,0.0016378708371290033,79,0.1404797733911658,0.21991780050967083,78,,,,0.18633038107515598,0.02197853267890075,151.0,0.28256654327516306,0.02606697012078084,62.0
Liver,production,FOXO1→PCK1,FOXO1,PCK1,213,0.4768186508808726,1.7222064324249596e-13,3.385802415614956,8.927239285948131,,,,,,,0.21187683284457476,0.24436480305715544,32.0,0.5076710544827122,1.7935425509189734e-06,79,0.5293507675965502,6.263616709765535e-07,78,,,,0.50003180553505,6.28162361812317e-11,151.0,0.4010223867442271,0.0012373577059952544,62.0
Liver,production,HNF4A→ALB,HNF4A,ALB,213,0.4118352512464055,3.976021537762835e-10,5.752622979347695,14.54506870054863,,,,,,,0.3801319648093841,0.031865349870464424,32.0,0.43760269724148476,5.5106211876859716e-05,79,0.29318782483339445,0.00918538106901142,78,,,,0.4284835429896468,4.050967290738294e-08,151.0,0.3569036287174838,0.004406421054605067,62.0
Liver,detection,RELA→ICAM1,RELA,ICAM1,213,0.6765044456591744,7.454766104907274e-30,4.992355536966817,4.0821751294561395,,,,,,,0.691715542521994,1.1621208897360492e-05,32.0,0.6743711926317226,9.553061230181972e-12,79,0.6116580360144267,2.6992164570966313e-09,78,,,,0.6706430916102339,4.525689302457939e-21,151.0,0.6433814734648323,1.7038544470073393e-08,62.0
Liver,detection,RELA→IL6,RELA,IL6,213,0.48128163044049077,9.504331290957846e-14,4.992355536966817,0.7231038158558344,,,,,,,0.6101635294810487,0.0002089432769146632,32.0,0.44167687251093446,4.606309870069318e-05,79,0.3452139329975364,0.0019656364581821144,78,,,,0.5427325243242194,6.077644707863737e-13,151.0,0.327071266683455,0.009466207964955172,62.0
Liver,detection,RELA→CCL2,RELA,CCL2,213,0.3675027218803507,3.265371765921409e-08,4.992355536966817,3.4530471647289436,,,,,,,0.48387096774193544,0.005017706079541245,32.0,0.3131226455915189,0.004957810768044109,79,0.2062507508403172,0.07003554888962903,78,,,,0.42723223155251894,4.478741544271973e-08,151.0,0.3086376227650465,0.01466022172289461,62.0
Liver,detection,RELA→NFKBIA,RELA,NFKBIA,213,0.32958680805863194,8.653479122609487e-07,4.992355536966817,6.723531152161074,,,,,,,0.33284457478005863,0.06268555448680216,32.0,0.4263901313986664,8.920698652221433e-05,79,0.1313884304862597,0.25153231384395247,78,,,,0.40391636763524374,2.703655029159721e-07,151.0,0.1207489203203206,0.34986289641889057,62.0
Liver,detection,NFKB1→TNF,NFKB1,TNF,213,0.17105547057902434,0.01241102148619682,3.2000458134172107,0.4898967465884249,,,,,,,0.45454545454545453,0.00896012187467266,32.0,0.16028578557858633,0.15821953359726573,79,0.015225377315250881,0.8947441989253422,78,,,,0.20590957096431048,0.011197494912360616,151.0,0.12953752786813955,0.31564009208375715,62.0
Liver,detection,HIF1A→VEGFA,HIF1A,VEGFA,213,0.41981987575743845,1.6735903590195507e-10,4.131971520437321,7.279028366429145,,,,,,,0.3676686217008797,0.038429731375907286,32.0,0.44566970345094675,3.855607945517177e-05,79,0.3589493917398012,0.0012498829756885095,78,,,,0.5305327879598551,2.444645010758085e-12,151.0,0.09768074337085442,0.4500719427043105,62.0
Liver,detection,HIF1A→SLC2A1,HIF1A,SLC2A1,213,0.6032905345291598,1.6707429656481984e-22,4.131971520437321,1.6749372671187763,,,,,,,0.4787390029325513,0.0055737082483818525,32.0,0.4924324028353289,4.032997853147157e-06,79,0.6829922166085548,5.640406164893613e-12,78,,,,0.6363481890448558,1.627884602079829e-18,151.0,0.4865715617162115,6.075894413778881e-05,62.0
Liver,detection,TP53→CDKN1A,TP53,CDKN1A,213,0.17000851566912875,0.012965816928947466,2.9955258470186044,5.922649464137118,,,,,,,0.2126099706744868,0.24269826885970935,32.0,0.24363882012617266,0.030486509506052552,79,0.12141177065681985,0.28964949655211847,78,,,,0.20984076250090433,0.00970978026097097,151.0,0.058900556520863234,0.6492961983835117,62.0
Liver,detection,TP53→MDM2,TP53,MDM2,213,0.24254281582647366,0.00035364696751215887,2.9955258470186044,3.3812620393547093,,,,,,,0.23792503078571986,0.1897621665858815,32.0,0.2437088833351078,0.030437265750036923,79,0.25382533700902904,0.024936001334965482,78,,,,0.27659409460749185,0.0005861937714738227,151.0,0.04615849512729471,0.7216565600617193,62.0
Liver,detection,ATF4→DDIT3,ATF4,DDIT3,213,0.6150242758181373,1.4900826574265343e-23,7.479561568425854,5.455802416017917,,,,,,,0.4160938519904345,0.017851791591654904,32.0,0.6886361285188898,2.313983162550647e-12,79,0.5813047711781888,2.3994155837978667e-08,78,,,,0.6724512327571317,3.2466250949429454e-21,151.0,0.4901284312810714,5.26451130422281e-05,62.0
Liver,detection,XBP1→DNAJB1,XBP1,DNAJB1,213,-0.1995142687815022,0.0034541290038432094,8.295523730801865,6.302369261011831,,,,,,,0.06048387096774193,0.7422788940249756,32.0,-0.19281888997078872,0.08865952642142684,79,-0.25573161016198986,0.023832774239893086,78,,,,-0.1340959710568308,0.10068776035407981,151.0,-0.3547883457983934,0.0046631147337012095,62.0
Liver,detection,HSF1→HSPA1A,HSF1,HSPA1A,213,0.15951298881760995,0.019845810591481713,5.006476016111777,6.631960425578373,,,,,,,0.093841642228739,0.6094505407693276,32.0,0.2622475931011329,0.019555029807034885,79,0.04259059036359217,0.7111999439978316,78,,,,0.15750169485050855,0.05343326688761775,151.0,0.1974515877212863,0.12397945643224245,62.0
Liver,detection,STAT1→IRF1,STAT1,IRF1,213,0.39938754165109736,1.4652024306514284e-09,4.3808216992678215,3.7927689541113767,,,,,,,0.4827712609970674,0.005132666187837525,32.0,0.35730282375851996,0.0012268057464615589,79,0.5109734121691721,1.7520138904907392e-06,78,,,,0.47106509015116615,1.0327969629646282e-09,151.0,0.17811634354678202,0.16603685327480072,62.0
Liver,detection,NFE2L2→NQO1,NFE2L2,NQO1,213,0.4409292420031216,1.5183941974217094e-11,4.671860146410588,1.214802639480208,,,,,,,0.657258064516129,4.375210378751799e-05,32.0,0.5069894534505609,1.861304815276915e-06,79,0.23270547620867668,0.04033944631737584,78,,,,0.4378168585760845,1.891255101290981e-08,151.0,0.4641283271637581,0.00014487372389001413,62.0
Liver,detection,NFE2L2→HMOX1,NFE2L2,HMOX1,213,0.34202079589162804,3.097318691610832e-07,4.671860146410588,5.484534143841882,,,,,,,0.6796810586698375,1.88344739510226e-05,32.0,0.33178349298311816,0.002816793825673242,79,0.2768388373633491,0.01414103741575847,78,,,,0.38522978094164734,1.0379887962808787e-06,151.0,0.16590070637544777,0.19751280384203895,62.0
Liver,housekeeping,ACTB↔GAPDH,ACTB,GAPDH,213,0.7535347144461892,2.653632894722801e-40,9.60159751283171,9.037182250493009,,,,,,,0.8237558461872304,6.981731797639883e-09,32.0,0.6933300876338852,1.4255550269050214e-12,79,0.7397033346400435,1.0290027948468101e-14,78,,,,0.7614700643792126,7.508585530452299e-30,151.0,0.7492382463297322,2.4798562475188695e-12,62.0
Liver,housekeeping,RPL13A↔RPS18,RPL13A,RPS18,213,0.8268085263593825,1.2419436320727898e-54,9.835872202412064,9.69716123795845,,,,,,,0.719941348973607,3.404475414054654e-06,32.0,0.8424832186330466,2.2111713781122277e-22,79,0.8114065315833531,2.1020367423563066e-19,78,,,,0.8306106781762889,1.0217577025934352e-39,151.0,0.8311004787324257,6.288335124228952e-17,62.0
Liver,housekeeping,HPRT1↔TBP,HPRT1,TBP,213,0.30775372921427974,4.724728387841421e-06,3.6735321087456647,2.835636382371607,,,,,,,0.5238269794721407,0.002091174946593661,32.0,0.33421779719811595,0.002609748668376336,79,0.23982346767156892,0.03444392995941495,78,,,,0.32344921876033433,5.099380987489397e-05,151.0,0.19576686268408183,0.12728494414574595,62.0
Liver,housekeeping,B2M↔PPIA,B2M,PPIA,213,0.6772316418391234,6.148009063391997e-30,9.40085402117089,6.859464014080209,,,,,,,0.6726539589442815,2.471682238247735e-05,32.0,0.7654444211315459,2.1276962527761578e-16,79,0.5540661869775794,1.421910144058431e-07,78,,,,0.6715868284106737,3.8064540278178356e-21,151.0,0.6932336128528619,4.2524428351725733e-10,62.0
Liver,hormone,ESR1→PGR,ESR1,PGR,213,0.2126411035640734,0.0018029753661828372,1.9024681672104087,0.1934914126283896,,,,,,,0.031524926686217,0.8640042696124455,32.0,0.2209604488870572,0.05035962952623693,79,0.2703751944258273,0.01666074125892505,78,,,,0.22527903910695127,0.005417270671789847,151.0,0.21694240890433383,0.0903263904617806,62.0
Liver,hormone,AR→KLK3,AR,KLK3,213,0.06931024585531943,0.31402674170886524,3.8153592991716985,0.2557611689496208,,,,,,,0.055453637371109775,0.7630755136137102,32.0,-0.010740062888058951,0.925156103795712,79,0.17197592810983223,0.13217761642834935,78,,,,0.03660520925190163,0.6554353949555078,151.0,0.1398599921943294,0.27828215954848157,62.0
Liver,hormone,AR→SMAD3,AR,SMAD3,213,-0.22819728093918087,0.0007930423905535949,3.8153592991716985,3.548955327468299,,,,,,,0.10557184750733135,0.5652540068582357,32.0,-0.2384140218526944,0.034352589879489005,79,-0.1781773807075456,0.1185872282015086,78,,,,-0.21060258559724138,0.009442557784364149,151.0,-0.3333123481459361,0.008114722071285786,62.0
Brain - Frontal Cortex (BA9),production,SMAD3→COL1A1,SMAD3,COL1A1,200,0.2475697389880163,0.000408701582254592,3.8008493596315382,0.9598206947743892,,,,,,,,,,0.2950101358816592,0.019927781965878678,62,0.24619529279519464,0.010581449304502066,107,,,,0.24257455980798612,0.002972930042787799,148.0,0.2446906149839143,0.0804154040126872,52.0
Brain - Frontal Cortex (BA9),production,SMAD3→COL3A1,SMAD3,COL3A1,200,0.21216644084812064,0.0025605505907382374,3.8008493596315382,0.8558097415789961,,,,,,,,,,0.32767152267111815,0.00932822961065475,62,0.17744850726376818,0.06747121872858886,107,,,,0.20578637678673115,0.012100901975153228,148.0,0.22338904190698247,0.1114043941638159,52.0
Brain - Frontal Cortex (BA9),production,SMAD3→FN1,SMAD3,FN1,200,0.2509701565312166,0.0003376614308047914,3.8008493596315382,4.147281079292298,,,,,,,,,,0.4288034651124962,0.0005064872526045574,62,0.16252926712187857,0.09440412080618922,107,,,,0.18396357376993175,0.025209638246802276,148.0,0.3843247743719785,0.004908853692555557,52.0
Brain - Frontal Cortex (BA9),production,SMAD3→SERPINE1,SMAD3,SERPINE1,200,0.1815237633807637,0.010098148230152322,3.8008493596315382,1.3663193745911122,,,,,,,,,,0.24280731798300964,0.057233762771957,62,0.20479047782567927,0.03434747906762354,107,,,,0.16462447410484843,0.04556237689494358,148.0,0.19636720672121524,0.16294698866837712,52.0
Brain - Frontal Cortex (BA9),production,ESR1→COL1A1,ESR1,COL1A1,200,0.231384565538365,0.000978580024773638,0.2229974736366421,0.9598206947743892,,,,,,,,,,0.2624276001839411,0.03934395300515775,62,0.22366284523383864,0.020567442388613383,107,,,,0.2210586129608635,0.0069343963169150435,148.0,0.21971782891175978,0.1175628361921385,52.0
Brain - Frontal Cortex (BA9),production,ESR1→ELN,ESR1,ELN,200,0.42308191360692016,4.3375675951496006e-10,0.2229974736366421,2.555025205016136,,,,,,,,,,0.506799295048634,2.63160109272166e-05,62,0.42088609145012373,6.359793478724712e-06,107,,,,0.3789217478218634,2.044142128611342e-06,148.0,0.5774476533299737,7.400802704798987e-06,52.0
Brain - Frontal Cortex (BA9),production,AR→COL1A1,AR,COL1A1,200,0.12048005718145947,0.08925115343860573,0.6765630447492004,0.9598206947743892,,,,,,,,,,0.11087607967565662,0.3909358356798853,62,0.15921158329904583,0.10141752785346002,107,,,,0.1054040222221234,0.20231719354218575,148.0,0.07717920259540681,0.5865582593865573,52.0
Brain - Frontal Cortex (BA9),production,SOX9→ACAN,SOX9,ACAN,200,-0.12702481852339284,0.07306732892402232,5.1336006939411165,0.5222836114373058,,,,,,,,,,-0.12951071491526275,0.31574112575453445,62,-0.10746220405556449,0.2705767520121062,107,,,,-0.15427186415775657,0.06119158412021268,148.0,-0.08657047724750278,0.5417024255444376,52.0
Brain - Frontal Cortex (BA9),production,SOX9→COL2A1,SOX9,COL2A1,200,-0.02004803127282873,0.7781174433909932,5.1336006939411165,0.18242117113433778,,,,,,,,,,-0.15398756012188058,0.2321000921700632,62,0.029124858257641027,0.7658600214310161,107,,,,-0.006685502805526362,0.9357251250492185,148.0,-0.052761888499957305,0.7102789801248247,52.0
Brain - Frontal Cortex (BA9),production,PPARG→FABP4,PPARG,FABP4,200,0.09588489882033666,0.17681343461433682,1.6399324917793274,1.1230047664046288,,,,,,,,,,0.04152554110702997,0.7486223109910123,62,0.08028684017843829,0.4110386669850232,107,,,,0.07289271082149479,0.37862580697353054,148.0,0.15538622444896164,0.2713473196005406,52.0
Brain - Frontal Cortex (BA9),production,PPARG→ADIPOQ,PPARG,ADIPOQ,200,0.21010502187242086,0.0028254845340294926,1.6399324917793274,0.15593441364821048,,,,,,,,,,0.019834502945928402,0.8783874898959079,62,0.2448687546483257,0.011021516061392038,107,,,,0.24671714749293355,0.002503934556382267,148.0,0.0927599429437916,0.5130773083406889,52.0
Brain - Frontal Cortex (BA9),production,RUNX2→SPP1,RUNX2,SPP1,200,0.4331184776396574,1.4968240299226665e-10,0.8531307868286967,6.412561299800873,,,,,,,,,,0.5360479464128327,7.1160690988357325e-06,62,0.41337607852961644,9.62743793038285e-06,107,,,,0.3990645478634291,5.061079285044831e-07,148.0,0.5061578195855325,0.00012907307741603525,52.0
Brain - Frontal Cortex (BA9),production,FOXO1→PCK1,FOXO1,PCK1,200,0.1593575327337034,0.024199124735658373,2.472130749821663,0.6614103903342038,,,,,,,,,,0.12460337446487031,0.33458071480112095,62,0.18071073449095051,0.06250486394343839,107,,,,0.13373053993073875,0.10514749669286645,148.0,0.11457599626950907,0.41862830560840336,52.0
Brain - Frontal Cortex (BA9),production,HNF4A→ALB,HNF4A,ALB,200,0.10627035601582538,0.1342075858347221,0.3172887004632503,1.1983539781533181,,,,,,,,,,0.024502027146130794,0.8500683759226685,62,0.148592980823394,0.12663735364229445,107,,,,0.07613558330708821,0.3577234429914312,148.0,0.19747289336634508,0.16054450218443217,52.0
Brain - Frontal Cortex (BA9),detection,RELA→ICAM1,RELA,ICAM1,200,0.6919335749425748,7.87774181514638e-30,4.158074016571045,1.8886191058158874,,,,,,,,,,0.7189786077300258,4.659196644783899e-11,62,0.6592539981876516,1.1592265688639589e-14,107,,,,0.6717995892824037,9.09673504766682e-21,148.0,0.7553146077008451,9.775698230686927e-11,52.0
Brain - Frontal Cortex (BA9),detection,RELA→IL6,RELA,IL6,200,0.4669161490296795,3.1858880821967924e-12,4.158074016571045,1.1098882470838725,,,,,,,,,,0.5858651994269569,5.662011349757722e-07,62,0.41516882964335616,8.728055431712772e-06,107,,,,0.41307695582685194,1.8124180963829986e-07,148.0,0.5703064970545546,1.0158735679287603e-05,52.0
Brain - Frontal Cortex (BA9),detection,RELA→CCL2,RELA,CCL2,200,0.5778705138848935,3.2748179362833504e-19,4.158074016571045,1.7825052785128355,,,,,,,,,,0.5263343448623609,1.1135927269713703e-05,62,0.5543666469937838,5.830175185383998e-10,107,,,,0.4784538485832491,7.729197659015956e-10,148.0,0.7912575770511396,2.9263562444426286e-12,52.0
Brain - Frontal Cortex (BA9),detection,RELA→NFKBIA,RELA,NFKBIA,200,0.7653101136440039,9.592280376464653e-40,4.158074016571045,5.531610072851181,,,,,,,,,,0.7490462220913319,2.5297327626169277e-12,62,0.7421028140383532,5.941771001544465e-20,107,,,,0.76967598698886,3.0041590592510877e-30,148.0,0.7513019721676768,1.393392786863352e-10,52.0
Brain - Frontal Cortex (BA9),detection,NFKB1→TNF,NFKB1,TNF,200,0.3932225857255103,8.417869047705841e-09,2.435314502120018,0.22344992870464922,,,,,,,,,,0.5192866504700515,1.5280280598943328e-05,62,0.3362030245527583,0.000399357998385692,107,,,,0.326593170981525,5.0967220627090885e-05,148.0,0.5569521737729329,1.8015435954351608e-05,52.0
Brain - Frontal Cortex (BA9),detection,HIF1A→VEGFA,HIF1A,VEGFA,200,0.34731098519082426,4.6878594064300446e-07,4.790702068805695,4.3680672746896745,,,,,,,,,,0.37425869735153383,0.0027294453111317714,62,0.3371449703789829,0.0003836975674601329,107,,,,0.3208090746979399,7.028634401754307e-05,148.0,0.4074105694527448,0.00272029673984902,52.0
Brain - Frontal Cortex (BA9),detection,HIF1A→SLC2A1,HIF1A,SLC2A1,200,0.5026657631410645,3.335345461856426e-14,4.790702068805695,5.686273856163025,,,,,,,,,,0.6322760983112846,3.5452680572660503e-08,62,0.4335312212229864,3.092695180661826e-06,107,,,,0.4110400151042355,2.1103841417232338e-07,148.0,0.6958080764962008,1.0289745020371665e-08,52.0
Brain - Frontal Cortex (BA9),detection,TP53→CDKN1A,TP53,CDKN1A,200,0.6127591370405566,5.269230934325917e-22,2.108659072816372,3.958796036243439,,,,,,,,,,0.5477392629587682,4.0739016422106206e-06,62,0.6676348923746533,4.036196118903803e-15,107,,,,0.5029938678922244,7.268862077978839e-11,148.0,0.8313839323828225,2.3376715488558603e-14,52.0
Brain - Frontal Cortex (BA9),detection,TP53→MDM2,TP53,MDM2,200,0.35737547045036905,2.047663926138759e-07,2.108659072816372,2.727957453727722,,,,,,,,,,0.3267356651809322,0.009544121814310358,62,0.37522960496151936,6.823928170498944e-05,107,,,,0.26805732292603857,0.0009880661441193186,148.0,0.5661231110731666,1.2188336336544452e-05,52.0
Brain - Frontal Cortex (BA9),detection,ATF4→DDIT3,ATF4,DDIT3,200,0.7609646631022874,4.6472094591328645e-39,7.382631430625915,5.559548060894013,,,,,,,,,,0.6569377992513646,6.6850966757922246e-09,62,0.804024383376849,1.8887859717396815e-25,107,,,,0.7798079299102592,1.6862513713454076e-31,148.0,0.6918955840298819,1.3438550892854924e-08,52.0
Brain - Frontal Cortex (BA9),detection,XBP1→DNAJB1,XBP1,DNAJB1,200,0.6961395726986764,2.567558584762765e-30,4.479131573438645,6.384802615642547,,,,,,,,,,0.6205411667431366,7.45526125565008e-08,62,0.7092811379533298,1.2320345707154304e-17,107,,,,0.7304837272236544,5.913086615923716e-26,148.0,0.5726970033296337,9.144275955035457e-06,52.0
Brain - Frontal Cortex (BA9),detection,HSF1→HSPA1A,HSF1,HSPA1A,200,0.34103628746171366,7.744290317163341e-07,5.507641147375107,5.893799014091492,,,,,,,,,,0.35957291430585986,0.00410036078150244,62,0.36780967355715993,9.718819791482065e-05,107,,,,0.35631549917264205,8.797996478569099e-06,148.0,0.27951848373601973,0.04476714848731303,52.0
Brain - Frontal Cortex (BA9),detection,STAT1→IRF1,STAT1,IRF1,200,0.3521981256962128,3.14673953837521e-07,4.596227078437805,1.7554160641133785,,,,,,,,,,0.35297524615345877,0.004893547701894431,62,0.36530666725555244,0.0001092915588776158,107,,,,0.3235308271795573,6.047028169660302e-05,148.0,0.4422436608896098,0.0010286027188175912,52.0
Brain - Frontal Cortex (BA9),detection,NFE2L2→NQO1,NFE2L2,NQO1,200,0.7420987833506322,3.026453543741194e-36,4.595063909292221,4.324560632705689,,,,,,,,,,0.7124564032747676,8.345210905470258e-11,62,0.762419546028978,1.4323223742801764e-21,107,,,,0.7207675442886284,5.269660804789048e-25,148.0,0.7466917100657389,2.0767420597760445e-10,52.0
Brain - Frontal Cortex (BA9),detection,NFE2L2→HMOX1,NFE2L2,HMOX1,200,0.7752583729568232,2.2685416387572642e-41,4.595063909292221,2.9187458157539368,,,,,,,,,,0.683765203595981,9.062162867629261e-10,62,0.8372527601712433,2.748358873563767e-29,107,,,,0.7403876943250428,5.7554292284062686e-27,148.0,0.7981729702040468,1.37663107791111e-12,52.0
Brain - Frontal Cortex (BA9),housekeeping,ACTB↔GAPDH,ACTB,GAPDH,200,0.859235483434016,1.524446340003681e-59,10.427927470207214,10.525841574668885,,,,,,,,,,0.8511993972672622,1.9060552897923597e-18,62,0.8765441774451971,3.9995995920781156e-35,107,,,,0.870701087887392,7.602672178508995e-47,148.0,0.8371219399571806,1.0568432762395554e-14,52.0
Brain - Frontal Cortex (BA9),housekeeping,RPL13A↔RPS18,RPL13A,RPS18,200,0.8544522134032952,3.2469539727206134e-58,9.342955508232116,9.548289561271668,,,,,,,,,,0.9023809824313593,1.3153437630547943e-23,62,0.8240739833753847,1.1402622114219083e-27,107,,,,0.8271992374222108,2.24527699513031e-38,148.0,0.8885853325364979,1.5009287326319989e-18,52.0
Brain - Frontal Cortex (BA9),housekeeping,HPRT1↔TBP,HPRT1,TBP,200,0.808800179405696,1.5595757423846804e-47,6.524260277748108,3.2560470682382583,,,,,,,,,,0.7866082445669966,3.52604881042594e-14,62,0.7895746134710231,5.278573443768065e-24,107,,,,0.7915408805735531,4.9304989960316695e-33,148.0,0.8360725728002447,1.2247540145127325e-14,52.0
Brain - Frontal Cortex (BA9),housekeeping,B2M↔PPIA,B2M,PPIA,200,-0.07552370452041815,0.2878315792296061,7.70771053314209,8.132499742507935,,,,,,,,,,0.005137245028070625,0.9683899119448159,62,-0.10670017119927105,0.27400864659149615,107,,,,-0.05536537128506783,0.5039097391637268,148.0,-0.03389396397165542,0.8114623707427027,52.0
Brain - Frontal Cortex (BA9),hormone,ESR1→PGR,ESR1,PGR,200,0.2869439474509345,3.7964664748542234e-05,0.2229974736366421,0.3523856408894062,,,,,,,,,,0.5795517503726341,7.987988666436092e-07,62,0.21293135117925105,0.02766342635817014,107,,,,0.22452024165605478,0.006081353012934581,148.0,0.543094983991462,3.182308809156601e-05,52.0
Brain - Frontal Cortex (BA9),hormone,AR→KLK3,AR,KLK3,200,0.01704040074112712,0.8107221395147339,0.6765630447492004,0.12226441528182477,,,,,,,,,,-0.06303522224674535,0.626454405636192,62,-0.01256263327626445,0.8978105678986481,107,,,,-0.016839657837801475,0.8390250948824616,148.0,0.15181561147263115,0.28264882817104836,52.0
Brain - Frontal Cortex (BA9),hormone,AR→SMAD3,AR,SMAD3,200,0.5446423046770528,7.635221194221177e-17,0.6765630447492004,3.8008493596315382,,,,,,,,,,0.41988894628175716,0.0006802607262485617,62,0.5976047610955578,1.0796537126872486e-11,107,,,,0.5353642295907266,2.3768593573518828e-12,148.0,0.5815884400803993,6.137921582115477e-06,52.0
Brain - Cerebellar Hemisphere,production,SMAD3→COL1A1,SMAD3,COL1A1,198,0.23596774517700422,0.0008177239486620798,2.2217637216201935,1.1252474526714797,,,,,,,,,,0.32550883256528423,0.009235179435164043,63,0.1489976853827756,0.13307005167217342,103,,,,0.2079524740505672,0.011489121934545854,147.0,0.29972850678733026,0.032612582566621424,51.0
Brain - Cerebellar Hemisphere,production,SMAD3→COL3A1,SMAD3,COL3A1,198,0.17575283248210422,0.013259866766934518,2.2217637216201935,0.8893560063507822,,,,,,,,,,0.2480318740399386,0.04999406735493332,63,0.09835039318191803,0.3229741404422217,103,,,,0.1399428970267599,0.09092042497400765,147.0,0.2634389140271493,0.061785267291577246,51.0
Brain - Cerebellar Hemisphere,production,SMAD3→FN1,SMAD3,FN1,198,0.4210047882218165,6.574030113937518e-10,2.2217637216201935,3.385591888066494,,,,,,,,,,0.4725422427035331,9.213995668445864e-05,63,0.36733606805493924,0.0001351418047665119,103,,,,0.4009282311480271,4.84781121699249e-07,147.0,0.4374307112140189,0.0013281169258698242,51.0
Brain - Cerebellar Hemisphere,production,SMAD3→SERPINE1,SMAD3,SERPINE1,198,0.2907234074131055,3.2522772785313265e-05,2.2217637216201935,0.9845677559273411,,,,,,,,,,0.18850806451612903,0.13898667367254677,63,0.34366720024730935,0.0003791733714075841,103,,,,0.2886014116128297,0.00039265496574879846,147.0,0.28162895927601805,0.045274079361553546,51.0
Brain - Cerebellar Hemisphere,production,ESR1→COL1A1,ESR1,COL1A1,198,0.2971336034892459,2.1284267763366812e-05,0.8622898190762057,1.1252474526714797,,,,,,,,,,0.2642089093701997,0.03639932570125978,63,0.3242057401435038,0.0008350990605298048,103,,,,0.2937711916432909,0.00030454791727688613,147.0,0.3093212669683258,0.027194762793640786,51.0
Brain - Cerebellar Hemisphere,production,ESR1→ELN,ESR1,ELN,198,0.382380882076715,2.7097177572969235e-08,0.8622898190762057,6.088289755763429,,,,,,,,,,0.3371296218755377,0.006894635230961088,63,0.502774521084686,6.233395074139903e-08,103,,,,0.40826226163828516,2.8496855061232237e-07,147.0,0.2810859728506787,0.04570850748404561,51.0
Brain - Cerebellar Hemisphere,production,AR→COL1A1,AR,COL1A1,198,0.2699792957466824,0.00011978448755081931,0.2377514230708281,1.1252474526714797,,,,,,,,,,0.22216088424319927,0.08012213976892492,63,0.21897437446369955,0.026265132704709492,103,,,,0.2525243462107363,0.002030550939589451,147.0,0.31190750929949645,0.025870303601941987,51.0
Brain - Cerebellar Hemisphere,production,SOX9→ACAN,SOX9,ACAN,198,0.38485500832931635,2.1655109619835758e-08,4.081476928007723,0.1050481427686684,,,,,,,,,,0.43023786093176203,0.0004325075504664071,63,0.41010307354149034,1.69176737463077e-05,103,,,,0.3790144958204248,2.2022795055706768e-06,147.0,0.39366515837104066,0.00426282121519914,51.0
Brain - Cerebellar Hemisphere,production,SOX9→COL2A1,SOX9,COL2A1,198,0.24642721322634545,0.000465763791740188,4.081476928007723,0.1584195244982086,,,,,,,,,,0.37455745577254806,0.0024916911036180467,63,0.3400886863283097,0.00044012695408860564,103,,,,0.20183744473969945,0.01422448985730935,147.0,0.3750311093971024,0.006695711712867854,51.0
Brain - Cerebellar Hemisphere,production,PPARG→FABP4,PPARG,FABP4,198,0.07343112348981884,0.303896201618359,2.0125523682194526,1.0444174242591617,,,,,,,,,,0.25744356572953275,0.041655058067813854,63,0.0009225776163814022,0.9926205737979574,103,,,,0.07170489920525382,0.38810138930963567,147.0,0.061500169844146114,0.6681291688697809,51.0
Brain - Cerebellar Hemisphere,production,PPARG→ADIPOQ,PPARG,ADIPOQ,198,0.07058814783701478,0.32305094889442587,2.0125523682194526,0.14995174869575134,,,,,,,,,,0.2998117160638781,0.016976009449882444,63,-0.0054695916302398735,0.9562713222642932,103,,,,0.029889991286021395,0.7193082344307826,147.0,0.1612662519593808,0.2582491740717486,51.0
Brain - Cerebellar Hemisphere,production,RUNX2→SPP1,RUNX2,SPP1,198,0.6267933115669904,5.2050291695386585e-23,0.2335469355957225,5.226051441948823,,,,,,,,,,0.5939491401774211,2.8777897523202703e-07,63,0.6264548812008081,1.4674321531277005e-12,103,,,,0.5928703385390842,2.5465984691416845e-15,147.0,0.7143891402714931,3.935693318680602e-09,51.0
Brain - Cerebellar Hemisphere,production,FOXO1→PCK1,FOXO1,PCK1,198,0.2608995098148288,0.00020526921584045518,1.8153771740017515,0.48807832431236303,,,,,,,,,,0.21128805790761485,0.09645482972537826,63,0.3288111300677444,0.0006959982911160348,103,,,,0.2491740540599165,0.002338923609641945,147.0,0.2836327435630571,0.04369999832870625,51.0
Brain - Cerebellar Hemisphere,production,MYOD1→MYH2,MYOD1,MYH2,198,0.12168248082509033,0.08768554407353815,0.22691872085660997,0.23279519995317013,,,,,,,,,,-0.06811319683186788,0.5958191845595897,63,0.12947523079112902,0.19240836468537728,103,,,,0.10035155767715292,0.22652202971258975,147.0,0.2241450637490576,0.11382649149442338,51.0
Brain - Cerebellar Hemisphere,detection,RELA→ICAM1,RELA,ICAM1,198,0.21190697962038965,0.002726263629900139,5.164326383609964,1.0402431393211538,,,,,,,,,,0.23478302611367133,0.06399741712902987,63,0.21487721302113078,0.029281232450354532,103,,,,0.224581313728928,0.006244051361535528,147.0,0.2866968325791855,0.0413798191841596,51.0
Brain - Cerebellar Hemisphere,detection,RELA→IL6,RELA,IL6,198,0.11499039684890258,0.10670777095623268,5.164326383609964,0.6858636491715607,,,,,,,,,,0.1771380035748299,0.1648798470908353,63,0.016382681750755967,0.8695359779624083,103,,,,0.13729315878918716,0.09726847043335,147.0,0.17068259467252295,0.23110771101102434,51.0
Brain - Cerebellar Hemisphere,detection,RELA→CCL2,RELA,CCL2,198,0.2180181572936434,0.002031646236259318,5.164326383609964,0.8936214932061807,,,,,,,,,,0.2842261904761905,0.023971819736043832,63,0.21131996727445576,0.03213315897034167,103,,,,0.15909526656454523,0.05426212314916672,147.0,0.46552036199095015,0.0005768304683022123,51.0
Brain - Cerebellar Hemisphere,detection,RELA→NFKBIA,RELA,NFKBIA,198,0.6311585686122128,2.122186053832706e-23,5.164326383609964,5.740902527414187,,,,,,,,,,0.5981014557537039,2.2624650272635843e-07,63,0.6685959671396565,1.1892499921276169e-14,103,,,,0.6407086600046116,2.340844575784285e-18,147.0,0.59420814479638,4.285771421426099e-06,51.0
Brain - Cerebellar Hemisphere,detection,NFKB1→TNF,NFKB1,TNF,198,0.29524496501629627,2.414159452843205e-05,3.6479445238306063,0.1998694659765772,,,,,,,,,,0.40773707751963806,0.0009101708681126595,63,0.24482423433170683,0.01268741179572417,103,,,,0.31206805993948145,0.00011914868161129316,147.0,0.29468308663975196,0.035803902155139705,51.0
Brain - Cerebellar Hemisphere,detection,HIF1A→VEGFA,HIF1A,VEGFA,198,0.5617605977295058,7.294721760555911e-18,5.833946895117712,4.924258960617913,,,,,,,,,,0.5263536866359447,9.388260414493997e-06,63,0.6488819575627115,1.2427279052167165e-13,103,,,,0.49960615419577425,1.1799702975758879e-10,147.0,0.6967420814479637,1.3580762135204457e-08,51.0
Brain - Cerebellar Hemisphere,detection,HIF1A→SLC2A1,HIF1A,SLC2A1,198,0.36125369338683433,1.7064657125051112e-07,5.833946895117712,5.312070189100323,,,,,,,,,,0.3912777371361965,0.001519502681036219,63,0.4395577240432047,3.395771677054381e-06,103,,,,0.3630068285502184,6.220052670021939e-06,147.0,0.39199981910075987,0.004443006582270503,51.0
Brain - Cerebellar Hemisphere,detection,TP53→CDKN1A,TP53,CDKN1A,198,0.33912334017056955,1.0223908991374267e-06,1.6320597180212386,3.250475838328853,,,,,,,,,,0.32080453149001537,0.010363421049564265,63,0.3840683569188866,6.200979253138679e-05,103,,,,0.30727586636850857,0.00015326140439841379,147.0,0.3979185520361991,0.0038314389254881258,51.0
Brain - Cerebellar Hemisphere,detection,TP53→MDM2,TP53,MDM2,198,0.43850755763671734,1.0365762626184059e-10,1.6320597180212386,3.5823418347522464,,,,,,,,,,0.5362007512957079,5.9182890665418695e-06,63,0.4065347812373749,2.0345590261917834e-05,103,,,,0.33884971925382396,2.691105419180492e-05,147.0,0.6947511312217194,1.553135789307528e-08,51.0
Brain - Cerebellar Hemisphere,detection,ATF4→DDIT3,ATF4,DDIT3,198,0.7751000042523146,6.07096025585491e-41,8.093285818292637,6.065574720652417,,,,,,,,,,0.7250471036320834,1.8235523165628898e-11,63,0.8047028588494881,1.3165374181197897e-24,103,,,,0.7369116981788931,1.9583372108087141e-26,147.0,0.8622624434389139,4.353915177984046e-16,51.0
Brain - Cerebellar Hemisphere,detection,XBP1→DNAJB1,XBP1,DNAJB1,198,0.534218239834417,5.260556873685689e-16,5.005654479518081,6.571367950150461,,,,,,,,,,0.5084306407653079,2.0973050574431972e-05,63,0.5937683618700972,3.830035717748953e-11,103,,,,0.48592730556416536,4.405045947331309e-10,147.0,0.6645248868778281,1.0524748539145537e-07,51.0
Brain - Cerebellar Hemisphere,detection,HSF1→HSPA1A,HSF1,HSPA1A,198,0.25387794413643505,0.0003072927958919237,6.153728039577754,6.315782244759377,,,,,,,,,,0.4152745775729647,0.0007134455155146412,63,0.18363783133997913,0.06333975999575166,103,,,,0.17557639071889145,0.033409251317666463,147.0,0.4535396729593578,0.0008304307240019525,51.0
Brain - Cerebellar Hemisphere,detection,STAT1→IRF1,STAT1,IRF1,198,0.3710750988448927,7.373629258640392e-08,4.667539571270798,2.357582485434985,,,,,,,,,,0.2758736559139785,0.028633780485916457,63,0.43131515868885584,5.404086200847637e-06,103,,,,0.32094651710057265,7.388253743181698e-05,147.0,0.44398190045248864,0.0011002664606617437,51.0
Brain - Cerebellar Hemisphere,detection,NFE2L2→NQO1,NFE2L2,NQO1,198,0.40530264088521645,3.1579724777133993e-09,5.283421565787961,2.6428611808353,,,,,,,,,,0.4631816436251921,0.00013202874654680744,63,0.44744457806845583,2.15209133867757e-06,103,,,,0.38012402884057783,2.045122985056724e-06,147.0,0.45656108597285067,0.0007584616561275811,51.0
Brain - Cerebellar Hemisphere,detection,NFE2L2→HMOX1,NFE2L2,HMOX1,198,0.3303469250275331,2.0034010537208946e-06,5.283421565787961,1.8201087327918621,,,,,,,,,,0.3402018553655042,0.006370310200722017,63,0.35919880287336287,0.00019443669897867502,103,,,,0.27501496997504693,0.0007485221082124259,147.0,0.5074208144796379,0.00014447333724796713,51.0
Brain - Cerebellar Hemisphere,housekeeping,ACTB↔GAPDH,ACTB,GAPDH,198,0.8105809005948323,1.9907237221624148e-47,10.157152301133282,10.128642048498596,,,,,,,,,,0.7726279914857871,1.1975687008836586e-13,63,0.8213903273458135,2.2578677805944567e-26,103,,,,0.7869623528981342,3.2674441520131807e-32,147.0,0.8474399875469273,4.451492192362905e-15,51.0
Brain - Cerebellar Hemisphere,housekeeping,RPL13A↔RPS18,RPL13A,RPS18,198,0.8641036700910438,2.3898716518661677e-60,10.350620655098346,9.969445662064986,,,,,,,,,,0.8687052949930391,2.850648605349906e-20,63,0.855900208663886,1.0946183174933033e-30,103,,,,0.8398721917238083,2.60623587167116e-40,147.0,0.9250644825557717,3.06047150669611e-22,51.0
Brain - Cerebellar Hemisphere,housekeeping,HPRT1↔TBP,HPRT1,TBP,198,0.5605086826933668,8.937733549661296e-18,6.09462305752918,4.4247433224109685,,,,,,,,,,0.5325940860215054,7.019764736934833e-06,63,0.5346798351650216,5.9704647224291e-09,103,,,,0.5138507687142468,2.8093587885078954e-11,147.0,0.6549321266968327,1.8471520791264055e-07,51.0
Brain - Cerebellar Hemisphere,housekeeping,B2M↔PPIA,B2M,PPIA,198,0.24290604507802413,0.0005644637756084941,7.345965924889151,7.896811721300838,,,,,,,,,,0.34193409029843197,0.006090378515124853,63,0.2867066624576643,0.0033231728401092696,103,,,,0.29259142774085284,0.00032286646108210305,147.0,0.15991312024726834,0.26231836933579133,51.0
Brain - Cerebellar Hemisphere,hormone,ESR1→PGR,ESR1,PGR,198,0.25051982846054777,0.0003712195298712848,0.8622898190762057,0.2621249594923222,,,,,,,,,,0.387149423384054,0.0017209758348726467,63,0.2250423522895193,0.0222860774936468,103,,,,0.24623815154730233,0.00264339785408978,147.0,0.28696832579185516,0.04117921041687244,51.0
Brain - Cerebellar Hemisphere,hormone,AR→KLK3,AR,KLK3,198,-0.04681722579225873,0.512490317580224,0.2377514230708281,0.1714816491985035,,,,,,,,,,-0.13334289435902927,0.2974841242709092,63,-0.02059334156358281,0.8364231748005694,103,,,,-0.05522480973311862,0.5064621655564278,147.0,-0.024988916384710486,0.8618186920499454,51.0
Brain - Cerebellar Hemisphere,hormone,AR→SMAD3,AR,SMAD3,198,0.718060780146282,1.1119202084405059e-32,0.2377514230708281,2.2217637216201935,,,,,,,,,,0.7604497942391187,4.837785769770416e-13,63,0.7123072529982868,3.264520172438707e-17,103,,,,0.7047844282480578,2.242021452661657e-23,147.0,0.7382067469479161,6.3396286072004e-10,51.0
Brain - Putamen (basal ganglia),production,SMAD3→COL1A1,SMAD3,COL1A1,193,0.7294674539437591,2.4745143605578828e-33,3.517250743554664,1.841576140933704,,,,,,,,,,0.7122096201355401,2.881462912205893e-11,65,0.7404278651092618,2.9681626772226197e-18,98,,,,0.7047540531629704,1.1278635850117465e-23,149.0,0.7534883720930231,3.580733609978248e-09,44.0
Brain - Putamen (basal ganglia),production,SMAD3→COL3A1,SMAD3,COL3A1,193,0.23413582719915105,0.0010481852502749005,3.517250743554664,0.9014243333759703,,,,,,,,,,0.45722153029996226,0.00012872158346645597,65,0.15929384087273352,0.11718076386140841,98,,,,0.20747490467984314,0.011119700958877252,149.0,0.32656800563777305,0.030498825947999485,44.0
Brain - Putamen (basal ganglia),production,SMAD3→FN1,SMAD3,FN1,193,0.4169791651888254,1.6168605421795846e-09,3.517250743554664,4.553195500003241,,,,,,,,,,0.37596975467357574,0.0020256712997811697,65,0.4508710690343125,3.1786567664466475e-06,98,,,,0.3789061260029039,1.887704277024588e-06,149.0,0.5501057082452431,0.00010958792378793816,44.0
Brain - Putamen (basal ganglia),production,SMAD3→SERPINE1,SMAD3,SERPINE1,193,0.34494201640033,8.988719524131374e-07,3.517250743554664,1.298887847155487,,,,,,,,,,0.3441727311296294,0.00499608064282249,65,0.3049959196164439,0.002260581472354822,98,,,,0.36227593787811413,5.622951866251687e-06,149.0,0.27188160676532763,0.07420624987967295,44.0
Brain - Putamen (basal ganglia),production,ESR1→COL1A1,ESR1,COL1A1,193,0.6682484213058876,2.4929374562441512e-26,0.1438505428992791,1.841576140933704,,,,,,,,,,0.7164335664335665,1.943663816367098e-11,65,0.639028619882817,1.43481588157639e-12,98,,,,0.6197867398517147,3.5310184526523803e-17,149.0,0.7732205778717406,7.668462588743443e-10,44.0
Brain - Putamen (basal ganglia),production,ESR1→ELN,ESR1,ELN,193,0.4451834133044441,8.761052112643189e-11,0.1438505428992791,2.3052125349254804,,,,,,,,,,0.4541083916083916,0.0001449612132725293,65,0.48772541656686985,3.5116919667455473e-07,98,,,,0.4333436725691006,3.385706893529641e-08,149.0,0.4840028188865398,0.0008723687989310514,44.0
Brain - Putamen (basal ganglia),production,AR→COL1A1,AR,COL1A1,193,0.5025364272350102,9.566514370590926e-14,0.5877228711244356,1.841576140933704,,,,,,,,,,0.5015297202797203,2.0828410931365536e-05,65,0.540092700622892,9.494092000431542e-09,98,,,,0.48197620528968843,4.862904192276128e-10,149.0,0.5223396758280479,0.00027589018714689145,44.0
Brain - Putamen (basal ganglia),production,SOX9→ACAN,SOX9,ACAN,193,0.20143305456798374,0.004968471035588458,5.09777470697393,0.27913945650807315,,,,,,,,,,0.1477507402922586,0.2401744225698495,65,0.19036264409241327,0.06044654429565772,98,,,,0.1425511112894087,0.08286986389313458,149.0,0.4714587737843552,0.001236050233320896,44.0
Brain - Putamen (basal ganglia),production,PPARG→FABP4,PPARG,FABP4,193,0.3463657449342781,8.047865280665148e-07,0.8156030230185528,1.063707902564286,,,,,,,,,,0.4744318181818181,6.535181294821731e-05,65,0.22443879144910067,0.026300263945512298,98,,,,0.33493138012692786,2.9776774496602208e-05,149.0,0.3603946441155743,0.0162549609162793,44.0
Brain - Putamen (basal ganglia),production,PPARG→ADIPOQ,PPARG,ADIPOQ,193,0.20983712718214706,0.003401716917939066,0.8156030230185528,0.10401687284670963,,,,,,,,,,0.270601302269746,0.02924426885458408,65,0.1287416018986602,0.2064492505453153,98,,,,0.1652179559834107,0.0440496799400416,149.0,0.3699914085231404,0.013435328876452303,44.0
Brain - Putamen (basal ganglia),production,RUNX2→SPP1,RUNX2,SPP1,193,0.7983956819797574,6.006773540034522e-44,0.5485144916130471,7.116392369097379,,,,,,,,,,0.7928758741258741,3.512175802064271e-15,65,0.7902275125399972,3.915789216819023e-22,98,,,,0.7895341634344717,5.606165474884498e-33,149.0,0.7639182522903454,1.6152929788019064e-09,44.0
Brain - Putamen (basal ganglia),production,FOXO1→PCK1,FOXO1,PCK1,193,0.06388474821858063,0.3774243428016406,3.0091095239387275,0.8829607888284124,,,,,,,,,,0.005944120893284179,0.962518352904269,65,0.13576752162908273,0.1825428574240997,98,,,,0.010047188592061293,0.9032064940912822,149.0,0.24087385482734322,0.11524036129340048,44.0
Brain - Putamen (basal ganglia),detection,RELA→ICAM1,RELA,ICAM1,193,0.6459310196330291,3.5709458713037626e-24,3.9575258487246816,1.8874317138923882,,,,,,,,,,0.6966346153846155,1.1605846417896086e-10,65,0.5843483915832721,2.671031091681328e-10,98,,,,0.6676885012813847,1.4075032749990848e-20,149.0,0.5829662782434577,3.2893129084302334e-05,44.0
Brain - Putamen (basal ganglia),detection,RELA→IL6,RELA,IL6,193,0.3445009542272859,9.3009053202443e-07,3.9575258487246816,1.1399201382472726,,,,,,,,,,0.42308616894213125,0.00044593463657636415,65,0.2326174483819133,0.021168585216014963,98,,,,0.37516790274955025,2.4254346651474646e-06,149.0,0.22389795285051556,0.14400530782785886,44.0
Brain - Putamen (basal ganglia),detection,RELA→CCL2,RELA,CCL2,193,0.5600948637863418,2.480333690519002e-17,3.9575258487246816,1.8762401788654723,,,,,,,,,,0.6638111888111887,1.6693119619441364e-09,65,0.4734055270623016,8.522614525628414e-07,98,,,,0.5580204499653633,1.4317057871095719e-13,149.0,0.6222206565052572,6.510708702544221e-06,44.0
Brain - Putamen (basal ganglia),detection,RELA→NFKBIA,RELA,NFKBIA,193,0.7068597273445796,1.5484545091790064e-30,3.9575258487246816,5.302880268640469,,,,,,,,,,0.7059157763000374,5.1147584877065685e-11,65,0.6645839576282528,8.558264100086063e-14,98,,,,0.6865183916817768,4.296460850013867e-22,149.0,0.7754325386258178,6.390460244835787e-10,44.0
Brain - Putamen (basal ganglia),detection,NFKB1→TNF,NFKB1,TNF,193,0.4962322735688994,2.157431243483067e-13,2.1572113046374346,0.23439854700986895,,,,,,,,,,0.49455738886338546,2.821409715094539e-05,65,0.47350684157011513,8.470508395302897e-07,98,,,,0.5350535411263562,2.0718210820770227e-12,149.0,0.3891434855775913,0.00903366625394774,44.0
Brain - Putamen (basal ganglia),detection,HIF1A→VEGFA,HIF1A,VEGFA,193,0.5185122742601349,1.1285296717772588e-14,4.422194341303771,3.8115436709606585,,,,,,,,,,0.540636814615704,3.3357328011931493e-06,65,0.4563094725791846,2.333375472666019e-06,98,,,,0.49341414903805103,1.621610267888366e-10,149.0,0.5930650503911479,2.2125801567913867e-05,44.0
Brain - Putamen (basal ganglia),detection,HIF1A→SLC2A1,HIF1A,SLC2A1,193,0.49007420662526746,4.699076551662826e-13,4.422194341303771,5.836284198909226,,,,,,,,,,0.39502179877575305,0.001127921033748285,65,0.5278868713766373,2.3276151098423383e-08,98,,,,0.45572267630285856,5.216961231372768e-09,149.0,0.5982592765967978,1.794933189264431e-05,44.0
Brain - Putamen (basal ganglia),detection,TP53→CDKN1A,TP53,CDKN1A,193,0.495537256853384,2.357397770049893e-13,2.146526122031434,3.770093468495601,,,,,,,,,,0.4195804195804196,0.0005029715955578803,65,0.5142844391739825,6.07012945982752e-08,98,,,,0.47970339144535923,6.019950823570893e-10,149.0,0.532628611698379,0.00019778863592536197,44.0
Brain - Putamen (basal ganglia),detection,TP53→MDM2,TP53,MDM2,193,0.5633585696510136,1.4787155519178198e-17,2.146526122031434,2.359358233800206,,,,,,,,,,0.5419639637994399,3.1219125318277574e-06,65,0.5618797757099863,1.7476688052773303e-09,98,,,,0.5514163379732124,3.1525022415358075e-13,149.0,0.5954897815362931,2.0076363008693565e-05,44.0
Brain - Putamen (basal ganglia),detection,ATF4→DDIT3,ATF4,DDIT3,193,0.8620617992278331,2.81094945547878e-58,6.547230992292493,5.3312169739619435,,,,,,,,,,0.8693903869526859,5.901545355344492e-21,65,0.8395288417135695,3.538124045237672e-27,98,,,,0.8728916782684448,1.1538379004850405e-47,149.0,0.8245243128964058,6.021298551551336e-12,44.0
Brain - Putamen (basal ganglia),detection,XBP1→DNAJB1,XBP1,DNAJB1,193,0.5819613125833188,6.935049328050046e-19,3.8338771199932986,5.819989436648671,,,,,,,,,,0.4172202797202797,0.0005450259617825233,65,0.6381572026542082,1.5723120389280986e-12,98,,,,0.5636280196954183,7.224120151222111e-14,149.0,0.6381959126145171,3.1551855720260154e-06,44.0
Brain - Putamen (basal ganglia),detection,HSF1→HSPA1A,HSF1,HSPA1A,193,0.2552236109009158,0.00034077027605513785,4.781716449273065,5.883171548497492,,,,,,,,,,0.21678321678321677,0.08282196258302489,65,0.2815910945628889,0.0049708009652580255,98,,,,0.243852003683125,0.002727398116951618,149.0,0.3174066243833686,0.03577687009679242,44.0
Brain - Putamen (basal ganglia),detection,STAT1→IRF1,STAT1,IRF1,193,0.5934932342911872,9.414847737744515e-20,3.916420789580271,1.889455003133092,,,,,,,,,,0.5763115623261044,5.070246120376255e-07,65,0.5461274609924318,6.013194738395107e-09,98,,,,0.5382207082195112,1.4504657497481483e-12,149.0,0.7729386892177589,7.847564300850925e-10,44.0
Brain - Putamen (basal ganglia),detection,NFE2L2→NQO1,NFE2L2,NQO1,193,0.5930370465579592,1.0204235426770178e-19,4.544068314250887,4.928407168758966,,,,,,,,,,0.5252622377622378,7.042603378801495e-06,65,0.5753340814153451,5.772615184865497e-10,98,,,,0.6355383114032701,3.1309497330655784e-18,149.0,0.45623678646934457,0.0018542667043330743,44.0
Brain - Putamen (basal ganglia),detection,NFE2L2→HMOX1,NFE2L2,HMOX1,193,0.611434783425656,3.57630121843535e-21,4.544068314250887,3.2282470501766305,,,,,,,,,,0.6661713286713287,1.3935044127845604e-09,65,0.5921682637441106,1.342547440395447e-10,98,,,,0.6367288894058896,2.5922201838144635e-18,149.0,0.5461592670894997,0.00012557677239711477,44.0
Brain - Putamen (basal ganglia),housekeeping,ACTB↔GAPDH,ACTB,GAPDH,193,0.9445082006211242,2.757798015369212e-94,9.825304490914617,9.717506749642327,,,,,,,,,,0.9448863636363637,2.9798687834447944e-32,65,0.9456768792864046,1.2248110520604722e-48,98,,,,0.9367791437476362,6.443541359555027e-69,149.0,0.9515151515151515,4.0163029551667445e-23,44.0
Brain - Putamen (basal ganglia),housekeeping,RPL13A↔RPS18,RPL13A,RPS18,193,0.9360646235268079,1.3751958831598275e-88,9.299370837335141,9.327923507888082,,,,,,,,,,0.9380886822319175,1.0481476348232969e-30,65,0.9368399241348866,1.3776483857653063e-45,98,,,,0.9280262217530266,6.421346786375681e-65,149.0,0.9506325105447292,5.815922535222431e-23,44.0
Brain - Putamen (basal ganglia),housekeeping,HPRT1↔TBP,HPRT1,TBP,193,0.8481876708116355,1.3199635400947447e-54,4.540936285967654,2.6610834332945434,,,,,,,,,,0.8004764092035808,1.224757574361053e-15,65,0.8530178706909192,7.311232781262083e-29,98,,,,0.8419224413626066,3.2024772835897513e-41,149.0,0.884707540521494,1.6450262907714286e-15,44.0
Brain - Putamen (basal ganglia),housekeeping,B2M↔PPIA,B2M,PPIA,193,0.5010138635776988,1.1660545859921818e-13,8.00749242367522,7.184755458732961,,,,,,,,,,0.45546328671328673,0.00013767505998690455,65,0.5175614763243628,4.8369182400578576e-08,98,,,,0.47423391949723515,9.99781832184633e-10,149.0,0.5961945031712473,1.9514244744222545e-05,44.0
Brain - Putamen (basal ganglia),hormone,ESR1→PGR,ESR1,PGR,193,0.41256597202084644,2.4913404962432103e-09,0.1438505428992791,0.3943638836318347,,,,,,,,,,0.219493006993007,0.0789578497120168,65,0.5339993688203939,1.4921273354981333e-08,98,,,,0.3910287921036295,8.194418180025419e-07,149.0,0.4149400986610288,0.005099981317435174,44.0
Brain - Putamen (basal ganglia),hormone,AR→SMAD3,AR,SMAD3,193,0.6593230587929193,1.9099183830716184e-25,0.5877228711244356,3.517250743554664,,,,,,,,,,0.7109858171675256,3.2254243464776965e-11,65,0.6246601019486818,6.2566675852346565e-12,98,,,,0.6146838914716859,7.519852945078094e-17,149.0,0.7995771670190274,7.567162669309435e-11,44.0
Brain - Hypothalamus,production,SMAD3→COL1A1,SMAD3,COL1A1,188,0.3985734274452267,1.470030790621293e-08,2.761781140210781,1.2976418592511338,,,,,,,,,,0.4102672133545738,0.0015263401452813388,57,0.3645045084677863,0.00015354781309760422,103,,,,0.40672778091814366,6.748676488094962e-07,139.0,0.36429500764424444,0.010072498463917222,49.0
Brain - Hypothalamus,production,SMAD3→COL3A1,SMAD3,COL3A1,188,0.30374414511761105,2.2601659578489742e-05,2.761781140210781,1.1051928369288748,,,,,,,,,,0.18758406121307158,0.16232598773748838,57,0.37707987831564377,8.62990613394292e-05,103,,,,0.330439600828221,7.102271749508362e-05,139.0,0.20163265306122446,0.1647388991308161,49.0
Brain - Hypothalamus,production,SMAD3→FN1,SMAD3,FN1,188,0.4338177826892463,4.996955855719906e-10,2.761781140210781,4.1670585249332674,,,,,,,,,,0.32959554057557694,0.012291870740676229,57,0.43804537042630187,3.7013347033765547e-06,103,,,,0.44192705133659105,5.1444194457779786e-08,139.0,0.3906122448979592,0.0055222096309785265,49.0
Brain - Hypothalamus,production,SMAD3→SERPINE1,SMAD3,SERPINE1,188,0.2160062307407758,0.002908903762926665,2.761781140210781,2.0313495855699193,,,,,,,,,,0.23677728804770548,0.07617293911293915,57,0.19188643758973897,0.05216709665152549,103,,,,0.23043108639172613,0.00635196898664572,139.0,0.1551020408163265,0.28726418535471704,49.0
Brain - Hypothalamus,production,ESR1→COL1A1,ESR1,COL1A1,188,0.30619359307218424,1.9250650819056504e-05,0.7779170113041046,1.2976418592511338,,,,,,,,,,0.32188750794198806,0.014617137534763515,57,0.26999481064441555,0.00581337409853899,103,,,,0.33272412853261707,6.281709083885783e-05,139.0,0.2703130182771999,0.060315385486210696,49.0
Brain - Hypothalamus,production,ESR1→ELN,ESR1,ELN,188,0.4932256345906252,6.427881504664753e-13,0.7779170113041046,3.363513509009747,,,,,,,,,,0.5199157351620531,3.400120186104587e-05,57,0.5049971444888636,5.3345230327936395e-08,103,,,,0.49396303645630324,6.436601692268187e-10,139.0,0.5087755102040816,0.00018935482722609183,49.0
Brain - Hypothalamus,production,AR→COL1A1,AR,COL1A1,188,0.19160464886375977,0.008436561577936963,1.148283235530587,1.2976418592511338,,,,,,,,,,0.3086047642197375,0.019511027884388674,57,0.11882802911575872,0.23189337107332478,103,,,,0.18593630607448916,0.028415009600416624,139.0,0.22128115520351374,0.12651430498316196,49.0
Brain - Hypothalamus,production,SOX9→ACAN,SOX9,ACAN,188,0.27967200990804597,0.00010151347196937012,4.834588747075263,0.8304152844196304,,,,,,,,,,0.2657505833549391,0.04571575439477588,57,0.31425535478568895,0.0012261348161045722,103,,,,0.32820461261083267,8.001201110409779e-05,139.0,0.1243877551020408,0.3944635169957481,49.0
Brain - Hypothalamus,production,SOX9→COL2A1,SOX9,COL2A1,188,0.2897451804254525,5.503460648294604e-05,4.834588747075263,1.1048475461454685,,,,,,,,,,0.22653616800622248,0.09016519693902932,57,0.39364427372494326,3.894326639054229e-05,103,,,,0.30353402483539266,0.0002808173520243959,139.0,0.22693877551020405,0.11685798813141135,49.0
Brain - Hypothalamus,production,PPARG→FABP4,PPARG,FABP4,188,0.2068838785151376,0.004391007774187135,1.0643230424599444,1.3631143403497148,,,,,,,,,,0.2418330308529946,0.0699314491923076,57,0.13454948820454246,0.1754069437322379,103,,,,0.2426965488814116,0.003993440253257195,139.0,0.0860204081632653,0.5567407990673925,49.0
Brain - Hypothalamus,production,PPARG→ADIPOQ,PPARG,ADIPOQ,188,0.14056549655059483,0.05434873882827784,1.0643230424599444,0.1371382665969035,,,,,,,,,,0.12408945226245433,0.35775024326079585,57,0.06147646707363473,0.5373089544482537,103,,,,0.1893705871913115,0.025566902087406536,139.0,-0.05068470341021835,0.7294507338745324,49.0
Brain - Hypothalamus,production,RUNX2→SPP1,RUNX2,SPP1,188,0.4943862331215652,5.570112975409388e-13,1.0743588653809213,7.592303276062012,,,,,,,,,,0.5552242675654654,7.375434410442508e-06,57,0.48655980406692917,1.8785997095794438e-07,103,,,,0.4628327768204444,9.65833600415447e-09,139.0,0.6296938775510204,1.2517433020252231e-06,49.0
Brain - Hypothalamus,production,FOXO1→PCK1,FOXO1,PCK1,188,0.1971517349926992,0.006690920228590131,2.5852087228856186,1.0179831000401618,,,,,,,,,,0.25790770028519583,0.05275408947113528,57,0.19000733099655104,0.054557831314798834,103,,,,0.24415578032034568,0.003773154254591859,139.0,-0.0069899742363111325,0.9619814510413977,49.0
Brain - Hypothalamus,detection,RELA→ICAM1,RELA,ICAM1,188,0.7294667951987273,1.674699948413423e-32,4.132931051102091,2.001006452485602,,,,,,,,,,0.7464795580374356,2.6348551406492423e-11,57,0.7207354141089908,9.214531197100535e-18,103,,,,0.7333746669575767,1.0073846865512493e-24,139.0,0.7504273070632418,5.366069564597265e-10,49.0
Brain - Hypothalamus,detection,RELA→IL6,RELA,IL6,188,0.4853475479052558,1.6755760339547854e-12,4.132931051102091,1.3589520441724898,,,,,,,,,,0.5567240849202045,6.88493870663432e-06,57,0.42218762617136635,8.914424618364732e-06,103,,,,0.47996443086144835,2.24994331476028e-09,139.0,0.4676769222919537,0.0007032988029792899,49.0
Brain - Hypothalamus,detection,RELA→CCL2,RELA,CCL2,188,0.6460615030550216,1.3580872197361316e-23,4.132931051102091,2.4386996236887386,,,,,,,,,,0.8049780429181534,4.4691697260302485e-14,57,0.5386022043037404,4.398986914065947e-09,103,,,,0.608181581555347,2.0130211180932344e-15,139.0,0.6870073218389007,5.006067811660516e-08,49.0
Brain - Hypothalamus,detection,RELA→NFKBIA,RELA,NFKBIA,188,0.7442475982209108,1.949089194310499e-34,4.132931051102091,5.538653818850822,,,,,,,,,,0.6788961092466381,6.462191588324173e-09,57,0.7367120444593453,7.344166752284763e-19,103,,,,0.7538828471051616,9.128515799005487e-27,139.0,0.6788438482782454,8.2708407214462e-08,49.0
Brain - Hypothalamus,detection,NFKB1→TNF,NFKB1,TNF,188,0.4043034976768313,8.709171725836593e-09,2.382117733676383,0.2008701287645926,,,,,,,,,,0.45790916813467447,0.00034152600724768773,57,0.39614826594063474,3.440086840835999e-05,103,,,,0.3699741367995862,7.372047888565704e-06,139.0,0.49427804515166573,0.00030656761031902356,49.0
Brain - Hypothalamus,detection,HIF1A→VEGFA,HIF1A,VEGFA,188,0.540353446811171,1.2095308508432158e-15,4.876670761311308,4.192194702777456,,,,,,,,,,0.5736323567539539,3.095110184252041e-06,57,0.4761836772869461,3.695685958099733e-07,103,,,,0.5523417147416027,1.8038683871040652e-12,139.0,0.5124489795918368,0.00016701379347888338,49.0
Brain - Hypothalamus,detection,HIF1A→SLC2A1,HIF1A,SLC2A1,188,0.38692392123437735,4.134715037497054e-08,4.876670761311308,5.836049057067709,,,,,,,,,,0.384372316169148,0.0031575274864398713,57,0.4005645156861776,2.7574688352904703e-05,103,,,,0.3577432313482781,1.534928399020909e-05,139.0,0.4765306122448979,0.0005374582502346331,49.0
Brain - Hypothalamus,detection,TP53→CDKN1A,TP53,CDKN1A,188,0.442933763044553,1.952133828438047e-10,2.1091692847140293,4.443667988193796,,,,,,,,,,0.5753593363364996,2.845226036945874e-06,57,0.4381167593807832,3.686345440531437e-06,103,,,,0.4095840171056349,5.535754808994301e-07,139.0,0.5360340826765311,7.201674175131061e-05,49.0
Brain - Hypothalamus,detection,TP53→MDM2,TP53,MDM2,188,0.6798153352979948,7.640693252067521e-27,2.1091692847140293,2.62091238004096,,,,,,,,,,0.6165413533834587,3.2851306833809376e-07,57,0.730412816982262,2.0342080510086057e-18,103,,,,0.6650379039247661,4.3235525643043996e-19,139.0,0.7274489795918366,3.208155894387194e-09,49.0
Brain - Hypothalamus,detection,ATF4→DDIT3,ATF4,DDIT3,188,0.8306563615270981,3.5001622819465704e-49,7.084675649379162,5.657807681154697,,,,,,,,,,0.8311591511871939,1.2227908131524195e-15,57,0.8076747774611073,6.571338578110351e-25,103,,,,0.8234121797513285,1.596326926352145e-35,139.0,0.8366326530612245,7.099551442244717e-14,49.0
Brain - Hypothalamus,detection,XBP1→DNAJB1,XBP1,DNAJB1,188,0.7125381406939612,1.9412638999034994e-30,4.580928221661994,6.470386057458025,,,,,,,,,,0.7583614207933628,8.355865893482418e-12,57,0.6539577767612863,6.905309351368041e-14,103,,,,0.7293578801555028,2.4062304425562294e-24,139.0,0.6512244897959182,4.0438822985526316e-07,49.0
Brain - Hypothalamus,detection,HSF1→HSPA1A,HSF1,HSPA1A,188,0.3075869336626914,1.7559893697934578e-05,5.309547305107117,6.359520364314951,,,,,,,,,,0.4619522945294271,0.0002976898602306658,57,0.2110942403641056,0.03232177941166874,103,,,,0.3553775603127799,1.7627879089169083e-05,139.0,0.17714285714285713,0.22335828528706275,49.0
Brain - Hypothalamus,detection,STAT1→IRF1,STAT1,IRF1,188,0.4795688331414184,3.331857053496858e-12,4.627237474664729,2.1745412235564374,,,,,,,,,,0.5723128778440967,3.2996589593035493e-06,57,0.3968721170320257,3.3183170622636744e-05,103,,,,0.5122793690513427,1.1466062846669787e-10,139.0,0.41795918367346935,0.0028054469343385905,49.0
Brain - Hypothalamus,detection,NFE2L2→NQO1,NFE2L2,NQO1,188,0.739235458632126,9.127747247902165e-34,4.6699230353882974,3.9369086578805397,,,,,,,,,,0.7769639616282085,1.2050048318147638e-12,57,0.7124633447618637,3.1902461705958126e-17,103,,,,0.7614949366429652,1.4136651408415752e-27,139.0,0.6518023421085747,3.9182664995475e-07,49.0
Brain - Hypothalamus,detection,NFE2L2→HMOX1,NFE2L2,HMOX1,188,0.7287363369461634,2.071134370094366e-32,4.6699230353882974,3.5441660215245916,,,,,,,,,,0.7204433497536946,2.651013847495529e-10,57,0.7659325603325898,4.320207737763232e-21,103,,,,0.7171465085486876,3.0941812613716635e-23,139.0,0.7317533612932428,2.327051324036487e-09,49.0
Brain - Hypothalamus,housekeeping,ACTB↔GAPDH,ACTB,GAPDH,188,0.8599126429353456,3.230306353331094e-56,9.91022922383978,10.025253475980556,,,,,,,,,,0.9006935910541336,1.44680550325206e-21,57,0.8539829326550218,2.029672457250702e-30,103,,,,0.8494710983665151,7.280498523638673e-40,139.0,0.8848184905555304,3.354522202794124e-17,49.0
Brain - Hypothalamus,housekeeping,RPL13A↔RPS18,RPL13A,RPS18,188,0.9123158714572058,4.816017858735796e-74,9.401949075942344,9.633764586550123,,,,,,,,,,0.9388125486129116,3.9503557036725055e-27,57,0.914057115874365,2.2554230032109897e-41,103,,,,0.8926602901409519,2.936801020406489e-49,139.0,0.9561224489795916,1.0537610349642363e-26,49.0
Brain - Hypothalamus,housekeeping,HPRT1↔TBP,HPRT1,TBP,188,0.7843528735043757,1.9793666758299642e-40,5.8169574915094575,3.064832182006633,,,,,,,,,,0.8514527394937486,4.782485761135967e-17,57,0.7783012910393403,3.9008856374080537e-22,103,,,,0.7883823731484426,1.066608664004554e-30,139.0,0.7304081632653061,2.574366311498737e-09,49.0
Brain - Hypothalamus,housekeeping,B2M↔PPIA,B2M,PPIA,188,0.4436275240179123,1.8152905605181717e-10,8.347589135169983,7.5974785951857875,,,,,,,,,,0.6015037593984962,7.484640887067554e-07,57,0.39818124907933033,3.1082687010821636e-05,103,,,,0.4963911358594027,5.150668248776553e-10,139.0,0.44591836734693874,0.001321947534861649,49.0
Brain - Hypothalamus,hormone,ESR1→PGR,ESR1,PGR,188,0.8427735825630424,6.3932072339308485e-52,0.7779170113041046,1.0362038844998211,,,,,,,,,,0.8712730101114857,1.2216037737245124e-18,57,0.8596375138346605,3.200509935660964e-31,103,,,,0.8509996548104587,3.822419614627266e-40,139.0,0.842062297781598,3.417735275157148e-14,49.0
Brain - Hypothalamus,hormone,AR→KLK3,AR,KLK3,188,0.11037753269291009,0.13157032614160208,1.148283235530587,0.1129504625556713,,,,,,,,,,-0.01659606162933703,0.9024793003694783,57,0.18900281275880068,0.05587233009452264,103,,,,0.07836739506942242,0.35913956633836164,139.0,0.16702198322207978,0.25136048783470805,49.0
Brain - Hypothalamus,hormone,AR→SMAD3,AR,SMAD3,188,0.3809810621522722,6.901377578141431e-08,1.148283235530587,2.761781140210781,,,,,,,,,,0.3884882760471819,0.002823746142152573,57,0.3518512925532251,0.0002678255665759349,103,,,,0.4151187055674402,3.7511292864312534e-07,139.0,0.27897959183673465,0.052236870010940024,49.0
Small Intestine - Terminal Ileum,production,SMAD3→COL1A1,SMAD3,COL1A1,185,0.11778948550494885,0.11030692289865204,4.923372496785344,6.999687045329326,0.04945054945054945,0.8065001385748232,27.0,0.09994353472614344,0.6581099564182369,22.0,0.2728291316526611,0.11280504411840864,35.0,-0.1664502164502165,0.22453059289753308,55,0.29010169790028867,0.06237265843309026,42,,,,0.11075239757795323,0.23249793427677448,118.0,0.09964980894630505,0.4223686609694077,67.0
Small Intestine - Terminal Ileum,production,SMAD3→COL3A1,SMAD3,COL3A1,185,0.11338332854039376,0.12436996816968159,4.923372496785344,7.649945163726807,0.07326007326007326,0.7164956295371385,27.0,0.2670807453416149,0.2295283525028699,22.0,0.18655462184873953,0.28325102518528045,35.0,-0.1147907647907648,0.4039874089669573,55,0.18272425249169436,0.24676840982973916,42,,,,0.1514290514137127,0.10165475887123214,118.0,0.02927296491181225,0.8140917654720317,67.0
Small Intestine - Terminal Ileum,production,SMAD3→FN1,SMAD3,FN1,185,-0.12491488890901423,0.09023630353024656,4.923372496785344,6.08930824382885,-0.14957264957264954,0.4564952421988645,27.0,-0.2693393562958781,0.2254632717861441,22.0,-0.12745098039215688,0.46562858729160017,35.0,-0.2608225108225109,0.054440108363096235,55,0.16668017178510655,0.2914188778287384,42,,,,-0.12725948027638048,0.1696695581836923,118.0,-0.12850315771209542,0.3000373224245391,67.0
Small Intestine - Terminal Ileum,production,SMAD3→SERPINE1,SMAD3,SERPINE1,185,0.028003174640783064,0.7051505540171542,4.923372496785344,3.9503064258678537,-0.38949938949938945,0.04461826103438123,27.0,0.08133296003514891,0.7189860003527226,22.0,0.11036414565826332,0.5279468155028434,35.0,-0.10512265512265516,0.4449723240875375,55,0.28190584231423715,0.07049696576692666,42,,,,0.05152336866717255,0.57951226122229,118.0,-0.03976813560872767,0.7493346769588758,67.0
Small Intestine - Terminal Ileum,production,ESR1→COL1A1,ESR1,COL1A1,185,0.5962289111755725,3.428713900577444e-19,0.7097717699166891,6.999687045329326,0.3308913308913309,0.09182022632118979,27.0,0.4624505928853756,0.030231878253170964,22.0,0.6372549019607843,3.8440531806656375e-05,35.0,0.5761904761904764,4.160600559935386e-06,55,0.708480208028554,1.526469340085128e-07,42,,,,0.6496054868472968,1.7522204719420632e-15,118.0,0.45051480565089,0.00013048794666921889,67.0
Small Intestine - Terminal Ileum,production,ESR1→ELN,ESR1,ELN,185,0.42315951472577806,1.9622195526336837e-09,0.7097717699166891,5.385366338008159,0.14713064713064714,0.46396261662135463,27.0,0.27385657820440434,0.21747614103474325,22.0,0.29439775910364147,0.08603299555649588,35.0,0.4840548340548342,0.00018088815761040574,55,0.5933878940118306,3.447716295666328e-05,42,,,,0.45185405661124534,2.8051335289518174e-07,118.0,0.377963125548727,0.0016138059799583658,67.0
Small Intestine - Terminal Ileum,production,AR→COL1A1,AR,COL1A1,185,0.789622989730111,1.1306274015539834e-40,1.2527708115207183,6.999687045329326,0.8034188034188033,4.525997257797884e-07,27.0,0.9243365330321853,8.100911537056286e-10,22.0,0.7683473389355743,7.083929182966565e-08,35.0,0.7262396509054978,3.4942527428403604e-10,55,0.7917831536826035,4.2624234191761797e-10,42,,,,0.8391480441372607,1.836113973935209e-32,118.0,0.705842445526379,2.5448582664194372e-11,67.0
Small Intestine - Terminal Ileum,production,SOX9→ACAN,SOX9,ACAN,185,-0.3259986495931377,5.945056784102806e-06,3.550701510745126,0.24086972114604874,-0.37851037851037844,0.051550974853262314,27.0,-0.4952004517221909,0.01911357045414896,22.0,-0.384593837535014,0.022537233563704975,35.0,-0.2963924963924965,0.028002655874283886,55,-0.211895308321854,0.17793143544524428,42,,,,-0.38477017581277567,1.6925898024317572e-05,118.0,-0.2222843004230186,0.07061794043901302,67.0
Small Intestine - Terminal Ileum,production,SOX9→COL2A1,SOX9,COL2A1,185,0.4315180231938793,8.657433897666011e-10,3.550701510745126,0.4162357080123715,-0.18253968253968253,0.36213108537226524,27.0,0.5719932241671373,0.005411986897576523,22.0,0.2683473389355742,0.1190787995880209,35.0,0.573855949876,4.644252527933196e-06,55,0.5617859168624909,0.00010829570865881001,42,,,,0.45600644222435,2.111845556774284e-07,118.0,0.36375608588075675,0.0024795333719512236,67.0
Small Intestine - Terminal Ileum,production,PPARG→FABP4,PPARG,FABP4,185,-0.052793827358238024,0.4754098544060009,3.3187503370078835,5.427902876364218,0.22344322344322343,0.26256729505582266,27.0,-0.347261434217956,0.11331636602987334,22.0,-0.010924369747899159,0.9503366414128718,35.0,-0.2317862876691582,0.08861198831299903,55,0.18645166518110365,0.23709431373918424,42,,,,-0.018515982360544716,0.8422541546960481,118.0,-0.10200335222284301,0.41143763742226525,67.0
Small Intestine - Terminal Ileum,production,PPARG→ADIPOQ,PPARG,ADIPOQ,185,0.17261700281566794,0.018793755371735294,3.3187503370078835,1.8121244144097373,0.3388278388278388,0.08383551712785517,27.0,0.03896103896103897,0.8633265562067405,22.0,0.34425770308123255,0.04286104549975793,35.0,0.0547658562649414,0.6912761470464603,55,0.2577691343633571,0.09933115873005667,42,,,,0.16867390703764004,0.06787009197778347,118.0,0.17427568042142233,0.158397357152175,67.0
Small Intestine - Terminal Ileum,production,RUNX2→SPP1,RUNX2,SPP1,185,-0.1912631949032214,0.009108634914957834,2.8063306518503137,3.6183603686255377,-0.20027476954446904,0.3165315715979473,27.0,-0.3890457368718239,0.07352866053644122,22.0,-0.28907563025210087,0.0921317022064127,35.0,-0.33484848484848495,0.012459289178057083,55,0.14431569564865085,0.3618564642753068,42,,,,-0.13149269130008137,0.15579943489513876,118.0,-0.2935847550633543,0.01589721100836679,67.0
Small Intestine - Terminal Ileum,production,FOXO1→PCK1,FOXO1,PCK1,185,-0.6083934738833725,4.0991353726239565e-20,4.25535998859921,5.10817705988884,-0.7496947496947497,6.758578362995241e-06,27.0,-0.6781479390175044,0.0005231963508242356,22.0,-0.6635854341736694,1.391770815805252e-05,35.0,-0.5788600288600291,3.665132623008033e-06,55,-0.5360181508791833,0.0002536255619019824,42,,,,-0.6753050395151965,4.989035077215761e-17,118.0,-0.4837226008162449,3.370759568916949e-05,67.0
Small Intestine - Terminal Ileum,production,HNF4A→ALB,HNF4A,ALB,185,-0.031090616524479718,0.6744025506467339,4.328110510533726,1.3301613302649677,0.3516483516483516,0.07206579768680549,27.0,-0.008469791078486732,0.9701593779567589,22.0,0.02913165266106443,0.8680616198515847,35.0,-0.05353535353535355,0.6978768408308015,55,-0.14480187991248686,0.3602241865513782,42,,,,-0.061354734449960584,0.5092471734993506,118.0,0.037892468399886525,0.7607960328812076,67.0
Small Intestine - Terminal Ileum,detection,RELA→ICAM1,RELA,ICAM1,185,0.7626279569162231,1.826589364565799e-36,5.8594258334185625,4.5867937713056,0.5268620268620269,0.004749816616169087,27.0,0.9480519480519483,2.082892926435664e-11,22.0,0.7504727240198121,2.0864202070071647e-07,35.0,0.7179551936559977,6.851087639767453e-10,55,0.8839640223644762,8.754234826662652e-15,42,,,,0.7633464564104401,9.323824325836782e-24,118.0,0.7631494931758321,6.046197858414602e-14,67.0
Small Intestine - Terminal Ileum,detection,RELA→IL6,RELA,IL6,185,0.7597773383847368,4.7129447303164e-36,5.8594258334185625,1.8160637992862108,0.358974358974359,0.065935772633272,27.0,0.8610954263128179,2.686256652377525e-07,22.0,0.7145658263305322,1.4240760204477936e-06,35.0,0.8076770451520263,9.26677059192e-14,55,0.8518293431083336,8.53643747210614e-13,42,,,,0.7740031699939864,9.013500869360454e-25,118.0,0.7357225531660206,1.3238163373479242e-12,67.0
Small Intestine - Terminal Ileum,detection,RELA→CCL2,RELA,CCL2,185,0.7766428047515045,1.41343254205272e-38,5.8594258334185625,4.602847431801461,0.5641025641025641,0.0021788294498474308,27.0,0.8520609824957651,4.849836731469118e-07,22.0,0.8207282913165267,1.5716428475657611e-09,35.0,0.754897363310977,2.7828034798583177e-11,55,0.7852686168057694,7.395074768187748e-10,42,,,,0.7890620577587635,2.646713627506682e-26,118.0,0.7525341208396522,2.0934459850605466e-13,67.0
Small Intestine - Terminal Ileum,detection,RELA→NFKBIA,RELA,NFKBIA,185,0.518961179264319,3.800452646943774e-14,5.8594258334185625,7.727584818247203,0.28937728937728935,0.1431848593956771,27.0,0.5482778091473745,0.008243854138375764,22.0,0.4661064425770309,0.004770980385229975,35.0,0.39698401844081194,0.002692169826231848,55,0.686411149825784,5.213685641619305e-07,42,,,,0.5230865870271022,1.2258543319414888e-09,118.0,0.5152948220121945,8.119383715454459e-06,67.0
Small Intestine - Terminal Ileum,detection,NFKB1→TNF,NFKB1,TNF,185,0.6348853837308583,2.886543429027597e-22,4.662866415848603,1.8712085039229007,0.7478632478632479,7.32293369912348e-06,27.0,0.7504234895539245,5.753256844184796e-05,22.0,0.7190476190476192,1.138637026394443e-06,35.0,0.4583694083694085,0.00043277049690876063,55,0.534721659508954,0.00026424580076451777,42,,,,0.6224342036797518,5.3003795010649786e-14,118.0,0.6883629978449998,1.2170214657864333e-10,67.0
Small Intestine - Terminal Ileum,detection,HIF1A→VEGFA,HIF1A,VEGFA,185,-0.1291970429391691,0.07965136686184865,5.7024058006905225,6.05503968934755,-0.1324988566803347,0.5100110601072425,27.0,-0.2896668548842462,0.19101038587926442,22.0,0.1811051198502458,0.29780056756396545,35.0,-0.12200577200577203,0.37488633476105593,55,-0.17235232152985983,0.27507271686207263,42,,,,0.001033536997337638,0.9911376213506273,118.0,-0.41947102196019714,0.0004102981404889818,67.0
Small Intestine - Terminal Ileum,detection,HIF1A→SLC2A1,HIF1A,SLC2A1,185,0.6431187291961064,5.600087309885707e-23,5.7024058006905225,4.079915737461399,0.4515341221894355,0.01806793628985324,27.0,0.8520609824957651,4.849836731469118e-07,22.0,0.5630646417617851,0.00042922746243466913,35.0,0.61976911976912,4.522831155202501e-07,55,0.52305323717689,0.00037944692100659426,42,,,,0.6292500858276265,2.325391034140007e-14,118.0,0.6933583422639583,7.86971278015736e-11,67.0
Small Intestine - Terminal Ileum,detection,TP53→CDKN1A,TP53,CDKN1A,185,-0.5734419347359468,1.4514656532372025e-17,4.287160491943359,6.838717367842391,-0.7295482295482296,1.576345727710321e-05,27.0,-0.6826651609260306,0.0004640172344893773,22.0,-0.4750700280112045,0.003928186986798967,35.0,-0.5473403200803841,1.5296860902900103e-05,55,-0.5457418361559031,0.000185459611412689,42,,,,-0.643850900156292,3.711968119804254e-15,118.0,-0.446524064171123,0.00015213627349993557,67.0
Small Intestine - Terminal Ileum,detection,TP53→MDM2,TP53,MDM2,185,0.663381302090353,7.930852799559593e-25,4.287160491943359,3.2740270769273914,0.6611721611721612,0.00017355134061532344,27.0,0.89158667419537,2.5701582012355623e-08,22.0,0.7358543417366947,4.7317313435165614e-07,35.0,0.6944334211190879,4.096986518783662e-09,55,0.45320476460578557,0.0025780523325085675,42,,,,0.6799103050758943,2.5380071359252152e-17,118.0,0.6339292840609786,8.482777001603131e-09,67.0
Small Intestine - Terminal Ileum,detection,ATF4→DDIT3,ATF4,DDIT3,185,0.8192139464868174,4.629531232370901e-46,8.346891544960641,5.236456035923314,0.6576095329249791,0.00019345064791175312,27.0,0.8359220892501416,1.2726657764640701e-06,22.0,0.7484593837535015,2.343152047095493e-07,35.0,0.7984848484848486,2.8202565687912137e-13,55,0.8744023985090349,3.8925820615361766e-14,42,,,,0.8286270442465912,5.256086968276602e-31,118.0,0.791024375653807,1.6623898085559379e-15,67.0
Small Intestine - Terminal Ileum,detection,XBP1→DNAJB1,XBP1,DNAJB1,185,-0.23929790179847127,0.0010360945211580076,7.156240141069567,5.838675135535163,-0.1684981684981685,0.40082767601043134,27.0,-0.21513269339356297,0.3363093427595235,22.0,-0.14285714285714288,0.4129735897893776,35.0,-0.21490286624827637,0.11511181327904425,55,-0.271869049289237,0.0815584142923422,42,,,,-0.27339692788822956,0.0027397325497540976,118.0,-0.16920912692524367,0.17104147144310933,67.0
Small Intestine - Terminal Ileum,detection,HSF1→HSPA1A,HSF1,HSPA1A,185,0.7054788743752217,3.609066511321534e-29,6.158598894686312,5.2290723414034455,0.5061050061050061,0.007071043012674858,27.0,0.5177865612648223,0.013577261476764134,22.0,0.7439775910364146,3.0222265700752464e-07,35.0,0.6834776334776336,8.90519910390668e-09,55,0.8309225727009943,9.754906868545212e-12,42,,,,0.7239188073830062,2.013325897748829e-20,118.0,0.6801819778114775,2.439929449042229e-10,67.0
Small Intestine - Terminal Ileum,detection,STAT1→IRF1,STAT1,IRF1,185,0.5763471592693913,9.149767558464132e-18,5.360911029093974,5.419431317819131,0.5317460317460317,0.004309628927412752,27.0,0.5053642010163749,0.016432200785230888,22.0,0.6918767507002801,4.1567996915360215e-06,35.0,0.40966810966810974,0.0018966758799702644,55,0.5405558706749858,0.00021941609514195812,42,,,,0.5864421387851099,3.002600305631988e-12,118.0,0.5320456540825286,3.594815418883801e-06,67.0
Small Intestine - Terminal Ileum,detection,NFE2L2→NQO1,NFE2L2,NQO1,185,-0.11672064345705478,0.11359821396339868,5.552749004879513,4.799720213864301,-0.20207570207570208,0.31210842542394035,27.0,-0.15979672501411638,0.4774887142899461,22.0,-0.13753501400560225,0.4307711297222685,35.0,-0.042135642135642144,0.7600276249776352,55,0.007211733246900576,0.9638463110318856,42,,,,-0.09123960302041195,0.3257962139458802,118.0,-0.1269454864713864,0.30598282601824833,67.0
Small Intestine - Terminal Ileum,detection,NFE2L2→HMOX1,NFE2L2,HMOX1,185,-0.15029500453932781,0.041152410136294205,5.552749004879513,5.479471621642242,0.18925518925518922,0.3444302345322383,27.0,-0.05590062111801244,0.8048424437470657,22.0,-0.2784313725490196,0.10531619889839997,35.0,-0.10382582660106417,0.45063954417450014,55,-0.1170893768738352,0.46022801700843197,42,,,,-0.12116807514480418,0.19120178513794944,118.0,-0.1924734615691596,0.11865493479007834,67.0
Small Intestine - Terminal Ileum,housekeeping,ACTB↔GAPDH,ACTB,GAPDH,185,0.4920787674008248,1.1306713117067702e-12,11.782031311859956,9.762259550352354,0.006715506715506716,0.97348009342336,27.0,0.5798983625070583,0.004670995181901241,22.0,0.6277310924369748,5.4256073042970845e-05,35.0,0.5799422799422801,3.4803803870042808e-06,55,0.49064095292115717,0.0009709463822886682,42,,,,0.5484622000728936,1.2821715603314664e-10,118.0,0.35416541953506936,0.0032783064078846383,67.0
Small Intestine - Terminal Ileum,housekeeping,RPL13A↔RPS18,RPL13A,RPS18,185,0.9482675455845463,4.028063457866965e-93,11.301951532106141,11.267382415565285,0.963980463980464,6.827855622727587e-16,27.0,0.9503105590062113,1.3480821424881206e-11,22.0,0.923529411764706,2.735997799981234e-15,35.0,0.9069196917656309,1.5206781381364375e-21,55,0.9574166370647795,3.424712754619763e-23,42,,,,0.9397210195820552,6.820088794957331e-56,118.0,0.9462846196823371,1.3946022555374796e-33,67.0
Small Intestine - Terminal Ileum,housekeeping,HPRT1↔TBP,HPRT1,TBP,185,0.3867084016244909,5.4131251701091375e-08,4.490803076769854,4.2174990795754095,0.17765567765567764,0.37533376713760525,27.0,0.30660643704121965,0.1651791230751042,22.0,0.2565826330532213,0.13678456699390465,35.0,0.20061689427676094,0.14193632979249438,55,0.6200721207634103,1.1890366595506457e-05,42,,,,0.4061450024942536,5.0386899207306155e-06,118.0,0.34510969880694814,0.0042348050914333525,67.0
Small Intestine - Terminal Ileum,housekeeping,B2M↔PPIA,B2M,PPIA,185,0.21326420471121185,0.0035608430440193964,11.011290983251623,7.688318342775912,0.33943833943833945,0.08324390264767645,27.0,0.28514963297572,0.1983372302613969,22.0,0.3291547035174614,0.053511316073202274,35.0,0.23864927790774995,0.07931585098567387,55,-0.002998257771595162,0.9849651104613689,42,,,,0.2599108163498782,0.00447868250873383,118.0,0.13454458385505697,0.27769390322076604,67.0
Small Intestine - Terminal Ileum,hormone,ESR1→PGR,ESR1,PGR,185,0.6676986598777616,3.066299231933021e-25,0.7097717699166891,1.1029274601388621,0.5622710622710623,0.0022687625787165084,27.0,0.409373235460192,0.05850104223477937,22.0,0.6742296918767509,8.96870471573823e-06,35.0,0.6453102453102455,1.0449188822631301e-07,55,0.852686168057694,7.664995092432497e-13,42,,,,0.7011602554972445,9.50338523356153e-19,118.0,0.5869582568441217,1.7856904753391435e-07,67.0
Small Intestine - Terminal Ileum,hormone,AR→KLK3,AR,KLK3,185,-0.5200705861666839,3.282487781068608e-14,1.2527708115207183,0.7735334275542078,-0.1282051282051282,0.523936399928176,27.0,-0.6913301602987657,0.0003664348499946344,22.0,-0.4341736694677871,0.009160860963744853,35.0,-0.642529856996197,1.233702857855659e-07,55,-0.39153868777938133,0.01034240697600294,42,,,,-0.4840088093861439,2.813101293851731e-08,118.0,-0.5724890771049319,4.1543052821073313e-07,67.0
Small Intestine - Terminal Ileum,hormone,AR→SMAD3,AR,SMAD3,185,0.16922849485832622,0.021290672706723024,1.2527708115207183,4.923372496785344,0.1916971916971917,0.338124397419868,27.0,0.03557312252964427,0.8751168714582229,22.0,0.14565826330532214,0.403776010214803,35.0,0.12990854815511885,0.3444992604374971,55,0.21837776517300056,0.1647189990229538,42,,,,0.16028588436909572,0.08294571063646987,118.0,0.17894663328603597,0.14736541978096573,67.0
Brain - Hippocampus,production,SMAD3→COL1A1,SMAD3,COL1A1,184,0.3168309870009252,1.1768254367267809e-05,2.984396348828855,1.1659090019276608,,,,,,,,,,0.3982754663404723,0.00459328614557563,49,0.28055824748096475,0.005139119177150859,98,,,,0.3321203620548689,7.810818091188369e-05,136.0,0.2656317846287451,0.06803479103557476,48.0
Brain - Hippocampus,production,SMAD3→COL3A1,SMAD3,COL3A1,184,0.2839300454529255,9.3891253347505e-05,2.984396348828855,0.9625047083296205,,,,,,,,,,0.37893823834366996,0.007252169564844725,49,0.2109048250578415,0.03710816528010261,98,,,,0.2855244765253401,0.000753185828504285,136.0,0.2628093790707772,0.0711261097089617,48.0
Brain - Hippocampus,production,SMAD3→FN1,SMAD3,FN1,184,0.3593486326546432,5.455019883091718e-07,2.984396348828855,4.353560802729233,,,,,,,,,,0.43602040816326526,0.001738036014579588,49,0.3466105612156792,0.0004717842502617748,98,,,,0.38481814332682857,3.7334162920857544e-06,136.0,0.2885366912722536,0.046715529046182626,48.0
Brain - Hippocampus,production,SMAD3→SERPINE1,SMAD3,SERPINE1,184,0.1934583134477084,0.008507955855477313,2.984396348828855,1.7266837231328953,,,,,,,,,,0.128265306122449,0.3797730455201813,49,0.23589717433918184,0.019366277298207533,98,,,,0.196417624201752,0.021915281417998613,136.0,0.1580547112462006,0.28330156716126437,48.0
Brain - Hippocampus,production,ESR1→COL1A1,ESR1,COL1A1,184,0.5803389755418344,5.931217474857518e-18,0.19044191687894257,1.1659090019276608,,,,,,,,,,0.6302872595540588,1.2147622838378971e-06,49,0.46533289979534453,1.3805900612197792e-06,98,,,,0.5861327850121297,6.548099806628503e-14,136.0,0.6043204515848892,5.407282653003277e-06,48.0
Brain - Hippocampus,production,ESR1→ELN,ESR1,ELN,184,0.6755257566330001,7.14577169302175e-26,0.19044191687894257,2.9318588259427445,,,,,,,,,,0.7050179853820967,1.558271518712567e-08,49,0.6294397796606926,3.866037200267492e-12,98,,,,0.6890464042025948,1.8132364230501693e-20,136.0,0.6403603994789405,9.509071556148058e-07,48.0
Brain - Hippocampus,production,AR→COL1A1,AR,COL1A1,184,0.49431091958709233,9.949987953655506e-13,0.425458868884522,1.1659090019276608,,,,,,,,,,0.49848210429751655,0.00026718035482165817,49,0.48055773387143047,5.500962087379031e-07,98,,,,0.48102065984604714,3.0762936260811985e-09,136.0,0.5538428137212331,4.434673711874894e-05,48.0
Brain - Hippocampus,production,SOX9→ACAN,SOX9,ACAN,184,0.21762942115295522,0.0030013069630670146,4.836846189654392,0.2840241589178534,,,,,,,,,,0.17964744004417152,0.21677594469962996,49,0.22210533698015286,0.02794541039505431,98,,,,0.27557195642373083,0.001165709525151267,136.0,0.09704732957012592,0.5117006472561471,48.0
Brain - Hippocampus,production,SOX9→COL2A1,SOX9,COL2A1,184,0.1247915301147927,0.09144520074493918,4.836846189654392,0.5261523713580454,,,,,,,,,,0.10138013728138848,0.4882280372177852,49,0.03233045795637842,0.7519787195141691,98,,,,0.07106539652859943,0.4109924934249972,136.0,0.2706252713851498,0.06282801399895652,48.0
Brain - Hippocampus,production,PPARG→FABP4,PPARG,FABP4,184,0.08806448366029188,0.23454393042422694,1.3318555803726548,1.3383734630339819,,,,,,,,,,-0.07622448979591837,0.602676447188905,49,0.10865933898007231,0.2868631658637955,98,,,,0.13046164415295014,0.13005989865998532,136.0,0.03940512375162831,0.7903057701537208,48.0
Brain - Hippocampus,production,PPARG→ADIPOQ,PPARG,ADIPOQ,184,0.1746789456802212,0.01771240794055915,1.3318555803726548,0.14121950304884787,,,,,,,,,,0.12282555345756223,0.4004747895553842,49,0.11546263944034038,0.25757246049196125,98,,,,0.1873062962337742,0.028995384810389952,136.0,0.14950580918671097,0.31047896513592904,48.0
Brain - Hippocampus,production,RUNX2→SPP1,RUNX2,SPP1,184,0.6358170269553823,3.122558297543608e-22,0.7816246090375859,7.800477539715559,,,,,,,,,,0.6725510204081633,1.204996510637173e-07,49,0.6255080539533275,5.7479353602408886e-12,98,,,,0.5841130579880759,8.358605468146308e-14,136.0,0.752062527138515,7.190448656037086e-10,48.0
Brain - Hippocampus,production,FOXO1→PCK1,FOXO1,PCK1,184,0.30932876396983683,1.9320101765478566e-05,2.4701968509217966,0.7931086225637599,,,,,,,,,,0.3112244897959184,0.029502420548888884,49,0.4012202819272038,4.234032665381841e-05,98,,,,0.2698255565706707,0.0014892428161315493,136.0,0.45744680851063835,0.0010797468344088917,48.0
Brain - Hippocampus,production,HNF4A→ALB,HNF4A,ALB,184,0.29887292923207925,3.7711166436706606e-05,0.10666378975957228,1.1971501180821138,,,,,,,,,,0.28263932614091297,0.04909960302183773,49,0.2845799339691611,0.004511029326267497,98,,,,0.3096240480345375,0.00024441980312055173,136.0,0.2901721125937914,0.04542978825058929,48.0
Brain - Hippocampus,detection,RELA→ICAM1,RELA,ICAM1,184,0.7175268634952302,2.1301773386624266e-30,4.034955318855203,1.8631638784123503,,,,,,,,,,0.7456502892506076,7.904130450674364e-10,49,0.7327656834310451,9.801772158520751e-18,98,,,,0.7403217919290387,7.160134576941536e-25,136.0,0.6475968195182144,6.52562616029482e-07,48.0
Brain - Hippocampus,detection,RELA→IL6,RELA,IL6,184,0.3541649710459944,8.130883803932632e-07,4.034955318855203,1.0343075544046967,,,,,,,,,,0.3211898570434224,0.024431235292941365,49,0.34101175354531943,0.0005900824519889736,98,,,,0.37098103482043354,8.743265264524097e-06,136.0,0.2877768128528007,0.047322925478482505,48.0
Brain - Hippocampus,detection,RELA→CCL2,RELA,CCL2,184,0.6398854186205388,1.3995811261941132e-22,4.034955318855203,2.3002413806060087,,,,,,,,,,0.7446808520331613,8.54154367944647e-10,49,0.5935338260060333,1.1883297596483384e-10,98,,,,0.6882982898098152,2.0698677928522572e-20,136.0,0.4914242292661745,0.0003897772032739688,48.0
Brain - Hippocampus,detection,RELA→NFKBIA,RELA,NFKBIA,184,0.7990876640168799,4.474554651538301e-42,4.034955318855203,5.375798260388167,,,,,,,,,,0.7338129505954729,1.9913096442461657e-09,49,0.837382927379406,6.345120033377949e-27,98,,,,0.7909502500107113,2.2431591616878296e-30,136.0,0.8229483282674772,7.124019534202351e-13,48.0
Brain - Hippocampus,detection,NFKB1→TNF,NFKB1,TNF,184,0.26104394901849687,0.00034477756885671515,2.229214293477328,0.25011436522270186,,,,,,,,,,0.5328400275533637,8.100298492142742e-05,49,0.17797475075673025,0.0795538410885789,98,,,,0.2718749386868665,0.0013654945730262973,136.0,0.20670937045063392,0.1586427207936687,48.0
Brain - Hippocampus,detection,HIF1A→VEGFA,HIF1A,VEGFA,184,0.5033246983176549,3.28977577811226e-13,4.214638997679171,4.232502551830334,,,,,,,,,,0.5439424476884159,5.3549268416476246e-05,49,0.44504729085936223,4.400275536182345e-06,98,,,,0.4758698092116043,4.769016356908554e-09,136.0,0.5573316689978229,3.876370331906084e-05,48.0
Brain - Hippocampus,detection,HIF1A→SLC2A1,HIF1A,SLC2A1,184,0.5071028124729323,2.048654272004368e-13,4.214638997679171,5.760633913071259,,,,,,,,,,0.533329932059564,7.95612461828872e-05,49,0.5370294807711925,1.1930253103995044e-08,98,,,,0.5377538071203686,1.4702677529222174e-11,136.0,0.3885149804602692,0.006355181959132462,48.0
Brain - Hippocampus,detection,TP53→CDKN1A,TP53,CDKN1A,184,0.37381280897415536,1.7244575449703215e-07,1.9606527530628701,3.9454535848420598,,,,,,,,,,0.3439795918367346,0.015518162632217728,49,0.4101205618142289,2.7415308636557478e-05,98,,,,0.3367142233543842,6.119148722428838e-05,136.0,0.4902301346070343,0.0004047206699951062,48.0
Brain - Hippocampus,detection,TP53→MDM2,TP53,MDM2,184,0.7129325021030235,7.29312687041356e-30,1.9606527530628701,2.5767373209414273,,,,,,,,,,0.723673469387755,4.230877857505556e-09,49,0.7268965693118857,2.3813148705823227e-17,98,,,,0.7106428859399205,3.3160074099366057e-22,136.0,0.741098567086409,1.7069073105508358e-09,48.0
Brain - Hippocampus,detection,ATF4→DDIT3,ATF4,DDIT3,184,0.873002701754147,1.1908339735518185e-58,6.947844012923863,5.147057428308155,,,,,,,,,,0.9154081632653059,3.3545059254065324e-20,49,0.8439520293791364,1.0326538685226846e-27,98,,,,0.8591114885358564,8.327791426198806e-41,136.0,0.9014030996344805,2.4478193389113548e-18,48.0
Brain - Hippocampus,detection,XBP1→DNAJB1,XBP1,DNAJB1,184,0.6897967616583347,2.527997817410803e-27,3.693158298082974,6.0484171004399006,,,,,,,,,,0.7004770532139821,2.108300815552958e-08,49,0.6940774059079503,2.3002244569151595e-15,98,,,,0.7070006870147828,6.679409992354886e-22,136.0,0.6318931828050369,1.459313492937619e-06,48.0
Brain - Hippocampus,detection,HSF1→HSPA1A,HSF1,HSPA1A,184,0.33594774893196533,3.1287512710044935e-06,4.859014559051265,6.319219679936118,,,,,,,,,,0.33489795918367343,0.018665916341968406,49,0.3888083086565052,7.606569141191056e-05,98,,,,0.3464581203882532,3.599665453513186e-05,136.0,0.31373826241735076,0.02989330028210591,48.0
Brain - Hippocampus,detection,STAT1→IRF1,STAT1,IRF1,184,0.6027889146548321,1.3860848456746678e-19,3.9175152862849445,1.8704858846638515,,,,,,,,,,0.48276741769325504,0.0004427543049358152,49,0.6635192558457925,9.677880899105168e-14,98,,,,0.6220503150509471,6.327273549911631e-16,136.0,0.5711184087646176,2.243716525353736e-05,48.0
Brain - Hippocampus,detection,NFE2L2→NQO1,NFE2L2,NQO1,184,0.6569715194415039,4.201664917925786e-24,4.467248465703881,3.9137942337471507,,,,,,,,,,0.6732653061224488,1.1551347118733127e-07,49,0.6851770976486613,7.164172385570508e-15,98,,,,0.6144018319850274,1.7857873358097837e-15,136.0,0.7561875814155449,5.13388952744883e-10,48.0
Brain - Hippocampus,detection,NFE2L2→HMOX1,NFE2L2,HMOX1,184,0.6854816066961715,7.085399092031816e-27,4.467248465703881,3.1530340096872784,,,,,,,,,,0.7388775510204081,1.3491960981670638e-09,49,0.6872682875548551,5.5057762866366694e-15,98,,,,0.697122506376933,4.232783734524759e-21,136.0,0.6511072514112027,5.416745495361583e-07,48.0
Brain - Hippocampus,housekeeping,ACTB↔GAPDH,ACTB,GAPDH,184,0.9124812479090255,1.4694545104038313e-72,10.067820170651311,9.675859635290893,,,,,,,,,,0.8355315189330738,8.20747583892779e-14,49,0.9278537182683732,6.596390472957346e-43,98,,,,0.8916307566806073,5.933542823649418e-48,136.0,0.9650175051726037,2.182710084730889e-28,48.0
Brain - Hippocampus,housekeeping,RPL13A↔RPS18,RPL13A,RPS18,184,0.9180205496440876,4.952421710524757e-75,9.321900160416313,9.507828860179238,,,,,,,,,,0.9078571428571428,2.2981025052252904e-19,49,0.9199514180928293,8.017034986488809e-41,98,,,,0.898669786763732,8.391552802599245e-50,136.0,0.9547588681020359,7.241804412721782e-26,48.0
Brain - Hippocampus,housekeeping,HPRT1↔TBP,HPRT1,TBP,184,0.6137352656188735,1.9896777926093324e-20,4.877516466638316,2.7495004158952963,,,,,,,,,,0.7032653061224489,1.752293395114514e-08,49,0.5388511844259233,1.041781781489381e-08,98,,,,0.5971580486571458,1.675855260456544e-14,136.0,0.6682587928788536,2.1043041602807836e-07,48.0
Brain - Hippocampus,housekeeping,B2M↔PPIA,B2M,PPIA,184,0.3430769704955424,1.86520569721499e-06,8.022090751191843,7.350553929805756,,,,,,,,,,0.42425633960916376,0.0023811160814009797,49,0.39360274405119383,6.082807943258943e-05,98,,,,0.3262944087365295,0.0001058631690708093,136.0,0.4548415110725141,0.0011625456986293279,48.0
Brain - Hippocampus,hormone,ESR1→PGR,ESR1,PGR,184,0.6441039896209858,6.012461205095824e-23,0.19044191687894257,0.4717750099244649,,,,,,,,,,0.6243016405511169,1.639187309225661e-06,49,0.7057679679181889,4.852088602657994e-16,98,,,,0.6302784102366134,2.0066766519158233e-16,136.0,0.663156752062527,2.805534643967421e-07,48.0
Brain - Hippocampus,hormone,AR→KLK3,AR,KLK3,184,0.031146292148957026,0.6746961948231577,0.425458868884522,0.13538727138960815,,,,,,,,,,-0.11723603882641001,0.42241475518546934,49,0.10267710400141056,0.3143810240352044,98,,,,0.07260128607662703,0.40092889526670517,136.0,-0.02872635025991371,0.8463201607127107,48.0
Brain - Hippocampus,hormone,AR→SMAD3,AR,SMAD3,184,0.5868777077649228,2.046384038309576e-18,0.425458868884522,2.984396348828855,,,,,,,,,,0.6593877551020407,2.5731373018074455e-07,49,0.5585471284414244,2.2820909491262146e-09,98,,,,0.5732452169934555,3.021693646487609e-13,136.0,0.5750108554059922,1.9141646420598065e-05,48.0
Ovary,production,SMAD3→COL1A1,SMAD3,COL1A1,173,0.15782895663165522,0.03809019483709407,5.6687577942203236,9.549234335133105,,,,,,,0.13155080213903741,0.4583255532916042,34.0,0.045401500416782446,0.7305016501421231,60,0.2237348569560606,0.15434858566205562,42,,,,,,,0.15782895663165522,0.03809019483709407,173.0
Ovary,production,SMAD3→COL3A1,SMAD3,COL3A1,173,0.19935196848842482,0.008550949880965929,5.6687577942203236,8.303137735135293,,,,,,,0.23514132925897632,0.18067747837593343,34.0,0.023840286752602927,0.8565190103237613,60,0.3264859611285651,0.034838886340196974,42,,,,,,,0.19935196848842482,0.008550949880965929,173.0
Ovary,production,SMAD3→FN1,SMAD3,FN1,173,0.13266683740458285,0.08185739399919163,5.6687577942203236,7.156678461615061,,,,,,,0.19083269671504965,0.2796576564781177,34.0,-0.03834451715453617,0.7711474482108178,60,0.023175722234492335,0.8841719623442981,42,,,,,,,0.13266683740458285,0.08185739399919163,173.0
Ovary,production,SMAD3→SERPINE1,SMAD3,SERPINE1,173,-0.3321132546670565,8.045596361054999e-06,5.6687577942203236,6.286335934104258,,,,,,,-0.2990068754774637,0.08582775463567793,34.0,-0.2748541261461518,0.033557828805201584,60,-0.5930878008190539,3.487372924646929e-05,42,,,,,,,-0.3321132546670565,8.045596361054999e-06,173.0
Ovary,production,ESR1→COL1A1,ESR1,COL1A1,173,0.12298576578860781,0.10695675332364031,3.1100776987957817,9.549234335133105,,,,,,,0.16485867074102367,0.3514793318836721,34.0,0.05548840634609328,0.6736860618178677,60,0.3828701077708452,0.012329393125288645,42,,,,,,,0.12298576578860781,0.10695675332364031,173.0
Ovary,production,ESR1→ELN,ESR1,ELN,173,0.26894698355950986,0.0003462949904478381,3.1100776987957817,5.6267860473235904,,,,,,,0.10221543162719632,0.5651358318422801,34.0,0.2586309896191469,0.04601076952641093,60,0.448180860546147,0.0029152615699600554,42,,,,,,,0.26894698355950986,0.0003462949904478381,173.0
Ovary,production,AR→COL1A1,AR,COL1A1,173,0.48517043554954914,1.3341550402660834e-11,4.157594926095422,9.549234335133105,,,,,,,0.37020626432391135,0.031150662053991134,34.0,0.5219783273131426,1.8920584076142027e-05,60,0.6251519325824488,9.600622719833387e-06,42,,,,,,,0.48517043554954914,1.3341550402660834e-11,173.0
Ovary,production,SOX9→ACAN,SOX9,ACAN,173,0.4422621961996171,1.1153248771759717e-09,0.6095162162804879,0.5307634345691845,,,,,,,0.5813598166539343,0.0003113007255429937,34.0,0.42690229098716936,0.0006699806609607603,60,0.27218215703751725,0.081194015310885,42,,,,,,,0.4422621961996171,1.1153248771759717e-09,173.0
Ovary,production,SOX9→COL2A1,SOX9,COL2A1,173,-0.09027588256882892,0.237523573005187,0.6095162162804879,1.2170580812875247,,,,,,,-0.28097784568372797,0.10746240222421248,34.0,-0.018283364361332627,0.8897230161261946,60,-0.24933149663722554,0.11130567059242569,42,,,,,,,-0.09027588256882892,0.237523573005187,173.0
Ovary,production,PPARG→FABP4,PPARG,FABP4,173,0.08789821982042868,0.2501576792869549,4.203754456746096,3.4319066034920644,,,,,,,-0.0374331550802139,0.8335270790276674,34.0,-0.04384612178975224,0.7394013933865439,60,-0.09569726926505145,0.5466025212779169,42,,,,,,,0.08789821982042868,0.2501576792869549,173.0
Ovary,production,PPARG→ADIPOQ,PPARG,ADIPOQ,173,0.029982392737174197,0.6953641715381944,4.203754456746096,0.24466960982694103,,,,,,,-0.1247132294101181,0.48221305395907854,34.0,0.24626648620303654,0.057858292279882255,60,-0.04829689109132189,0.7613328212125493,42,,,,,,,0.029982392737174197,0.6953641715381944,173.0
Ovary,production,RUNX2→SPP1,RUNX2,SPP1,173,-0.114706841816336,0.1329009501560964,2.0627869991208776,3.057974840089076,,,,,,,0.11504965622612681,0.5170410411333743,34.0,-0.11330925257015839,0.3886834079405541,60,-0.2909812819058423,0.061546971952976655,42,,,,,,,-0.114706841816336,0.1329009501560964,173.0
Ovary,production,FOXO1→PCK1,FOXO1,PCK1,173,0.14979181176532633,0.04917941990902276,6.7790213595925035,2.038982534425796,,,,,,,-0.2088617265087853,0.23584411942692288,34.0,0.28733380572105693,0.026012210718460594,60,0.3340896199659671,0.030590017898653257,42,,,,,,,0.14979181176532633,0.04917941990902276,173.0
Ovary,production,HNF4A→ALB,HNF4A,ALB,173,0.26168653728225993,0.0005055458474459395,0.1013128587900731,1.7532639801502228,,,,,,,0.5006875477463713,0.0025623850319945385,34.0,0.2855316903489102,0.027004399785009046,60,0.05161656267725468,0.74545740311371,42,,,,,,,0.26168653728225993,0.0005055458474459395,173.0
Ovary,detection,RELA→ICAM1,RELA,ICAM1,173,0.34852956088182946,2.6124959277284815e-06,6.645723805951246,3.971283631517708,,,,,,,0.2953399541634836,0.08993103581970872,34.0,0.2358743522643895,0.069626194871909,60,0.41722712908192205,0.005978668126006424,42,,,,,,,0.34852956088182946,2.6124959277284815e-06,173.0
Ovary,detection,RELA→IL6,RELA,IL6,173,0.14039788551689766,0.0654174255871959,6.645723805951246,1.4809268467946548,,,,,,,0.06646294881588999,0.7088061816461395,34.0,0.1706544409970742,0.19234843693620243,60,0.12910807899659582,0.41513880437610184,42,,,,,,,0.14039788551689766,0.0654174255871959,173.0
Ovary,detection,RELA→CCL2,RELA,CCL2,173,0.09755337240599722,0.2016516603645868,6.645723805951246,2.941368383479256,,,,,,,0.11504965622612681,0.5170410411333743,34.0,0.06496248958043903,0.6219183005722049,60,0.11449639413337655,0.47028962742679103,42,,,,,,,0.09755337240599722,0.2016516603645868,173.0
Ovary,detection,RELA→NFKBIA,RELA,NFKBIA,173,-0.18782324726552524,0.013339163735965866,6.645723805951246,8.441386809927879,,,,,,,-0.05393430099312452,0.7619312816992638,34.0,-0.368435676576827,0.0037734909414592196,60,-0.3977797585284823,0.00908757180800872,42,,,,,,,-0.18782324726552524,0.013339163735965866,173.0
Ovary,detection,NFKB1→TNF,NFKB1,TNF,173,0.10452493355336089,0.1711256002859014,4.936017066757114,0.21016892730500658,,,,,,,-0.22668666211193972,0.19732241363938044,34.0,0.11662475776251036,0.37486270438061375,60,0.1460244351929281,0.35613936307343186,42,,,,,,,0.10452493355336089,0.1711256002859014,173.0
Ovary,detection,HIF1A→VEGFA,HIF1A,VEGFA,173,0.3644603078492597,8.240008993206412e-07,6.111896432204054,5.6346991337792725,,,,,,,0.37509549274255155,0.028825481012383084,34.0,0.4201781075441275,0.0008306415140227134,60,0.15760473219350135,0.31885252386009594,42,,,,,,,0.3644603078492597,8.240008993206412e-07,173.0
Ovary,detection,HIF1A→SLC2A1,HIF1A,SLC2A1,173,0.2580560677050964,0.0006084114136047215,6.111896432204054,4.455954649544864,,,,,,,0.26355996944232235,0.13204265116995278,34.0,0.16532370102806337,0.20681899255616829,60,0.35191637630662026,0.022283188185627776,42,,,,,,,0.2580560677050964,0.0006084114136047215,173.0
Ovary,detection,TP53→CDKN1A,TP53,CDKN1A,173,-0.2750067937896464,0.00025046140224122503,5.043987523613637,8.02624133280936,,,,,,,-0.5016042780748663,0.002508766362747233,34.0,-0.17252733527080044,0.18744069563905563,60,-0.30054290576128356,0.0531212881003608,42,,,,,,,-0.2750067937896464,0.00025046140224122503,173.0
Ovary,detection,TP53→MDM2,TP53,MDM2,173,0.08717877106338295,0.2540706360982194,5.043987523613637,3.8357215919935634,,,,,,,0.18122087301723888,0.30503801952570764,34.0,-0.030857508070154475,0.8149470366984883,60,0.13750911595494694,0.3851739320567249,42,,,,,,,0.08717877106338295,0.2540706360982194,173.0
Ovary,detection,ATF4→DDIT3,ATF4,DDIT3,173,0.5721342356349239,1.990448713687846e-16,8.658215881083054,6.372717705765211,,,,,,,0.146524064171123,0.40829705254558457,34.0,0.635518693013443,4.894458336874599e-08,60,0.74837925445705,1.2131821114013399e-08,42,,,,,,,0.5721342356349239,1.990448713687846e-16,173.0
Ovary,detection,XBP1→DNAJB1,XBP1,DNAJB1,173,-0.056585745732318234,0.4596238294039495,7.004470612961433,6.92837842764882,,,,,,,-0.18380443086325438,0.29807747405567503,34.0,-0.017282578494026122,0.8957247435259756,60,0.022931691110931046,0.8853834374919869,42,,,,,,,-0.056585745732318234,0.4596238294039495,173.0
Ovary,detection,HSF1→HSPA1A,HSF1,HSPA1A,173,0.577412248432765,9.091768015167748e-17,6.960342859257163,6.380397507221024,,,,,,,0.33445378151260496,0.05319608947429881,34.0,0.6113727615588836,2.1173588094602762e-07,60,0.6169928289979882,1.3511925076954504e-05,42,,,,,,,0.577412248432765,9.091768015167748e-17,173.0
Ovary,detection,STAT1→IRF1,STAT1,IRF1,173,0.3869130394497957,1.4530693489207106e-07,5.220497493799022,3.8988128066752,,,,,,,0.6133394471257985,0.0001148126533626727,34.0,0.39875519252518016,0.001600716462356582,60,0.319666153472166,0.0390511082507021,42,,,,,,,0.3869130394497957,1.4530693489207106e-07,173.0
Ovary,detection,NFE2L2→NQO1,NFE2L2,NQO1,173,-0.18617637072273302,0.014186873559439542,7.197099605736705,2.8865233997389073,,,,,,,-0.43407181054239874,0.010319434345161816,34.0,-0.08505258478988059,0.518196443431854,60,-0.04821327283040273,0.7617339838186898,42,,,,,,,-0.18617637072273302,0.014186873559439542,173.0
Ovary,detection,NFE2L2→HMOX1,NFE2L2,HMOX1,173,0.34969985630209366,2.405261809154472e-06,7.197099605736705,7.103668812382428,,,,,,,0.5453017570664629,0.0008526407565465532,34.0,0.1759957765629218,0.1785909465852946,60,0.32974068179583826,0.03296437050380045,42,,,,,,,0.34969985630209366,2.405261809154472e-06,173.0
Ovary,housekeeping,ACTB↔GAPDH,ACTB,GAPDH,173,0.25557264222350373,0.0006895459573276756,11.484494920410862,9.774723251430974,,,,,,,0.4631016042780748,0.005813895021048934,34.0,0.18910808557932762,0.14786766813914134,60,0.1439163730365678,0.3632004484696746,42,,,,,,,0.25557264222350373,0.0006895459573276756,173.0
Ovary,housekeeping,RPL13A↔RPS18,RPL13A,RPS18,173,0.8875688867862612,1.8898104565248254e-59,12.84641829804878,12.978468619330082,,,,,,,0.8105423987776927,6.250054203551113e-09,34.0,0.895359822172826,4.885368526188294e-22,60,0.9070134929044499,1.2997321148978251e-16,42,,,,,,,0.8875688867862612,1.8898104565248254e-59,173.0
Ovary,housekeeping,HPRT1↔TBP,HPRT1,TBP,173,0.09014803329281453,0.23819134003027992,5.000005407829505,4.67086643566286,,,,,,,-0.03086561243632568,0.8624273212788494,34.0,0.05737944066019138,0.6632222723834393,60,0.1339546195646401,0.3976936091590051,42,,,,,,,0.09014803329281453,0.23819134003027992,173.0
Ovary,housekeeping,B2M↔PPIA,B2M,PPIA,173,0.27803874646190424,0.00021237841179350892,9.912408040438084,7.786410905033177,,,,,,,0.518411000763942,0.0016847001134951518,34.0,0.2814431987378963,0.029373840381555077,60,-0.0910822090614314,0.5661972894999787,42,,,,,,,0.27803874646190424,0.00021237841179350892,173.0
Ovary,hormone,ESR1→PGR,ESR1,PGR,173,0.4500498308070273,5.22456834623838e-10,3.1100776987957817,4.309319161266261,,,,,,,0.5144385026737968,0.0018543554664271391,34.0,0.47700023622603077,0.00011655635636033134,60,0.45806660724414555,0.0022848723528533918,42,,,,,,,0.4500498308070273,5.22456834623838e-10,173.0
Ovary,hormone,AR→KLK3,AR,KLK3,173,0.12848094565048004,0.09205779541071556,4.157594926095422,0.4411641471626269,,,,,,,0.07368850687413171,0.6787522720476176,34.0,0.1491321814572424,0.2554354365206874,60,0.11545721439339576,0.4665477716052048,42,,,,,,,0.12848094565048004,0.09205779541071556,173.0
Ovary,hormone,AR→SMAD3,AR,SMAD3,173,0.239880591618468,0.001478824395950177,4.157594926095422,5.6687577942203236,,,,,,,0.2308632543926661,0.1889711471959535,34.0,0.21128091136426788,0.10512502157472702,60,0.34698756156676985,0.024364676183090034,42,,,,,,,0.239880591618468,0.001478824395950177,173.0
Cells - EBV-transformed lymphocytes,production,SMAD3→COL1A1,SMAD3,COL1A1,171,0.20139811804354102,0.008255745472454468,4.66020761595832,1.9327928845645392,,,,,,,0.0001876172607879925,0.999083256819481,40.0,0.2895423965152599,0.03370120663885503,54,0.2320690718470552,0.12068018599943743,46,,,,0.2398913902248903,0.011989047649685346,109.0,0.14084258769610436,0.27488581566044945,62.0
Cells - EBV-transformed lymphocytes,production,SMAD3→COL3A1,SMAD3,COL3A1,171,0.16445067109972344,0.03160635581518496,4.66020761595832,0.8663923767400764,,,,,,,-0.011632270168855536,0.9432080234485396,40.0,0.1787722274429396,0.19586881804310888,54,0.2952912517978627,0.046336039251099095,46,,,,0.2281459377833571,0.017032269115117515,109.0,0.06925120560602328,0.592767253424578,62.0
Cells - EBV-transformed lymphocytes,production,SMAD3→FN1,SMAD3,FN1,171,0.17727684544745786,0.02036274790744578,4.66020761595832,2.1995873095696434,,,,,,,0.04615384615384616,0.7773324400488306,40.0,0.19970267591674926,0.1476729255932839,54,0.2488436632747456,0.095387236973581,46,,,,0.23309918542725833,0.014716903079885327,109.0,0.08778534645185351,0.49747562089077946,62.0
Cells - EBV-transformed lymphocytes,production,SMAD3→SERPINE1,SMAD3,SERPINE1,171,0.08802167677004862,0.25228624901545643,4.66020761595832,1.663577140249007,,,,,,,0.1273980957356302,0.43340024381435993,40.0,0.012845680308799711,0.9265462251358048,54,0.22190015120482665,0.13830576526782437,46,,,,0.14460134141153405,0.13356939399782566,109.0,-0.0005288207297726071,0.9967452809399259,62.0
Cells - EBV-transformed lymphocytes,production,ESR1→COL1A1,ESR1,COL1A1,171,-0.1386201227601537,0.07058511867796365,0.16427891102363493,1.9327928845645392,,,,,,,-0.0727050988181984,0.6557148752486126,40.0,-0.17636744806556126,0.20205004588961992,54,-0.04853680350144485,0.7487243065914571,46,,,,-0.20936110667570823,0.028898494627259002,109.0,0.00012590969756490645,0.9992250649143412,62.0
Cells - EBV-transformed lymphocytes,production,ESR1→ELN,ESR1,ELN,171,-0.10174881335540668,0.18543039552249574,0.16427891102363493,0.5496016530134873,,,,,,,-0.007692668520119056,0.962425100731085,40.0,-0.12490947207928338,0.36814826784089927,54,-0.10336427276800708,0.4942329367648097,46,,,,-0.12382627068877539,0.19955403946925732,109.0,-0.07904610813124827,0.5413983497264483,62.0
Cells - EBV-transformed lymphocytes,production,SOX9→COL2A1,SOX9,COL2A1,171,0.18503058503621367,0.015401394070789387,4.61258682782887,0.10934973765731032,,,,,,,0.12759769324650566,0.43267412094366264,40.0,0.18925100057175526,0.17050392915097115,54,0.1347517730496454,0.37193163884052327,46,,,,0.22178357297718357,0.020463614013027133,109.0,0.14525125597656083,0.25998777641539,62.0
Cells - EBV-transformed lymphocytes,production,PPARG→FABP4,PPARG,FABP4,171,0.17639745888520802,0.02100441416617758,0.654906151685537,0.9767084831905644,,,,,,,0.226829268292683,0.15927127816950165,40.0,0.037011625690870964,0.7904657822754468,54,0.2972647939986838,0.04482755976211122,46,,,,0.22153027797649372,0.020611716240495553,109.0,0.0987887487094256,0.4449241729643876,62.0
Cells - EBV-transformed lymphocytes,production,PPARG→ADIPOQ,PPARG,ADIPOQ,171,0.12198273291511376,0.11197628860479795,0.654906151685537,0.1641429539671854,,,,,,,0.3588736737076093,0.022960739079212682,40.0,-0.1516163206074187,0.2737708818936401,54,0.19357411325217622,0.1974036477179911,46,,,,0.14989146949916812,0.11978565550010563,109.0,0.06890211170795905,0.5946375420151453,62.0
Cells - EBV-transformed lymphocytes,production,RUNX2→SPP1,RUNX2,SPP1,171,0.30035177739690133,6.569730947707242e-05,0.36403592473320795,2.242195826219885,,,,,,,0.2928842819489231,0.06664272481674152,40.0,0.1968744044215742,0.15361406451802673,54,0.4634597594819611,0.0011796940202344153,46,,,,0.26007784264665,0.00631128763139541,109.0,0.3684873208934552,0.0032099728694450604,62.0
Cells - EBV-transformed lymphocytes,production,FOXO1→PCK1,FOXO1,PCK1,171,-0.07632618567601059,0.3210892581855716,3.4705446306724994,0.12951275797244924,,,,,,,-0.12585641930075,0.43903150284847114,40.0,-0.10776502909373649,0.4379609499569773,54,-0.22541642034701592,0.13200683632355484,46,,,,-0.043195603566152624,0.6556085329458301,109.0,-0.04251379726321899,0.7428437782803139,62.0
Cells - EBV-transformed lymphocytes,detection,RELA→ICAM1,RELA,ICAM1,171,0.7197441605121971,1.3896598407551593e-28,5.881246890240942,6.854343723832515,,,,,,,0.6944040534868446,6.69435779694721e-07,40.0,0.7231179721745759,6.598323603437244e-10,54,0.7575084798026519,1.1032288104187989e-09,46,,,,0.6892673953637075,1.1697884971345366e-16,109.0,0.7705712739376132,2.412167395757472e-13,62.0
Cells - EBV-transformed lymphocytes,detection,RELA→IL6,RELA,IL6,171,0.0633867282150304,0.4101452207606059,5.881246890240942,0.5722101738251615,,,,,,,0.15404099646384745,0.342606198381582,40.0,-0.1738417666899083,0.20868932198988016,54,0.18391737852664933,0.22112992718102525,46,,,,0.06122988200911317,0.5270715303558329,109.0,0.1036523956106073,0.42271903668128286,62.0
Cells - EBV-transformed lymphocytes,detection,RELA→CCL2,RELA,CCL2,171,-0.08301316208641958,0.2803915303049668,5.881246890240942,0.5462437884566206,,,,,,,-0.11764154053938165,0.4697084813496848,40.0,-0.3231241304976117,0.017161665210199576,54,0.19321200840169203,0.1982594789557654,46,,,,0.046220609776318575,0.6331846820846119,109.0,-0.2651103053122355,0.03730420035301373,62.0
Cells - EBV-transformed lymphocytes,detection,RELA→NFKBIA,RELA,NFKBIA,171,0.6374235602446072,7.00103521808355e-21,5.881246890240942,8.255905522240532,,,,,,,0.6692621612503578,2.340089228645633e-06,40.0,0.5631623088638195,9.284105958982897e-06,54,0.7328399629972246,7.024130101291203e-09,46,,,,0.5855892798825826,2.2597968563418404e-11,109.0,0.7412332062184942,5.603930935182496e-12,62.0
Cells - EBV-transformed lymphocytes,detection,NFKB1→TNF,NFKB1,TNF,171,0.22961815407740246,0.0025186212312395297,6.646731951083356,7.054615062579774,,,,,,,0.16135084427767357,0.3199065095077697,40.0,0.1716442089926561,0.21458968713030233,54,0.34665433240826393,0.018269008097470587,46,,,,0.2256618408529885,0.01830769198295363,109.0,0.22596323351410644,0.07740499921885993,62.0
Cells - EBV-transformed lymphocytes,detection,HIF1A→VEGFA,HIF1A,VEGFA,171,0.23825612281208144,0.001700654103137682,6.160806396551299,6.1450345558032655,,,,,,,0.2112570356472796,0.1906817367770719,40.0,0.21018525577494857,0.12713524528458234,54,0.26783842121492446,0.07192153606061583,46,,,,0.23947734222963585,0.012141693368450808,109.0,0.22409407972602052,0.07995408106144598,62.0
Cells - EBV-transformed lymphocytes,detection,HIF1A→SLC2A1,HIF1A,SLC2A1,171,0.007709947572356509,0.9202787104410318,6.160806396551299,5.932010809580485,,,,,,,0.14390243902439023,0.37568086595094496,40.0,0.054470258638797585,0.6956510745089199,54,-0.10638297872340426,0.4816392722987314,46,,,,-0.02062371565132875,0.8314375864014788,109.0,0.027272040492558738,0.8333483325322707,62.0
Cells - EBV-transformed lymphocytes,detection,TP53→CDKN1A,TP53,CDKN1A,171,-0.3149919149924253,2.7147379061394e-05,6.191930570100483,7.866080049882855,,,,,,,-0.4990619136960601,0.001045267183826119,40.0,-0.2484084931193535,0.07010750091118569,54,-0.3454209065679926,0.018714794839476866,46,,,,-0.2936925874942066,0.0019381780625723258,109.0,-0.37484260903348654,0.0026845924011266852,62.0
Cells - EBV-transformed lymphocytes,detection,TP53→MDM2,TP53,MDM2,171,-0.2600903479819772,0.0005914706170374898,6.191930570100483,4.999376520078782,,,,,,,-0.3125850184028865,0.049554145196768734,40.0,-0.1450789053428792,0.29523221252060766,54,-0.1676842429848905,0.2653218637180282,46,,,,-0.2349973009859448,0.013905031168680847,109.0,-0.28390476072811144,0.025338280815421974,62.0
Cells - EBV-transformed lymphocytes,detection,ATF4→DDIT3,ATF4,DDIT3,171,0.7747879152981737,1.7513392366297556e-35,8.768440107155962,5.594739442680314,,,,,,,0.7241767520405292,1.2794432294815277e-07,40.0,0.8234352373139455,2.1141385998238368e-14,54,0.7920444033302498,5.528119614262576e-11,46,,,,0.7463186573952545,1.2394757446971551e-20,109.0,0.8086526234256799,1.8836027470408163e-15,62.0
Cells - EBV-transformed lymphocytes,detection,XBP1→DNAJB1,XBP1,DNAJB1,171,-0.08445022841905575,0.27212012171193567,8.046363749699285,5.705394220631025,,,,,,,-0.21436277522526884,0.1840923277644675,40.0,-0.11355060034305317,0.4136155459404879,54,0.03805353405535202,0.8017524983925428,46,,,,-0.08879683623258837,0.35851750074754374,109.0,-0.03759663569288107,0.7717289128687953,62.0
Cells - EBV-transformed lymphocytes,detection,HSF1→HSPA1A,HSF1,HSPA1A,171,0.42710186449136944,5.689611632447374e-09,6.26793718895717,4.018874698215061,,,,,,,0.32797035544312464,0.03882611155574141,40.0,0.33067144415085314,0.014597877162650626,54,0.3663891458526056,0.012267805043049454,46,,,,0.37336755946620326,6.36816829136622e-05,109.0,0.5121567344055642,2.0896078191673e-05,62.0
Cells - EBV-transformed lymphocytes,detection,STAT1→IRF1,STAT1,IRF1,171,0.21959969256047,0.003903107721225554,8.97861028972425,5.4783449591251845,,,,,,,0.3142736529560834,0.04827130835878645,40.0,0.27867352773013143,0.041298144588351945,54,0.018193031144002468,0.9044790339046981,46,,,,0.2662422359536101,0.005137253854134917,109.0,0.13412069856642908,0.2986745275332822,62.0
Cells - EBV-transformed lymphocytes,detection,NFE2L2→NQO1,NFE2L2,NQO1,171,-0.2777778111136345,0.00023467099873360523,5.460006192413687,4.20141839841653,,,,,,,0.163797551660096,0.31252469657626386,40.0,-0.3986505804372093,0.002828633823373876,54,-0.35269811902559356,0.016212186843791006,46,,,,-0.2669517834471638,0.005015462800317286,109.0,-0.3000428092971721,0.01782025134135788,62.0
Cells - EBV-transformed lymphocytes,detection,NFE2L2→HMOX1,NFE2L2,HMOX1,171,0.037957169634291625,0.6220892542521694,5.460006192413687,5.071569209907487,,,,,,,0.1294619824117597,0.42592468460959476,40.0,-0.08679576128894796,0.5325807615103145,54,0.042307810930103135,0.7801115852563786,46,,,,0.039144275011193226,0.6861233100665332,109.0,0.06227572053225293,0.6306249688124688,62.0
Cells - EBV-transformed lymphocytes,housekeeping,ACTB↔GAPDH,ACTB,GAPDH,171,-0.06073284293294593,0.4300601848416121,13.483391678124143,12.659844203302038,,,,,,,-0.0053475935828877,0.9738748453351809,40.0,-0.07772060224890412,0.5764280398385129,54,-0.07530529186642594,0.6189094002200458,46,,,,-0.030817776171809436,0.7503990484964486,109.0,-0.11737745376722161,0.36357816719031333,62.0
Cells - EBV-transformed lymphocytes,housekeeping,RPL13A↔RPS18,RPL13A,RPS18,171,0.7922536647882727,4.2738747403315277e-38,12.318742746498152,13.011727550573516,,,,,,,0.7701688555347093,6.229980520683511e-09,40.0,0.8127692014484467,8.444157004896068e-14,54,0.8001110166938116,2.5314825034847918e-11,46,,,,0.776138282864766,3.6697018803438965e-23,109.0,0.7960111306205077,1.0559363139782098e-14,62.0
Cells - EBV-transformed lymphocytes,housekeeping,HPRT1↔TBP,HPRT1,TBP,171,0.39757656849889716,7.265430638790064e-08,7.022565928118968,4.8789210932993745,,,,,,,0.329502278442447,0.03787069559208884,40.0,0.3928755218278923,0.0032965497292083974,54,0.4037619488128276,0.005391906432018967,46,,,,0.2684430503053494,0.004767847051340887,109.0,0.631286041650928,3.7792596792637335e-08,62.0
Cells - EBV-transformed lymphocytes,housekeeping,B2M↔PPIA,B2M,PPIA,171,-0.4013113565905451,5.335542207625963e-08,12.078025276897943,9.375818107560365,,,,,,,-0.2333239515902055,0.14734806743698403,40.0,-0.5028778349533066,0.00010646613149735561,54,-0.4045020043169904,0.005299822274908498,46,,,,-0.43249867944286385,2.646282752904653e-06,109.0,-0.34013673968020236,0.006832541059497201,62.0
Brain - Anterior cingulate cortex (BA24),production,SMAD3→COL1A1,SMAD3,COL1A1,163,0.35680048991397584,2.9384715745134967e-06,3.5566006876939644,1.0073235862277037,,,,,,,0.47402597402597396,0.02993936808467947,21.0,0.38190191860235834,0.016435213004273433,39,0.3201320858589092,0.002360969981617615,88,,,,0.3208842156087381,0.00031387109685048273,122.0,0.38675958188153314,0.012491668026313426,41.0
Brain - Anterior cingulate cortex (BA24),production,SMAD3→COL3A1,SMAD3,COL3A1,163,0.2662681968140947,0.0005913341366875715,3.5566006876939644,0.8792133570585879,,,,,,,0.23636363636363636,0.30228813585284137,21.0,0.37886532767787634,0.017385098909064606,39,0.26989424373421184,0.010990163921350202,88,,,,0.2686319574018068,0.0027735052992079977,122.0,0.2757839721254356,0.0809338856849158,41.0
Brain - Anterior cingulate cortex (BA24),production,SMAD3→FN1,SMAD3,FN1,163,0.1961343132525342,0.012099643918075643,3.5566006876939644,4.014271464084555,,,,,,,0.3233766233766234,0.1527420375382629,21.0,0.35356040330719263,0.027243668524417557,39,0.0601340225272735,0.5778380516988231,88,,,,0.18618822048451159,0.0400399800732739,122.0,0.22108013937282234,0.16480749577391662,41.0
Brain - Anterior cingulate cortex (BA24),production,SMAD3→SERPINE1,SMAD3,SERPINE1,163,0.09546650484061141,0.2254260751153623,3.5566006876939644,1.19342591170153,,,,,,,0.04546931061506304,0.8448385476680275,21.0,0.13674781129917474,0.4064738549769995,39,0.06608666555384209,0.5407011714658412,88,,,,0.12160505454318363,0.18210488585171475,122.0,0.005749128919860628,0.9715421382533447,41.0
Brain - Anterior cingulate cortex (BA24),production,ESR1→COL1A1,ESR1,COL1A1,163,0.4500050570620989,1.674271335574845e-09,0.18855741174400217,1.0073235862277037,,,,,,,0.7064935064935066,0.0003437390796187926,21.0,0.308502024291498,0.05602885353524708,39,0.4550229607268255,8.430258592994657e-06,88,,,,0.3056402325689312,0.0006183023368844365,122.0,0.7139372822299652,1.6002329758772842e-07,41.0
Brain - Anterior cingulate cortex (BA24),production,ESR1→ELN,ESR1,ELN,163,0.4754272001841079,1.4266644764539096e-10,0.18855741174400217,2.658428272586659,,,,,,,0.6194805194805195,0.0027458897532375575,21.0,0.43684210526315786,0.005426939353291391,39,0.5667401938177655,8.614222056762649e-09,88,,,,0.4473681601739469,2.390250427413614e-07,122.0,0.5700348432055751,0.00010001632820005719,41.0
Brain - Anterior cingulate cortex (BA24),production,AR→COL1A1,AR,COL1A1,163,0.2857006286694716,0.0002182757904824501,0.37440122823956556,1.0073235862277037,,,,,,,0.4727272727272727,0.030455231601954364,21.0,0.2137760010835359,0.19129372848448237,39,0.37763894209332816,0.0002865141084857792,88,,,,0.28453459035365264,0.0014913763679910378,122.0,0.28163247554916937,0.07444594373146873,41.0
Brain - Anterior cingulate cortex (BA24),production,SOX9→ACAN,SOX9,ACAN,163,0.07371964284602707,0.34967525628966634,5.2897433561781435,0.37806322293047523,,,,,,,-0.13896103896103898,0.5480180624883648,21.0,-0.06073181848964087,0.7134178706353309,39,0.18821105279842207,0.07907788083965211,88,,,,0.02051421008893503,0.8225411106619022,122.0,0.236411149825784,0.13671325958011823,41.0
Brain - Anterior cingulate cortex (BA24),production,SOX9→COL2A1,SOX9,COL2A1,163,0.0325301363400592,0.6801709440287136,5.2897433561781435,0.230664514399425,,,,,,,-0.21688311688311687,0.345000326982445,21.0,-0.01649881068968577,0.9205909016541283,39,0.14252818907621623,0.1852740458496499,88,,,,-0.0033375300295272756,0.9708957800191946,122.0,0.17334494773519168,0.27842919502301067,41.0
Brain - Anterior cingulate cortex (BA24),production,PPARG→FABP4,PPARG,FABP4,163,0.20281768977707335,0.009417379929000012,1.4551617676860715,1.0772156759045242,,,,,,,0.5766233766233767,0.006213392871018532,21.0,0.024696356275303644,0.8813694567351703,39,0.18335197204025316,0.08727892905778772,88,,,,0.17943295221730227,0.04797613310769275,122.0,0.20401585454257798,0.20073993520057104,41.0
Brain - Anterior cingulate cortex (BA24),production,PPARG→ADIPOQ,PPARG,ADIPOQ,163,0.16844663466620424,0.031601513654134085,1.4551617676860715,0.11045030047945632,,,,,,,0.39085802174796164,0.07978637574312362,21.0,0.08648025182286936,0.6006402196559537,39,0.19326702047942143,0.07121044308869447,88,,,,0.17149789157932,0.05892208470276935,122.0,0.18792447807461507,0.23935128714566287,41.0
Brain - Anterior cingulate cortex (BA24),production,RUNX2→SPP1,RUNX2,SPP1,163,0.4341823879983889,7.022392749929082e-09,0.7401322161127453,5.787394438784546,,,,,,,0.4753246753246753,0.029430421226411384,21.0,0.38582995951417004,0.01527162716508967,39,0.42317988094818787,3.995093914558247e-05,88,,,,0.37441614166969744,2.1512294698306248e-05,122.0,0.592857142857143,4.419652680593108e-05,41.0
Brain - Anterior cingulate cortex (BA24),production,FOXO1→PCK1,FOXO1,PCK1,163,0.1840605462323574,0.01867408113539315,2.473779666643201,0.5756686077870291,,,,,,,-0.0025974025974025974,0.9910846979963881,21.0,0.07834008097165993,0.635467185267974,39,0.26157287144580543,0.013827721562672113,88,,,,0.09089947789306722,0.3193741122326808,122.0,0.405226480836237,0.008581564753842964,41.0
Brain - Anterior cingulate cortex (BA24),production,HNF4A→ALB,HNF4A,ALB,163,0.242424431356086,0.0018214896889507002,0.21579016405986223,1.145001667226019,,,,,,,0.20129870129870128,0.3815806896030638,21.0,0.13299595141700404,0.4195906294412808,39,0.31536077208925517,0.002764190502785363,88,,,,0.32690280517746745,0.00023776323941908576,122.0,0.09164162210879251,0.5687813139652034,41.0
Brain - Anterior cingulate cortex (BA24),detection,RELA→ICAM1,RELA,ICAM1,163,0.7245206162741183,8.211094592722128e-28,4.024137442828687,1.6721211062984231,,,,,,,0.6220779220779221,0.0026035229855589613,21.0,0.8101624586518092,4.154517725190463e-10,39,0.6911375574085048,9.124629889412474e-14,88,,,,0.7073273896618004,8.51669072262102e-20,122.0,0.7315649643247524,5.5273106012440845e-08,41.0
Brain - Anterior cingulate cortex (BA24),detection,RELA→IL6,RELA,IL6,163,0.4061214296460705,7.500845225791774e-08,4.024137442828687,1.0435088903991723,,,,,,,0.16363636363636364,0.4784743069143619,21.0,0.5388663967611337,0.0004012529012017417,39,0.42717070185816913,3.315186207815052e-05,88,,,,0.39969862996464717,5.091930371068748e-06,122.0,0.41378108841897754,0.00716091439885835,41.0
Brain - Anterior cingulate cortex (BA24),detection,RELA→CCL2,RELA,CCL2,163,0.5692277957240526,2.2224577423075856e-15,4.024137442828687,1.835200299971674,,,,,,,0.37142857142857144,0.09735837325949603,21.0,0.6751012145748988,2.427650529205755e-06,39,0.5337988667399435,8.533412410226565e-08,88,,,,0.5242915113543235,5.720977249754806e-10,122.0,0.6677120089960975,1.8518232908847464e-06,41.0
Brain - Anterior cingulate cortex (BA24),detection,RELA→NFKBIA,RELA,NFKBIA,163,0.7587939733305966,8.666397092014777e-32,4.024137442828687,5.241780291305729,,,,,,,0.6324675324675325,0.0020942859167564862,21.0,0.7476086856074792,4.533378708009881e-08,39,0.7478668228208131,5.672118658770337e-17,88,,,,0.7455021603270513,6.957676405358954e-23,122.0,0.7950694724210543,5.347659736919041e-10,41.0
Brain - Anterior cingulate cortex (BA24),detection,NFKB1→TNF,NFKB1,TNF,163,0.43172336343235584,8.718114436700607e-09,2.106887873330731,0.19433212493963403,,,,,,,0.44187471556535074,0.04490673256246622,21.0,0.4771617144142097,0.002130197208744671,39,0.3865292797201166,0.0001993866551736265,88,,,,0.4917535047383376,8.81969071727238e-09,122.0,0.2508734098961402,0.113623197406768,41.0
Brain - Anterior cingulate cortex (BA24),detection,HIF1A→VEGFA,HIF1A,VEGFA,163,0.26813797957489965,0.0005389664945154064,4.541362404091958,4.241201410995671,,,,,,,-0.02077922077922078,0.9287633909628465,21.0,0.40751050206549033,0.010025390214699632,39,0.2594012935948342,0.014665396121858536,88,,,,0.2991859414218964,0.00081508932826898,122.0,0.1962629036227277,0.21875874506668308,41.0
Brain - Anterior cingulate cortex (BA24),detection,HIF1A→SLC2A1,HIF1A,SLC2A1,163,0.4916367687075786,2.661392940997505e-11,4.541362404091958,5.478551134741379,,,,,,,0.3974025974025974,0.07443684016918098,21.0,0.6323194501746443,1.5727487633622216e-05,39,0.4451997798612221,1.385294639857454e-05,88,,,,0.43629964972811075,5.072702758522662e-07,122.0,0.6395470383275262,6.7486698230916276e-06,41.0
Brain - Anterior cingulate cortex (BA24),detection,TP53→CDKN1A,TP53,CDKN1A,163,0.45757232112745966,8.21472571541893e-10,2.1322292477075306,3.852695009459747,,,,,,,0.37142857142857144,0.09735837325949603,21.0,0.4194331983805668,0.007861716683442686,39,0.4831812898453737,1.8589737727916887e-06,88,,,,0.39330778979005876,7.412603181692614e-06,122.0,0.6487804878048782,4.481493474973023e-06,41.0
Brain - Anterior cingulate cortex (BA24),detection,TP53→MDM2,TP53,MDM2,163,0.347284598465645,5.5753532418908924e-06,2.1322292477075306,2.444211481539018,,,,,,,0.14550179396820176,0.5291477229870895,21.0,0.1722672064777328,0.2943293343803028,39,0.4057095558451623,8.799068065265847e-05,88,,,,0.24954398255237595,0.005572614996074746,122.0,0.5834494773519165,6.234638199311848e-05,41.0
Brain - Anterior cingulate cortex (BA24),detection,ATF4→DDIT3,ATF4,DDIT3,163,0.8258287715811035,6.69675095724351e-42,6.995031465050633,5.192758374418949,,,,,,,0.8688311688311688,3.2413520398464367e-07,21.0,0.8493927125506074,8.161752181252157e-12,39,0.8147760044739376,4.574011336647921e-22,88,,,,0.816176142596795,2.2987133048228798e-30,122.0,0.8306620209059234,1.8244327805981298e-11,41.0
Brain - Anterior cingulate cortex (BA24),detection,XBP1→DNAJB1,XBP1,DNAJB1,163,0.5925777369522744,7.907135656546857e-17,3.977666990888631,6.162147837913841,,,,,,,0.6428571428571428,0.0016715248867048174,21.0,0.5633603238866397,0.000188396798971437,39,0.5314583095052079,9.95172743481167e-08,88,,,,0.630296461405637,7.309140195073816e-15,122.0,0.41968641114982586,0.006302926747528596,41.0
Brain - Anterior cingulate cortex (BA24),detection,HSF1→HSPA1A,HSF1,HSPA1A,163,0.23560691447249657,0.00246489660027888,5.310104538326614,5.835974601148828,,,,,,,0.5571428571428572,0.008697719664340076,21.0,-0.03481781376518219,0.833334867653805,39,0.2895296464120839,0.006217994321880043,88,,,,0.19726389531425553,0.0294158709400847,122.0,0.31699986963298094,0.04344219678842836,41.0
Brain - Anterior cingulate cortex (BA24),detection,STAT1→IRF1,STAT1,IRF1,163,0.35925440744700293,2.482680888028881e-06,4.071748261071422,1.5735385721446546,,,,,,,0.34285714285714286,0.12813141007326168,21.0,0.2923224863301381,0.07094455894390812,39,0.34202890893972515,0.0011078578730945566,88,,,,0.3080908801052987,0.0005557968034994563,122.0,0.536062717770035,0.00030344059451467716,41.0
Brain - Anterior cingulate cortex (BA24),detection,NFE2L2→NQO1,NFE2L2,NQO1,163,0.7273558574568482,4.059693119967538e-28,4.450434563350092,4.271460404425311,,,,,,,0.7636363636363636,5.624426843282811e-05,21.0,0.698582995951417,7.601108330909575e-07,39,0.73001769942675,7.070676853923874e-16,88,,,,0.6856883219879718,2.948907825116362e-18,122.0,0.7863582916122337,1.1064940800381276e-09,41.0
Brain - Anterior cingulate cortex (BA24),detection,NFE2L2→HMOX1,NFE2L2,HMOX1,163,0.7065986570339086,5.798608066552752e-26,4.450434563350092,2.9629923361210735,,,,,,,0.8337662337662338,2.6652061559546145e-06,21.0,0.7959514170040487,1.3877449561013954e-09,39,0.6596044451744788,2.7762368422006623e-12,88,,,,0.6610545586132853,1.168304093037412e-16,122.0,0.7757839721254356,2.559955431223127e-09,41.0
Brain - Anterior cingulate cortex (BA24),housekeeping,ACTB↔GAPDH,ACTB,GAPDH,163,0.9251704167599214,1.2412391022074017e-69,10.037596149678611,10.09063423484381,,,,,,,0.9558441558441559,1.4777197171919978e-11,21.0,0.9087504439999929,1.2949990394452021e-15,39,0.936118877279299,8.521177376608894e-41,88,,,,0.9277306703703393,3.415634605546544e-53,122.0,0.9090592334494776,2.0634987611923283e-16,41.0
Brain - Anterior cingulate cortex (BA24),housekeeping,RPL13A↔RPS18,RPL13A,RPS18,163,0.8743325362099973,2.027464506732862e-52,9.258625814519776,9.552056160441206,,,,,,,0.961038961038961,4.592230591649312e-12,21.0,0.8785425101214575,1.974449057343839e-13,39,0.8311385260309416,1.2370834126047388e-23,88,,,,0.8508426409358272,2.460928967905979e-35,122.0,0.9447735191637633,1.705494828347518e-20,41.0
Brain - Anterior cingulate cortex (BA24),housekeeping,HPRT1↔TBP,HPRT1,TBP,163,0.8337626062856888,2.205120015756157e-43,5.845847008418452,2.8450821601540035,,,,,,,0.8285714285714286,3.494265356687365e-06,21.0,0.7795546558704455,4.98836574725666e-09,39,0.8387730212693624,2.0056682750452486e-24,88,,,,0.8405001635709352,9.935870107317666e-34,122.0,0.8172473867595821,7.096771917077558e-11,41.0
Brain - Anterior cingulate cortex (BA24),housekeeping,B2M↔PPIA,B2M,PPIA,163,0.2078232376415207,0.0077673480240478395,7.642542768841141,7.655937253331846,,,,,,,0.38051948051948054,0.08881428785517553,21.0,0.22388663967611339,0.17064098340357275,39,0.14231622697333662,0.18593533582570004,88,,,,0.1577216858852488,0.08273443431738052,122.0,0.31672473867595824,0.043634562542286155,41.0
Brain - Anterior cingulate cortex (BA24),hormone,ESR1→PGR,ESR1,PGR,163,0.3395724499785024,9.228786548295778e-06,0.18855741174400217,0.32041506722935137,,,,,,,0.387012987012987,0.08306017415904401,21.0,0.397165991902834,0.01229601495379783,39,0.28051266472333775,0.008116333483328134,88,,,,0.2412989205955964,0.007417799515116328,122.0,0.6130662020905925,2.0328076398418342e-05,41.0
Brain - Anterior cingulate cortex (BA24),hormone,AR→KLK3,AR,KLK3,163,0.022255830489886243,0.7779499397425504,0.37440122823956556,0.12069956154956774,,,,,,,-0.23518040075239305,0.3047858759899564,21.0,0.11737655883869054,0.476692032718421,39,-0.013121848699700112,0.9034225088597806,88,,,,-0.015281060675483309,0.8673251847851737,122.0,0.13964848727939216,0.3838569153055157,41.0
Brain - Anterior cingulate cortex (BA24),hormone,AR→SMAD3,AR,SMAD3,163,0.6624658301041975,5.936343679874106e-22,0.37440122823956556,3.5566006876939644,,,,,,,0.6935064935064935,0.00048989740104046,21.0,0.6445996558356109,9.473248781235398e-06,39,0.6569569314203787,3.630678182866005e-12,88,,,,0.6905382676056816,1.3688363082975483e-18,122.0,0.5620453857851039,0.00013126638024029487,41.0
Minor Salivary Gland,production,SMAD3→COL1A1,SMAD3,COL1A1,157,0.37823464244997224,1.0391341140967255e-06,4.371677157225882,6.000537507852931,,,,,,,0.3414905450500556,0.0647605499254224,30.0,0.25448979591836735,0.07762732282121557,49,0.34867346938775506,0.01407666700801132,49,,,,0.45545327705578326,5.096242600523346e-07,111.0,0.21591119333950043,0.14954468368715998,46.0
Minor Salivary Gland,production,SMAD3→COL3A1,SMAD3,COL3A1,157,0.3534309530015784,5.612021613814892e-06,4.371677157225882,6.458720787315611,,,,,,,0.28409343715239155,0.1281416150973709,30.0,0.23091836734693874,0.11040865886053496,49,0.37367346938775503,0.008175097227485776,49,,,,0.4181547749629253,4.95440325451692e-06,111.0,0.20389157862233376,0.1741055214753014,46.0
Minor Salivary Gland,production,SMAD3→FN1,SMAD3,FN1,157,0.44165001170840285,7.032854704668706e-09,4.371677157225882,5.728079841395092,,,,,,,0.3090100111234705,0.09660340031087068,30.0,0.34551020408163263,0.0150348960308808,49,0.5968367346938774,6.002710307918381e-06,49,,,,0.49926947731911464,2.4359820951616764e-08,111.0,0.3117483811285846,0.03493878246542408,46.0
Minor Salivary Gland,production,SMAD3→SERPINE1,SMAD3,SERPINE1,157,0.4843376184024293,1.3014494778993352e-10,4.371677157225882,3.6952046376125067,,,,,,,0.46651835372636263,0.009357934968660869,30.0,0.41346938775510195,0.003147492491040049,49,0.5779591836734694,1.3694734101267992e-05,49,,,,0.5285210974124994,2.4893163806774984e-09,111.0,0.3839037927844588,0.008441539574765915,46.0
Minor Salivary Gland,production,ESR1→COL1A1,ESR1,COL1A1,157,0.5971898771103858,1.515363338604173e-16,0.6823367178440094,6.000537507852931,,,,,,,0.8411568409343715,5.8699446474795454e-09,30.0,0.5485714285714285,4.486653223359009e-05,49,0.4821428571428571,0.0004515076440604525,49,,,,0.603372250673808,2.4060672098916136e-12,111.0,0.6066604995374651,7.853188821469005e-06,46.0
Minor Salivary Gland,production,ESR1→ELN,ESR1,ELN,157,0.3389688598912174,1.408087332270906e-05,0.6823367178440094,6.101393783168429,,,,,,,0.19288097886540603,0.3071634918780161,30.0,0.4432653061224489,0.001423698075449739,49,0.3665306122448979,0.009588778318369705,49,,,,0.37555282555282554,4.873480572231882e-05,111.0,0.21344434165895776,0.15436455081854739,46.0
Minor Salivary Gland,production,AR→COL1A1,AR,COL1A1,157,0.3498237078108138,7.089641382020138e-06,1.551361226352157,6.000537507852931,,,,,,,0.4687430478309232,0.00898147665666598,30.0,0.22489795918367345,0.1202744358363359,49,0.4316326530612245,0.0019571310320755427,49,,,,0.36374046806307536,8.703217661882051e-05,111.0,0.3945112550107925,0.006666099798792893,46.0
Minor Salivary Gland,production,SOX9→ACAN,SOX9,ACAN,157,-0.0899985890374531,0.26231165565460635,6.525737722967841,0.14236244338173062,,,,,,,-0.08566025194846219,0.6526576978852692,30.0,-0.13979591836734692,0.33805032922142886,49,-0.16214285714285712,0.2656720306736331,49,,,,-0.09133069204410336,0.3404227071988283,111.0,-0.12149619173805126,0.42120310726735055,46.0
Minor Salivary Gland,production,PPARG→FABP4,PPARG,FABP4,157,0.7507083844049369,1.0529328513732119e-29,2.65522223824908,6.060422148674157,,,,,,,0.8562847608453837,1.5951566126511384e-09,30.0,0.7781632653061223,4.7100915282785485e-11,49,0.7117346938775511,9.860145636247951e-09,49,,,,0.6677284473934374,1.2025493026863584e-15,111.0,0.8578389046503023,2.6324900763796263e-14,46.0
Minor Salivary Gland,production,PPARG→ADIPOQ,PPARG,ADIPOQ,157,0.7078923458141125,3.537203960629909e-25,2.65522223824908,3.488557796474475,,,,,,,0.8011123470522803,1.0498177317457819e-07,30.0,0.7160204081632653,7.313330533688043e-09,49,0.6611224489795918,2.333300015363385e-07,49,,,,0.6140251580664492,7.697980315340849e-13,111.0,0.8575040862567842,2.7623636373481114e-14,46.0
Minor Salivary Gland,production,RUNX2→SPP1,RUNX2,SPP1,157,0.5685041103713454,8.064113724874624e-15,3.6007690425891026,5.301764634764119,,,,,,,0.5483870967741935,0.001703740301357306,30.0,0.6081632653061223,3.5667970572008943e-06,49,0.558891808646366,2.995586050287045e-05,49,,,,0.598259473192632,4.096333368578979e-12,111.0,0.5453760525581661,8.873404692647228e-05,46.0
Minor Salivary Gland,production,FOXO1→PCK1,FOXO1,PCK1,157,0.3966008323104781,2.7161029468068525e-07,4.04144263874953,1.4356530290452918,,,,,,,0.5813125695216907,0.0007547797838635118,30.0,0.27459884189654393,0.056203422735826826,49,0.3891425802944891,0.0057179891442877065,49,,,,0.3177933195009463,0.0006767861915027667,111.0,0.4682701202590195,0.0010310151949709464,46.0
Minor Salivary Gland,production,MYOD1→MYH2,MYOD1,MYH2,157,0.8246840707964103,3.3627650038658864e-40,0.4969045490880681,3.667880277351067,,,,,,,0.8246526969304014,2.102540315247096e-08,30.0,0.7893613846837214,1.5945595577829266e-11,49,0.8271055006834661,2.4061274484509907e-13,49,,,,0.7902400601449567,6.305108924809693e-25,111.0,0.867972097317288,5.767597786614665e-15,46.0
Minor Salivary Gland,detection,RELA→ICAM1,RELA,ICAM1,157,0.782644694091533,9.976810032123645e-34,5.934884022755228,4.2371451224491095,,,,,,,0.8060066740823137,7.651142214336146e-08,30.0,0.8237755102040816,3.6228631893448133e-13,49,0.7245918367346939,3.957124491809028e-09,49,,,,0.7866093366093365,1.4446612470187598e-24,111.0,0.7581251927227876,1.0504102007626822e-09,46.0
Minor Salivary Gland,detection,RELA→IL6,RELA,IL6,157,0.45913710325764956,1.4656441476488204e-09,5.934884022755228,2.557647946059324,,,,,,,0.5234705228031146,0.002992273906923646,30.0,0.6152040816326529,2.554362908168853e-06,49,0.35428571428571426,0.012504642146423526,49,,,,0.4566426816426816,4.718261801342573e-07,111.0,0.5005858772741288,0.0003956817762706808,46.0
Minor Salivary Gland,detection,RELA→CCL2,RELA,CCL2,157,0.709564233163554,2.440045626685348e-25,5.934884022755228,3.9337076351141476,,,,,,,0.7196885428253615,7.378920839745494e-06,30.0,0.6878571428571427,4.746718347206761e-08,49,0.7412244897959183,1.123088954892911e-09,49,,,,0.758976833976834,4.875828293727519e-22,111.0,0.571402140331495,3.3612038141883745e-05,46.0
Minor Salivary Gland,detection,RELA→NFKBIA,RELA,NFKBIA,157,0.6836955561135774,5.77697432323201e-23,5.934884022755228,7.272752351821608,,,,,,,0.5830923248053392,0.0007205036902960919,30.0,0.739304574336849,1.3050999077994899e-09,49,0.6021582185178393,4.712108976903308e-06,49,,,,0.7417272879127963,1.2604949393986553e-20,111.0,0.5377119950662966,0.00011633774917121696,46.0
Minor Salivary Gland,detection,NFKB1→TNF,NFKB1,TNF,157,0.5277460138418572,1.2283715432126699e-12,4.48541714127656,0.5682362798767485,,,,,,,0.5609077796417484,0.0012625102601132555,30.0,0.4951020408163265,0.0002984567686557603,49,0.4034796807353901,0.00404332895051781,49,,,,0.5330276639503054,1.717755299690386e-09,111.0,0.5050417838288842,0.00034412367956262123,46.0
Minor Salivary Gland,detection,HIF1A→VEGFA,HIF1A,VEGFA,157,0.2440668295206054,0.002066995479131528,6.058871451456835,5.681713064764716,,,,,,,0.30945494994438266,0.09609934805462504,30.0,0.30132653061224485,0.03537757356622208,49,0.2278571428571428,0.11534486395115377,49,,,,0.3216625204568289,0.0005763085527742807,111.0,0.06839346284304655,0.6515350915444016,46.0
Minor Salivary Gland,detection,HIF1A→SLC2A1,HIF1A,SLC2A1,157,0.4801796095695015,1.9673334984777112e-10,6.058871451456835,5.1943602956784,,,,,,,0.6827586206896552,3.226027770924628e-05,30.0,0.5793877551020407,1.2889109384853175e-05,49,0.6152040816326529,2.554362908168853e-06,49,,,,0.5207189380473612,4.672070059723597e-09,111.0,0.441504779525131,0.002129617704873431,46.0
Minor Salivary Gland,detection,TP53→CDKN1A,TP53,CDKN1A,157,0.5832739620375413,1.0939826741541745e-15,4.28772984188833,6.24597036762602,,,,,,,0.5286461263105094,0.0026712079564694393,30.0,0.5445824937354067,5.226337076528208e-05,49,0.4720408163265306,0.0006165454294764093,49,,,,0.6527084302500354,8.354487943000414e-15,111.0,0.3760098674067221,0.010014964917161508,46.0
Minor Salivary Gland,detection,TP53→MDM2,TP53,MDM2,157,0.5064128604520631,1.3189950473653885e-11,4.28772984188833,3.4832982166557556,,,,,,,0.42741128309869053,0.01848016745656838,30.0,0.5129343333843563,0.00016424868568190248,49,0.596938775510204,5.9751545799396785e-06,49,,,,0.5846845048375442,1.6090305215311544e-11,111.0,0.17200123342584026,0.25303537431538253,46.0
Minor Salivary Gland,detection,ATF4→DDIT3,ATF4,DDIT3,157,0.6662606926855906,1.691137067625518e-21,8.424313280992447,5.675044317913663,,,,,,,0.400934477950984,0.02811003676702777,30.0,0.6161891887002157,2.436205806453906e-06,49,0.6677551020408162,1.5956163228237625e-07,49,,,,0.6867336932573852,8.759783067417563e-17,111.0,0.6485536347378122,1.0934080581052144e-06,46.0
Minor Salivary Gland,detection,XBP1→DNAJB1,XBP1,DNAJB1,157,-0.6283032368951946,1.2672899176902357e-18,9.27394990860277,6.59725293991672,,,,,,,-0.6747497219132369,4.322569844612746e-05,30.0,-0.6463265306122448,5.269927051632312e-07,49,-0.4390816326530612,0.0015983815174609168,49,,,,-0.6261917611081128,1.9855310728951776e-13,111.0,-0.6203515263644772,4.255014410390075e-06,46.0
Minor Salivary Gland,detection,HSF1→HSPA1A,HSF1,HSPA1A,157,0.3652646749407835,2.554351746990171e-06,6.02794988595756,5.302312494083575,,,,,,,0.34597842020742514,0.06109772245334666,30.0,0.41888823708112705,0.002738917799939637,49,0.28582361804244505,0.046495999557080246,49,,,,0.47745241710197267,1.1675189531471681e-07,111.0,0.04853680350144485,0.7487243065914571,46.0
Minor Salivary Gland,detection,STAT1→IRF1,STAT1,IRF1,157,0.8531671614067164,1.1646362127576255e-45,5.010291590052805,4.060354720255372,,,,,,,0.8304783092324804,1.3611728930321129e-08,30.0,0.8125510204081631,1.3547265812963642e-12,49,0.8327551020408162,1.1775361511001135e-13,49,,,,0.8344419094419093,5.661186699214168e-30,111.0,0.9181005242059821,2.6820563825497787e-19,46.0
Minor Salivary Gland,detection,NFE2L2→NQO1,NFE2L2,NQO1,157,0.6424024038931428,1.2082634838227435e-19,6.090505782206347,4.414765676875024,,,,,,,0.8491657397107898,2.9971762405665898e-09,30.0,0.7673469387755102,1.2656588192644456e-10,49,0.46581632653061217,0.0007435118207775889,49,,,,0.6186070898283966,4.65297187254644e-13,111.0,0.6986740672217082,6.687813496990502e-08,46.0
Minor Salivary Gland,detection,NFE2L2→HMOX1,NFE2L2,HMOX1,157,0.7442267200460452,5.823327856176965e-29,6.090505782206347,4.047322693903735,,,,,,,0.8282536151279198,1.6100935424536178e-08,30.0,0.8051020408163265,3.099583824116104e-12,49,0.7103242431965225,1.0866327052450427e-08,49,,,,0.7440960514585547,8.190012250332031e-21,111.0,0.7414739438791242,3.7626257331175e-09,46.0
Minor Salivary Gland,housekeeping,ACTB↔GAPDH,ACTB,GAPDH,157,0.6740806321079063,3.826551955557559e-22,10.772465730169017,9.968441817411192,,,,,,,0.5817575083426029,0.0007460794266277096,30.0,0.7345918367346937,1.8766660120521583e-09,49,0.6228379007035835,1.7621337111012425e-06,49,,,,0.6852507135211151,1.082335899796095e-16,111.0,0.6172253233068107,4.9066164190716955e-06,46.0
Minor Salivary Gland,housekeeping,RPL13A↔RPS18,RPL13A,RPS18,157,0.6289547823581685,1.1398675138395747e-18,11.304423660229725,11.35898269969187,,,,,,,0.5958393629038485,0.0005124207863969036,30.0,0.5105492768965126,0.00017824869779120822,49,0.7312107770118009,2.423985144359874e-09,49,,,,0.6812378244878727,1.906566563723548e-16,111.0,0.5361416060194893,0.00012287817106502498,46.0
Minor Salivary Gland,housekeeping,HPRT1↔TBP,HPRT1,TBP,157,0.563744913365669,1.5031013175045102e-14,4.244035060238686,3.939000635390069,,,,,,,0.48787541713014465,0.0062393012953135055,30.0,0.6269037477485758,1.4400943089594697e-06,49,0.3781729126973585,0.00738044005082612,49,,,,0.7040429280444953,6.735823639502726e-18,111.0,0.11181005242059822,0.4594290463867349,46.0
Minor Salivary Gland,housekeeping,B2M↔PPIA,B2M,PPIA,157,0.10386835589072739,0.19546820155906375,9.986885368444359,7.63610465055818,,,,,,,-0.13948832035595105,0.46224773674605024,30.0,0.2373080262285874,0.10062728415674906,49,0.11949589264758406,0.4134634924812659,49,,,,0.1743130738133772,0.06728763775021687,111.0,-0.10977828492067576,0.46767850029074776,46.0
Minor Salivary Gland,hormone,ESR1→PGR,ESR1,PGR,157,0.5871545977290245,6.363997399612077e-16,0.6823367178440094,0.9491719498186354,,,,,,,0.5799777530589544,0.0007814168616554104,30.0,0.595612244897959,6.3426806516679664e-06,49,0.5892857142857143,8.401084024965469e-06,49,,,,0.6271688030218737,1.7762299426959488e-13,111.0,0.5370952821461609,0.0001188675173770546,46.0
Minor Salivary Gland,hormone,AR→KLK3,AR,KLK3,157,0.1837612469786735,0.0212352026922796,1.551361226352157,1.2595045451893454,,,,,,,0.10701969139535145,0.5735136296253049,30.0,-0.007755102040816326,0.9578234800808338,49,0.22663265306122446,0.11736570011036977,49,,,,0.17713749182994223,0.06290396789662289,111.0,0.19612075620660055,0.19145835256761973,46.0
Minor Salivary Gland,hormone,AR→SMAD3,AR,SMAD3,157,0.3847886236408079,6.497935840535763e-07,1.551361226352157,4.371677157225882,,,,,,,0.5870967741935484,0.0006483309872419292,30.0,0.2513265306122449,0.08151714054348795,49,0.36826530612244895,0.009227374931335951,49,,,,0.33092603480199023,0.00038882545002897375,111.0,0.3424606845513413,0.019822292635101962,46.0
Vagina,production,SMAD3→COL1A1,SMAD3,COL1A1,150,0.13235088879589993,0.10641656671780084,5.614378973642985,8.974669958750408,,,,,,,-0.08689839572192513,0.6306184434927522,33.0,0.20183673469387753,0.1643028958574461,49,0.1948790896159317,0.24774641150535917,37,,,,,,,0.13235088879589993,0.10641656671780084,150.0
Vagina,production,SMAD3→COL3A1,SMAD3,COL3A1,150,0.09930574692208542,0.22664029423375434,5.614378973642985,8.771933628718058,,,,,,,-0.04946524064171123,0.7845712261751205,33.0,0.13755102040816325,0.3459413489977625,49,0.16216216216216214,0.3376064188571404,37,,,,,,,0.09930574692208542,0.22664029423375434,150.0
Vagina,production,SMAD3→FN1,SMAD3,FN1,150,0.17179267682363947,0.03554672604774927,5.614378973642985,6.543165313402811,,,,,,,0.13770053475935828,0.44476011125125836,33.0,0.1980612244897959,0.17250593418408697,49,0.057613656671654086,0.7348331864662129,37,,,,,,,0.17179267682363947,0.03554672604774927,150.0
Vagina,production,SMAD3→SERPINE1,SMAD3,SERPINE1,150,0.3050114316399889,0.0001475222160429495,5.614378973642985,4.588207604090373,,,,,,,0.002005347593582888,0.9911630914606229,33.0,0.5744897959183674,1.584847857227733e-05,49,0.24988146040777617,0.13580979810606192,37,,,,,,,0.3050114316399889,0.0001475222160429495,150.0
Vagina,production,ESR1→COL1A1,ESR1,COL1A1,150,0.24246297825596028,0.0027947972043981437,5.345179952780406,8.974669958750408,,,,,,,-0.00501336898395722,0.9779099828020289,33.0,0.1909232378998267,0.18881685575597218,49,0.5137505926979611,0.0011448435152157754,37,,,,,,,0.24246297825596028,0.0027947972043981437,150.0
Vagina,production,ESR1→ELN,ESR1,ELN,150,0.06075486222908902,0.46018029300047547,5.345179952780406,6.560248629252116,,,,,,,-0.04913101604278075,0.7859930133070245,33.0,0.019694882391958775,0.8931510229174747,49,0.24016121384542433,0.15221372336474442,37,,,,,,,0.06075486222908902,0.46018029300047547,150.0
Vagina,production,AR→COL1A1,AR,COL1A1,150,0.7464345018614195,5.791008670260269e-28,4.538142476081848,8.974669958750408,,,,,,,0.6480614973262032,4.547790586555047e-05,33.0,0.6741836734693876,1.0938602797051116e-07,49,0.8795637743006162,7.73415179431209e-13,37,,,,,,,0.7464345018614195,5.791008670260269e-28,150.0
Vagina,production,SOX9→ACAN,SOX9,ACAN,150,-0.5147198176623589,1.6026858216044022e-11,3.4452898677190147,0.8802880304306746,,,,,,,-0.507228212684281,0.0025888402565573164,33.0,-0.44204081632653064,0.0014729720835133502,49,-0.47486960644855375,0.0029798889205453335,37,,,,,,,-0.5147198176623589,1.6026858216044022e-11,150.0
Vagina,production,PPARG→FABP4,PPARG,FABP4,150,0.7920856856625076,1.5402611255021891e-33,3.425954736073812,5.159954429467519,,,,,,,0.725601604278075,1.7717007432945463e-06,33.0,0.7125510204081632,9.31848994334116e-09,49,0.7536747273589378,7.27118317791457e-08,37,,,,,,,0.7920856856625076,1.5402611255021891e-33,150.0
Vagina,production,PPARG→ADIPOQ,PPARG,ADIPOQ,150,0.36832901365830734,3.5272969474484647e-06,3.425954736073812,0.6745147504036625,,,,,,,0.3616612363257937,0.038633662750864724,33.0,0.2603369405035173,0.07082353005904933,49,0.4423897581792318,0.006113134271812304,37,,,,,,,0.36832901365830734,3.5272969474484647e-06,150.0
Vagina,production,RUNX2→SPP1,RUNX2,SPP1,150,0.05100853460914465,0.5353222822551973,2.8772358814875285,2.7035781607280174,,,,,,,-0.1647727272727273,0.35949124529424703,33.0,-0.027653766686719955,0.8503944742712526,49,0.1126126126126126,0.5069458082731614,37,,,,,,,0.05100853460914465,0.5353222822551973,150.0
Vagina,production,FOXO1→PCK1,FOXO1,PCK1,150,0.4975376464530415,9.342532669717782e-11,5.180618009567261,0.4459956565623482,,,,,,,0.4231637016529157,0.014140495273947526,33.0,0.5639795918367346,2.442456347112215e-05,49,0.3601232811759127,0.028567183369991117,37,,,,,,,0.4975376464530415,9.342532669717782e-11,150.0
Vagina,detection,RELA→ICAM1,RELA,ICAM1,150,0.5808306902397209,6.619874736514203e-15,6.4449214871724445,4.067841050624847,,,,,,,0.6119652406417113,0.0001540656197648114,33.0,0.503265306122449,0.00022798727081950454,49,0.7041669148757721,1.1552186618273792e-06,37,,,,,,,0.5808306902397209,6.619874736514203e-15,150.0
Vagina,detection,RELA→IL6,RELA,IL6,150,0.5282955804134216,3.7062430482191394e-12,6.4449214871724445,2.1860814109444617,,,,,,,0.6266711229946524,9.545452080865793e-05,33.0,0.4982653061224489,0.0002690934880291672,49,0.6141900313083124,5.267173976413381e-05,37,,,,,,,0.5282955804134216,3.7062430482191394e-12,150.0
Vagina,detection,RELA→CCL2,RELA,CCL2,150,0.29454977314472863,0.00025338196035659086,6.4449214871724445,4.121024522781372,,,,,,,0.3145053475935829,0.0746552319179659,33.0,0.2392918187467096,0.09773059256901401,49,0.6421670333134777,1.8320701070271112e-05,37,,,,,,,0.29454977314472863,0.00025338196035659086,150.0
Vagina,detection,RELA→NFKBIA,RELA,NFKBIA,150,0.15354213817245688,0.06066796242878558,6.4449214871724445,8.098188654581707,,,,,,,0.1905239415024976,0.28821661839058504,33.0,0.24316326530612242,0.09226370082604897,49,0.10396538457004245,0.5403033223115072,37,,,,,,,0.15354213817245688,0.06066796242878558,150.0
Vagina,detection,NFKB1→TNF,NFKB1,TNF,150,0.21750234934420865,0.0075030484480305285,4.928957001368205,0.3844905641054114,,,,,,,0.34912676649010305,0.04643587092555802,33.0,0.21909840102950548,0.13039630613241052,49,0.3355466065413779,0.04232781049928082,37,,,,,,,0.21750234934420865,0.0075030484480305285,150.0
Vagina,detection,HIF1A→VEGFA,HIF1A,VEGFA,150,0.2211708127953796,0.006530438934651304,6.305735934575399,6.940387287139893,,,,,,,0.23230550762146635,0.19328595213174363,33.0,0.4243985817345694,0.002372226565588657,49,0.2548601232811759,0.1279317380626548,37,,,,,,,0.2211708127953796,0.006530438934651304,150.0
Vagina,detection,HIF1A→SLC2A1,HIF1A,SLC2A1,150,0.4351351663680097,2.62899168218366e-08,6.305735934575399,7.32180356502533,,,,,,,0.39572192513368987,0.022634633566071465,33.0,0.43581632653061214,0.0017477209527015118,49,0.4198672356567093,0.009679095015311234,37,,,,,,,0.4351351663680097,2.62899168218366e-08,150.0
Vagina,detection,TP53→CDKN1A,TP53,CDKN1A,150,-0.09897034783193435,0.22822068634565254,4.6748488887151085,7.578970031738281,,,,,,,0.23362299465240643,0.19070087012477857,33.0,-0.22969387755102036,0.11236339643858316,49,-0.11806543385490753,0.48645706309571957,37,,,,,,,-0.09897034783193435,0.22822068634565254,150.0
Vagina,detection,TP53→MDM2,TP53,MDM2,150,-0.10717352539216676,0.19176181462445435,4.6748488887151085,3.9085016600290934,,,,,,,0.4557533232257113,0.0076890713594302456,33.0,-0.3630612244897959,0.010348348023793223,49,0.23958271632389486,0.15323354292861616,37,,,,,,,-0.10717352539216676,0.19176181462445435,150.0
Vagina,detection,ATF4→DDIT3,ATF4,DDIT3,150,0.700713277414819,1.839738646488983e-23,8.642582257588705,5.912785641352335,,,,,,,0.4612299465240642,0.006900869570901084,33.0,0.6890992119388186,4.390223422979022e-08,49,0.7501185395922237,9.057130699830335e-08,37,,,,,,,0.700713277414819,1.839738646488983e-23,150.0
Vagina,detection,XBP1→DNAJB1,XBP1,DNAJB1,150,-0.2038713003747655,0.012337036596528446,6.513173662821452,7.904479115804037,,,,,,,-0.11597593582887701,0.520407937086603,33.0,-0.198525472653187,0.17148158336722905,49,-0.40282141022691476,0.013439676436914355,37,,,,,,,-0.2038713003747655,0.012337036596528446,150.0
Vagina,detection,HSF1→HSPA1A,HSF1,HSPA1A,150,0.5251288287547325,5.245676605563302e-12,6.613116782506307,7.00582280476888,,,,,,,0.3880347593582888,0.025655340105664833,33.0,0.5296938775510204,9.08455439223946e-05,49,0.5580844001896633,0.0003317884233026572,37,,,,,,,0.5251288287547325,5.245676605563302e-12,150.0
Vagina,detection,STAT1→IRF1,STAT1,IRF1,150,0.7134695474003769,1.2515309577980932e-24,5.328694720268249,4.215300725301106,,,,,,,0.6577540106951872,3.1887023932298277e-05,33.0,0.7622448979591836,1.981135820221389e-10,49,0.7657657657657656,3.349518850786237e-08,37,,,,,,,0.7134695474003769,1.2515309577980932e-24,150.0
Vagina,detection,NFE2L2→NQO1,NFE2L2,NQO1,150,-0.08825715149308197,0.28283173100254455,6.93341957728068,4.476117898623149,,,,,,,-0.30314171122994654,0.0863661329939343,33.0,-0.18046839124445124,0.21464808529167537,49,0.11119013750592696,0.5123610706777475,37,,,,,,,-0.08825715149308197,0.28283173100254455,150.0
Vagina,detection,NFE2L2→HMOX1,NFE2L2,HMOX1,150,0.06475195543959185,0.4311421522471516,6.93341957728068,5.112340963681539,,,,,,,-0.1495780067059082,0.40607670531555407,33.0,-0.07969794377264146,0.5862001103886326,49,0.19179706021811282,0.2554504563773946,37,,,,,,,0.06475195543959185,0.4311421522471516,150.0
Vagina,housekeeping,ACTB↔GAPDH,ACTB,GAPDH,150,-0.03905958319851229,0.6351009516317929,11.834872639973959,10.220805619557698,,,,,,,-0.38940419622878897,0.025094209063737754,33.0,0.04469387755102041,0.7604171363243988,49,-0.19274537695590327,0.25306321613412286,37,,,,,,,-0.03905958319851229,0.6351009516317929,150.0
Vagina,housekeeping,RPL13A↔RPS18,RPL13A,RPS18,150,0.781015960783082,4.5869475439260236e-32,11.898971462249756,12.097632306416829,,,,,,,0.7683823529411765,1.7776733304066128e-07,33.0,0.7580805635263563,2.8327077595013463e-10,49,0.8257467994310099,3.1659750663255036e-10,37,,,,,,,0.781015960783082,4.5869475439260236e-32,150.0
Vagina,housekeeping,HPRT1↔TBP,HPRT1,TBP,150,0.05145972489223708,0.5317134420287931,4.6216038290659585,4.3486529731750485,,,,,,,0.26938502673796794,0.12951597536128656,33.0,0.10745172074212589,0.46241476292035644,49,-0.1514935988620199,0.37075884903134804,37,,,,,,,0.05145972489223708,0.5317134420287931,150.0
Vagina,housekeeping,B2M↔PPIA,B2M,PPIA,150,-0.3445534872976448,1.5776383194775183e-05,10.36135248184204,8.184346459706624,,,,,,,-0.31116310160427807,0.07796353695031716,33.0,-0.17113554614340432,0.23970628227096036,49,-0.4186818397344712,0.009907842675833459,37,,,,,,,-0.3445534872976448,1.5776383194775183e-05,150.0
Vagina,hormone,ESR1→PGR,ESR1,PGR,150,0.18498204804322532,0.023439128840275342,5.345179952780406,4.180775164763133,,,,,,,0.2580213903743316,0.14712890177918833,33.0,0.038216235522220525,0.7943216205682428,49,0.34186818397344704,0.03835966024890319,37,,,,,,,0.18498204804322532,0.023439128840275342,150.0
Vagina,hormone,AR→KLK3,AR,KLK3,150,-0.030003154622275232,0.7155069342685147,4.538142476081848,0.3122213097289205,,,,,,,0.1966884782082219,0.2726052780717163,33.0,-0.14739549486673967,0.31217598498769644,49,-0.02642555881471419,0.8766239683739161,37,,,,,,,-0.030003154622275232,0.7155069342685147,150.0
Vagina,hormone,AR→SMAD3,AR,SMAD3,150,0.2522105446559018,0.0018482680110304243,4.538142476081848,5.614378973642985,,,,,,,0.1804812834224599,0.3148516246055581,33.0,0.21928571428571428,0.13005970509765713,49,0.26268373636794684,0.11624590409491062,37,,,,,,,0.2522105446559018,0.0018482680110304243,150.0
Brain - Spinal cord (cervical c-1),production,SMAD3→COL1A1,SMAD3,COL1A1,148,0.5813592560066976,9.389935152511036e-15,2.5719132459646947,1.6576407511492033,,,,,,,,,,0.6164690382081686,6.517888034265151e-06,45,0.5043062200956937,3.404766120331947e-06,76,,,,0.5985641568270882,1.1874615874422825e-10,96.0,0.5291556390335524,5.50235799336657e-05,52.0
Brain - Spinal cord (cervical c-1),production,SMAD3→COL3A1,SMAD3,COL3A1,148,0.5414183742125521,1.2030641533632137e-12,2.5719132459646947,1.571542888879776,,,,,,,,,,0.5680687772771122,4.695283342388687e-05,45,0.5247300068352699,1.140013753742087e-06,76,,,,0.599737519460582,1.0691583294478865e-10,96.0,0.3969094168872193,0.003576488182957467,52.0
Brain - Spinal cord (cervical c-1),production,SMAD3→FN1,SMAD3,FN1,148,0.5972002939357733,1.133702728664857e-15,2.5719132459646947,4.608408000018145,,,,,,,,,,0.6599472990777338,8.160101208873217e-07,45,0.5014183477133728,3.952095845578967e-06,76,,,,0.6134218674544342,3.0448183125275825e-11,96.0,0.5703918722786647,1.012078052519727e-05,52.0
Brain - Spinal cord (cervical c-1),production,SMAD3→SERPINE1,SMAD3,SERPINE1,148,0.3791005851667493,2.019778241258042e-06,2.5719132459646947,3.0009098665134326,,,,,,,,,,0.2909090909090909,0.05253524043867764,45,0.3351196172248804,0.0030847584243647794,76,,,,0.3867607162235486,9.924232369810961e-05,96.0,0.3524364475413811,0.010392884054766533,52.0
Brain - Spinal cord (cervical c-1),production,ESR1→COL1A1,ESR1,COL1A1,148,0.5124867312576289,2.766607357689265e-11,0.29214694763760307,1.6576407511492033,,,,,,,,,,0.43860342555994725,0.0025801587792568786,45,0.4951196172248804,5.44505458487762e-06,76,,,,0.44768871300010893,4.798668980707752e-06,96.0,0.630496030052079,5.460058522102911e-07,52.0
Brain - Spinal cord (cervical c-1),production,ESR1→ELN,ESR1,ELN,148,0.6066371939399959,3.041578670422447e-16,0.29214694763760307,3.290758373769554,,,,,,,,,,0.6361001317523056,2.6542663876291383e-06,45,0.5005058099794941,4.1415437347484185e-06,76,,,,0.5994167118827999,1.1003267031200982e-10,96.0,0.6200802527106632,9.463324662540614e-07,52.0
Brain - Spinal cord (cervical c-1),production,AR→COL1A1,AR,COL1A1,148,0.3674935009769774,4.3345333326367654e-06,0.7673412239732774,1.6576407511492033,,,,,,,,,,0.469433465085639,0.001141345990757968,45,0.26236500341763497,0.022044170876179967,76,,,,0.30424682666624575,0.002580519426427931,96.0,0.5075557073337317,0.00012276580856183827,52.0
Brain - Spinal cord (cervical c-1),production,SOX9→ACAN,SOX9,ACAN,148,0.3602379165368713,6.883573122717004e-06,4.172406276335588,0.5143951510607794,,,,,,,,,,0.13978919631093542,0.35974329076780187,45,0.4900341763499659,7.020561202383785e-06,76,,,,0.303174172544764,0.0026770116473931174,96.0,0.4538546913685648,0.0007265536581755308,52.0
Brain - Spinal cord (cervical c-1),production,SOX9→COL2A1,SOX9,COL2A1,148,0.17114524265022693,0.03754493991405058,4.172406276335588,0.19390732737107053,,,,,,,,,,0.09329292477883631,0.5421607379594323,45,0.20644951049965787,0.07356873160662725,76,,,,0.1184235987440742,0.2504903862720754,96.0,0.23329139099296742,0.09602290677695538,52.0
Brain - Spinal cord (cervical c-1),production,PPARG→FABP4,PPARG,FABP4,148,0.33608257345177606,2.965678706903088e-05,1.3465498321362444,1.9253788687087394,,,,,,,,,,0.4154150197628458,0.004543237761214787,45,0.1938509070708423,0.09336622150301746,76,,,,0.25209240494309476,0.01321979943705014,96.0,0.4620507128831213,0.0005642162657666462,52.0
Brain - Spinal cord (cervical c-1),production,PPARG→ADIPOQ,PPARG,ADIPOQ,148,0.2517976770673559,0.0020206760100117283,1.3465498321362444,0.2672066570612023,,,,,,,,,,0.32274853485943844,0.030589329354892014,45,0.1450799174221219,0.21113746222117918,76,,,,0.2764841932550014,0.006393895832814695,96.0,0.2569152948968515,0.06597367653752656,52.0
Brain - Spinal cord (cervical c-1),production,RUNX2→SPP1,RUNX2,SPP1,148,0.7200736665321655,6.138857464353973e-25,1.4653462558179289,10.67224976178762,,,,,,,,,,0.7106719367588933,4.5183754112975194e-08,45,0.6783868762816132,1.6606084734784014e-11,76,,,,0.6897632241288882,7.728019033371946e-15,96.0,0.7639538111919278,4.4519197517166664e-11,52.0
Brain - Spinal cord (cervical c-1),production,FOXO1→PCK1,FOXO1,PCK1,148,0.3477967136955527,1.482598693024711e-05,3.187977638599035,0.7607003425096942,,,,,,,,,,0.34882571908643273,0.018852081557877858,45,0.28778050431638996,0.011708689055002582,76,,,,0.35580695811028695,0.0003741408023201009,96.0,0.3343293776146162,0.01541687835841312,52.0
Brain - Spinal cord (cervical c-1),detection,RELA→ICAM1,RELA,ICAM1,148,0.6174052425250892,6.419957331901517e-17,4.662475394236075,2.661807021981961,,,,,,,,,,0.6347826086956521,2.824761173052385e-06,45,0.6075734791524265,5.893260585312446e-09,76,,,,0.5839256646771568,4.2469974473615145e-10,96.0,0.6822334158627167,2.5531842806895526e-08,52.0
Brain - Spinal cord (cervical c-1),detection,RELA→IL6,RELA,IL6,148,0.4023876839943508,3.983932122685966e-07,4.662475394236075,1.5856367227797572,,,,,,,,,,0.4397891963109354,0.002503907968590145,45,0.3680954757124658,0.0010698876676058745,76,,,,0.31737085380965796,0.0016286360005250875,96.0,0.6241782634679415,7.640338637628649e-07,52.0
Brain - Spinal cord (cervical c-1),detection,RELA→CCL2,RELA,CCL2,148,0.5495309320189259,4.727695499412039e-13,4.662475394236075,3.4286601738752545,,,,,,,,,,0.5482213438735177,9.67929515838475e-05,45,0.5197984948754024,1.4944750449769453e-06,76,,,,0.47807921866521974,8.390583859521784e-07,96.0,0.6931762397258898,1.2319694418365189e-08,52.0
Brain - Spinal cord (cervical c-1),detection,RELA→NFKBIA,RELA,NFKBIA,148,0.7748564151840222,7.019907793003155e-31,4.662475394236075,6.0618681150513725,,,,,,,,,,0.8042160737812911,2.8549034527049965e-11,45,0.7426110731373889,1.609922490268803e-14,76,,,,0.7807609222810844,6.6139336363134396e-21,96.0,0.7725604029710579,1.965863906462661e-11,52.0
Brain - Spinal cord (cervical c-1),detection,NFKB1→TNF,NFKB1,TNF,148,0.38291925375908076,1.560890228039998e-06,2.968388971444723,0.38193542501461264,,,,,,,,,,0.2131136853737527,0.15984673587031625,45,0.4518784527555353,4.175360068892991e-05,76,,,,0.29515640686245415,0.0035072531492989184,96.0,0.5602868670034675,1.5650245650829567e-05,52.0
Brain - Spinal cord (cervical c-1),detection,HIF1A→VEGFA,HIF1A,VEGFA,148,0.6907045142004863,2.647172752715484e-22,5.0971286619031755,4.0961331878159495,,,,,,,,,,0.5984386840757612,1.4121835995729283e-05,45,0.6988427808965776,2.2217678948885026e-12,76,,,,0.6507911746702499,7.101616692534874e-13,96.0,0.7659011354904807,3.7114817790287385e-11,52.0
Brain - Spinal cord (cervical c-1),detection,HIF1A→SLC2A1,HIF1A,SLC2A1,148,0.452608637308219,7.676484045476824e-09,5.0971286619031755,6.278400453361305,,,,,,,,,,0.31535953111742276,0.034846117287142216,45,0.4701467542608412,1.8258758087746102e-05,76,,,,0.41685714092888354,2.391154586318658e-05,96.0,0.5049944506104329,0.00013454633784905,52.0
Brain - Spinal cord (cervical c-1),detection,TP53→CDKN1A,TP53,CDKN1A,148,0.57376495423176,2.4859699576547375e-14,2.3379756993538625,5.0340021711749,,,,,,,,,,0.44848484848484843,0.002002879573968851,45,0.6334928229665071,8.172452814797513e-10,76,,,,0.5417390124796527,1.1993743007612304e-08,96.0,0.6434867987207824,2.670907518113128e-07,52.0
Brain - Spinal cord (cervical c-1),detection,TP53→MDM2,TP53,MDM2,148,0.5585773845608082,1.6189864795536094e-13,2.3379756993538625,3.350008567442765,,,,,,,,,,0.5257748940564344,0.00020803699622880741,45,0.631989063568011,9.211235068823883e-10,76,,,,0.5513447888826768,5.836770411415763e-09,96.0,0.5621344717182497,1.4466736356585514e-05,52.0
Brain - Spinal cord (cervical c-1),detection,ATF4→DDIT3,ATF4,DDIT3,148,0.713633132940445,2.478143892621419e-24,7.882216234464903,5.852124267333263,,,,,,,,,,0.576284584980237,3.432478187981715e-05,45,0.7769810727674217,1.5800771145679628e-16,76,,,,0.7255000373035629,6.253069734982851e-17,96.0,0.6779791254665958,3.3612157535383616e-08,52.0
Brain - Spinal cord (cervical c-1),detection,XBP1→DNAJB1,XBP1,DNAJB1,148,0.5732440573991711,2.6552213978438172e-14,4.816918798395105,6.561955878863463,,,,,,,,,,0.4299077733860342,0.0032047109215308563,45,0.6058236500341763,6.691426516820581e-09,76,,,,0.6000949538795441,1.0354313257594876e-10,96.0,0.5544812278482316,1.9976261867614256e-05,52.0
Brain - Spinal cord (cervical c-1),detection,HSF1→HSPA1A,HSF1,HSPA1A,148,0.3680524771251693,4.180839978583877e-06,5.249861717224121,7.251735052546939,,,,,,,,,,0.21733258683024395,0.15154618664596262,45,0.41547505126452494,0.00018980854422691773,76,,,,0.3430695302160605,0.0006220404614588244,96.0,0.4074105694527448,0.00272029673984902,52.0
Brain - Spinal cord (cervical c-1),detection,STAT1→IRF1,STAT1,IRF1,148,0.550325669899064,4.3084598716398956e-13,4.67296840532406,2.5515331029891968,,,,,,,,,,0.3619355053183875,0.014562683200176592,45,0.6094094970032793,5.153647137435423e-09,76,,,,0.4806766234384649,7.171750279463506e-07,96.0,0.7003329633740288,7.516349882212927e-09,52.0
Brain - Spinal cord (cervical c-1),detection,NFE2L2→NQO1,NFE2L2,NQO1,148,0.8469117956001839,6.93981822031702e-42,5.559581384465501,4.582973468948055,,,,,,,,,,0.8272999773913925,2.462464170715099e-12,45,0.8231852358168147,7.187965082727456e-20,76,,,,0.8761665762344005,1.504567252800995e-31,96.0,0.7677793904208998,3.109047921378542e-11,52.0
Brain - Spinal cord (cervical c-1),detection,NFE2L2→HMOX1,NFE2L2,HMOX1,148,0.6867065354008725,5.719428694176799e-22,5.559581384465501,4.883502372213312,,,,,,,,,,0.5035573122529643,0.0004216584328842371,45,0.7472009187426674,9.065385949508101e-15,76,,,,0.6476893912455558,9.895796544000244e-13,96.0,0.7790489200034149,1.0364843381090236e-11,52.0
Brain - Spinal cord (cervical c-1),housekeeping,ACTB↔GAPDH,ACTB,GAPDH,148,0.8716252046420964,4.664105964491999e-47,10.88602691083341,10.27194226432491,,,,,,,,,,0.8577357625128149,5.255780626593264e-14,45,0.8595762132604238,2.8392123685074105e-23,76,,,,0.8574974820229788,7.05765857375733e-29,96.0,0.8727055408520448,3.457907513909589e-17,52.0
Brain - Spinal cord (cervical c-1),housekeeping,RPL13A↔RPS18,RPL13A,RPS18,148,0.9086608183280951,3.028095704667824e-57,10.076345643481693,10.220466671763239,,,,,,,,,,0.8721631152002424,6.131867703032193e-15,45,0.9047000601520204,3.873514343135353e-29,76,,,,0.8884095865050596,1.5114474190277591e-33,96.0,0.9396571967390674,6.095024200790715e-25,52.0
Brain - Spinal cord (cervical c-1),housekeeping,HPRT1↔TBP,HPRT1,TBP,148,0.4647773009583319,2.6671654267026853e-09,4.145327100882659,3.2482537997735514,,,,,,,,,,0.31607378129117253,0.03441443194712318,45,0.5019754200799899,3.8404752524849496e-06,76,,,,0.4200870193359005,2.0355896332038835e-05,96.0,0.5579628178529777,1.7265911173077095e-05,52.0
Brain - Spinal cord (cervical c-1),housekeeping,B2M↔PPIA,B2M,PPIA,148,0.6256854192820074,1.862784589129079e-17,9.37782583043382,7.821311303087183,,,,,,,,,,0.635836627140975,2.6875842603811826e-06,45,0.601170214276466,9.345569683180164e-09,76,,,,0.6500496813984795,7.69049909741776e-13,96.0,0.5948218822724811,3.3167229859516138e-06,52.0
Brain - Spinal cord (cervical c-1),hormone,ESR1→PGR,ESR1,PGR,148,0.5723397501453106,2.976054229372363e-14,0.29214694763760307,0.7120598415667946,,,,,,,,,,0.6546772068511199,1.0684843215375045e-06,45,0.5045967505022217,3.353832926908098e-06,76,,,,0.5451592008957042,9.304916995542709e-09,96.0,0.6760010245026893,3.8137513009095665e-08,52.0
Brain - Spinal cord (cervical c-1),hormone,AR→SMAD3,AR,SMAD3,148,0.753391797495345,2.288257577527835e-28,0.7673412239732774,2.5719132459646947,,,,,,,,,,0.692094861660079,1.3952703754289002e-07,45,0.7703896103896105,4.0789570887613345e-16,76,,,,0.7319180683667933,2.4281769393731e-17,96.0,0.7936480833262187,2.2621317297329158e-12,52.0
Brain - Amygdala,production,SMAD3→COL1A1,SMAD3,COL1A1,141,0.41284440981557274,3.629762491425828e-07,3.3353197498524443,1.1138835130853857,,,,,,,,,,0.47098206449480506,0.0012522043778450704,44,0.4965712403666271,9.146708694924863e-06,72,,,,0.4671663783714523,8.439509569386007e-07,101.0,0.2717763500339623,0.08979930430542248,40.0
Brain - Amygdala,production,SMAD3→COL3A1,SMAD3,COL3A1,141,0.29158510416426764,0.000451300635181188,3.3353197498524443,0.881781649293629,,,,,,,,,,0.4132487667371388,0.005301979103343491,44,0.3970125976924219,0.0005546376651417751,72,,,,0.3433731606687846,0.00043905433585576494,101.0,0.1757118065632072,0.278132112603239,40.0
Brain - Amygdala,production,SMAD3→FN1,SMAD3,FN1,141,0.3615053823291534,1.0611738646896293e-05,3.3353197498524443,4.061459347711387,,,,,,,,,,0.27921071176885126,0.06643916488282114,44,0.49940508737201167,7.979504579582258e-06,72,,,,0.4609578390089633,1.2289829349273013e-06,101.0,0.12345794844483753,0.4478720200807623,40.0
Brain - Amygdala,production,SMAD3→SERPINE1,SMAD3,SERPINE1,141,0.32779582942990315,7.250483561749863e-05,3.3353197498524443,1.4931995090334973,,,,,,,,,,0.25722339675828043,0.09187241839530194,44,0.4291697820187156,0.00016878010681441806,72,,,,0.3655281465599265,0.00017078128927136205,101.0,0.16895726835041974,0.2973138068759916,40.0
Brain - Amygdala,production,ESR1→COL1A1,ESR1,COL1A1,141,0.44720903725260075,2.7070049702031974e-08,0.2218836565759588,1.1138835130853857,,,,,,,,,,0.44772543105424156,0.0023078793985860696,44,0.4784552061225803,2.1285580749167676e-05,72,,,,0.4907599927780592,1.887365909042318e-07,101.0,0.34052532833020643,0.031547426214818514,40.0
Brain - Amygdala,production,ESR1→ELN,ESR1,ELN,141,0.5188231050875389,4.380911137869062e-11,0.2218836565759588,2.5210338163037673,,,,,,,,,,0.43213530655391114,0.0033974818256983334,44,0.6021657515609686,2.1999967794920944e-08,72,,,,0.46487884285732517,9.701359700019944e-07,101.0,0.6322701688555348,1.2059508550034155e-05,40.0
Brain - Amygdala,production,AR→COL1A1,AR,COL1A1,141,0.4040965113976471,6.720653176575013e-07,0.43687202488171295,1.1138835130853857,,,,,,,,,,0.30233623472732507,0.04607668845218695,44,0.5336999163933372,1.3826485665257096e-06,72,,,,0.39323352718142035,4.743877326561579e-05,101.0,0.4026266416510319,0.01000290843415738,40.0
Brain - Amygdala,production,SOX9→ACAN,SOX9,ACAN,141,0.16575463125988105,0.04949336383199983,5.24056445622275,0.33685396350127583,,,,,,,,,,0.014376827945075598,0.9262019656082567,44,0.2136328191015324,0.07156540286059776,72,,,,0.19657131541710093,0.04881606108911144,101.0,0.042213883677298315,0.7959182570656922,40.0
Brain - Amygdala,production,SOX9→COL2A1,SOX9,COL2A1,141,0.2647850181622033,0.0015087702044639254,5.24056445622275,0.2546943773693861,,,,,,,,,,0.2219873150105708,0.1475480890080905,44,0.390607037499257,0.0006932434036915846,72,,,,0.255138352582135,0.010025243702171392,101.0,0.250844277673546,0.11846452551417207,40.0
Brain - Amygdala,production,PPARG→FABP4,PPARG,FABP4,141,0.10764193985816727,0.20390861892030715,1.237544836304712,1.1823789942349103,,,,,,,,,,0.17138830162085977,0.2659711940616288,44,0.0823371465807893,0.4917076970068148,72,,,,0.11876597999988352,0.2368414513346393,101.0,0.06604127579737337,0.6855660540819256,40.0
Brain - Amygdala,production,PPARG→ADIPOQ,PPARG,ADIPOQ,141,0.10068696513428574,0.23484509207178034,1.237544836304712,0.12982306129411392,,,,,,,,,,0.041078515050577635,0.7912009865399615,44,0.17917027479101794,0.13208833955575341,72,,,,0.0966678470420473,0.33621950143789436,101.0,0.16417823316535904,0.31138592845253404,40.0
Brain - Amygdala,production,RUNX2→SPP1,RUNX2,SPP1,141,0.6710304379468298,8.688830578503041e-20,0.6716626558109378,7.002913808146267,,,,,,,,,,0.7124735729386892,5.810036792599991e-08,44,0.6981156344459453,9.355225005359439e-12,72,,,,0.7408969132207338,8.2216978535444475e-19,101.0,0.4046904315196999,0.009592443849463247,40.0
Brain - Amygdala,production,FOXO1→PCK1,FOXO1,PCK1,141,0.1057861181540424,0.21186074984118783,2.752841261261744,0.5750647205463115,,,,,,,,,,-0.12614517265680056,0.41453986357308337,44,0.2781069370060364,0.01801137850396236,72,,,,0.1228545303117665,0.22097222117359952,101.0,0.05140712945590995,0.7527420432328508,40.0
Brain - Amygdala,detection,RELA→ICAM1,RELA,ICAM1,141,0.6656688303699945,2.1543085827117394e-19,4.044447846446477,1.9739639316256166,,,,,,,,,,0.6301620859760395,4.565073339376616e-06,44,0.6673741076596567,1.534156996219216e-10,72,,,,0.6832421854524487,3.49887995469158e-15,101.0,0.5849906191369606,7.357849407197507e-05,40.0
Brain - Amygdala,detection,RELA→IL6,RELA,IL6,141,0.3309284606569221,6.120699489571438e-05,4.044447846446477,1.2447951378446098,,,,,,,,,,0.354135100117671,0.01835198630179378,44,0.39221171779535663,0.0006558414979183865,72,,,,0.4044496862368412,2.7316147712174036e-05,101.0,0.13358348968105066,0.41121451006206533,40.0
Brain - Amygdala,detection,RELA→CCL2,RELA,CCL2,141,0.6322665022768125,4.14742026099271e-17,4.044447846446477,2.5274325676843628,,,,,,,,,,0.6635658914728682,9.137034383515341e-07,44,0.5720625120586533,1.5258502738528072e-07,72,,,,0.646229739252995,2.916182681686612e-13,101.0,0.5913696060037524,5.860435232975066e-05,40.0
Brain - Amygdala,detection,RELA→NFKBIA,RELA,NFKBIA,141,0.7282692338569278,1.416814314092429e-24,4.044447846446477,5.33252534291423,,,,,,,,,,0.55630725863284,8.816725150895354e-05,44,0.8023570837377715,2.4014184566651948e-17,72,,,,0.7233334983533825,1.3091339995348384e-17,101.0,0.7303344442576445,8.846555789317193e-08,40.0
Brain - Amygdala,detection,NFKB1→TNF,NFKB1,TNF,141,0.5140521627143326,7.050486756796525e-11,2.175005372957135,0.2541375685721002,,,,,,,,,,0.5194668205531185,0.00030218667180246107,44,0.5194655841150498,2.9293662818853847e-06,72,,,,0.5062893231674133,6.611226398422896e-08,101.0,0.5200083305668618,0.0005835173755419975,40.0
Brain - Amygdala,detection,HIF1A→VEGFA,HIF1A,VEGFA,141,0.48649070965631225,9.583595421997402e-10,4.494045289695686,4.098590970039368,,,,,,,,,,0.37492512092059893,0.012155671644277355,44,0.5445044697408195,7.639892122620373e-07,72,,,,0.4739093590857575,5.563672914645003e-07,101.0,0.5144465290806755,0.0006836979263166651,40.0
Brain - Amygdala,detection,HIF1A→SLC2A1,HIF1A,SLC2A1,141,0.45375658204546426,1.5965190319282775e-08,4.494045289695686,5.446657605205022,,,,,,,,,,0.2493305144467935,0.10264760913603985,44,0.526947070551161,1.9826486977723575e-06,72,,,,0.4617472335468841,1.1721132507841426e-06,101.0,0.4206378986866792,0.006879026443006425,40.0
Brain - Amygdala,detection,TP53→CDKN1A,TP53,CDKN1A,141,0.4452526074139254,3.162846921975521e-08,2.258418561718988,4.032810688864255,,,,,,,,,,0.4045102184637068,0.006460373221201843,44,0.5473751909317469,6.502989719968904e-07,72,,,,0.5233519123671311,1.962870742823809e-08,101.0,0.18986866791744844,0.24060815745692385,40.0
Brain - Amygdala,detection,TP53→MDM2,TP53,MDM2,141,0.5843361630912101,2.8132712724327498e-14,2.258418561718988,2.4120667851563042,,,,,,,,,,0.6084566596194503,1.177620906808163e-05,44,0.606281804973326,1.6618144106150834e-08,72,,,,0.5829445716148467,1.5942273043333797e-10,101.0,0.5228893058161351,0.0005369646939675872,40.0
Brain - Amygdala,detection,ATF4→DDIT3,ATF4,DDIT3,141,0.8807777763507699,5.717170925611334e-47,6.884605045859695,5.054182274121764,,,,,,,,,,0.8848484848484849,1.605585298333991e-15,44,0.8401183355842821,2.841672742090785e-20,72,,,,0.8853309726098046,1.0690834834002133e-34,101.0,0.8886908401352172,1.944188736088291e-14,40.0
Brain - Amygdala,detection,XBP1→DNAJB1,XBP1,DNAJB1,141,0.6841482261594771,8.681407533375742e-21,3.839624584143889,6.067199477067231,,,,,,,,,,0.6587737843551796,1.1650482617217482e-06,44,0.6850977964865127,3.1881464367718194e-11,72,,,,0.7162068503723705,3.791276875230226e-17,101.0,0.552157598499062,0.00022091577896039306,40.0
Brain - Amygdala,detection,HSF1→HSPA1A,HSF1,HSPA1A,141,0.37079871055656904,6.0048698599117276e-06,4.933049646675164,6.068718972781026,,,,,,,,,,0.17730796335447496,0.2495593138193279,44,0.45426116038801795,6.119664612566284e-05,72,,,,0.372190949887862,0.00012681761695174264,101.0,0.35799052527773556,0.023323868257780107,40.0
Brain - Amygdala,detection,STAT1→IRF1,STAT1,IRF1,141,0.4614180981526078,8.48494328870099e-09,4.059679790591518,1.8841508796029056,,,,,,,,,,0.44439746300211413,0.002510279283138818,44,0.4992041160865021,8.057457356505606e-06,72,,,,0.5294617844315384,1.2499034978358533e-08,101.0,0.19972794243089598,0.2165960987879032,40.0
Brain - Amygdala,detection,NFE2L2→NQO1,NFE2L2,NQO1,141,0.6582683418369207,7.318804364281141e-19,4.622116858232106,4.211064232156632,,,,,,,,,,0.5884425651867511,2.657280855830332e-05,44,0.69134730565226,1.783948239679356e-11,72,,,,0.6830364943097764,3.592382855638883e-15,101.0,0.6133208255159476,2.578432964727196e-05,40.0
Brain - Amygdala,detection,NFE2L2→HMOX1,NFE2L2,HMOX1,141,0.6298173606424039,5.94897280933348e-17,4.622116858232106,3.213712788642721,,,,,,,,,,0.6095842142353769,1.122987144737806e-05,44,0.6659860118233623,1.7272821220041869e-10,72,,,,0.6467295870404857,2.7581918496634176e-13,101.0,0.5590994371482176,0.0001767759461158785,40.0
Brain - Amygdala,housekeeping,ACTB↔GAPDH,ACTB,GAPDH,141,0.9253848911821475,1.9872170106281747e-60,9.853128987846645,9.782772574864381,,,,,,,,,,0.9198026779422127,1.142885250178182e-18,44,0.9219477293671233,1.5014968259046214e-30,72,,,,0.9307303208861905,4.826671629419775e-45,101.0,0.9059524377901186,9.235852719781957e-16,40.0
Brain - Amygdala,housekeeping,RPL13A↔RPS18,RPL13A,RPS18,141,0.9011994344779161,2.5253702075031115e-52,9.593785434749956,9.942283102806579,,,,,,,,,,0.8873854827343198,1.031683703751034e-15,44,0.8936587561901087,4.626803223207379e-26,72,,,,0.8979525275300959,4.566480076384358e-37,101.0,0.9095684803001878,4.528592607933813e-16,40.0
Brain - Amygdala,housekeeping,HPRT1↔TBP,HPRT1,TBP,141,0.8050404662899266,2.507036236136877e-33,5.107537867329645,2.658072436109502,,,,,,,,,,0.8353770260747005,1.7627896039869091e-12,44,0.8060551004754364,1.3261967271745165e-17,72,,,,0.8025532980619295,6.129679178037659e-24,101.0,0.7814258911819889,2.6704636879003662e-09,40.0
Brain - Amygdala,housekeeping,B2M↔PPIA,B2M,PPIA,141,0.38251546250544993,2.855302599127808e-06,7.993747146417063,7.415988482482044,,,,,,,,,,0.3071285107090169,0.04256881780058509,44,0.514856260852788,3.7087603751438464e-06,72,,,,0.47444656055877793,5.379948251332476e-07,101.0,0.13631033365528034,0.40164338466677796,40.0
Brain - Amygdala,hormone,ESR1→PGR,ESR1,PGR,141,0.36209149627469633,1.0242752634690625e-05,0.2218836565759588,0.38696395064182315,,,,,,,,,,0.24834390415785762,0.104059901383178,44,0.37055735544765683,0.001354648570506882,72,,,,0.4032661999625758,2.898152457369306e-05,101.0,0.28874296435272045,0.07076721525369632,40.0
Brain - Amygdala,hormone,AR→SMAD3,AR,SMAD3,141,0.5069095719451047,1.4180160076921643e-10,0.43687202488171295,3.3353197498524443,,,,,,,,,,0.5402396053558843,0.00015355283591863409,44,0.5223130664198252,2.5277054829222767e-06,72,,,,0.4505778991804171,2.2666144196503717e-06,101.0,0.5607204846920927,0.00016769050061432014,40.0
Uterus,production,SMAD3→COL1A1,SMAD3,COL1A1,135,-0.10347834039577246,0.23234553552526,5.5347238575970685,9.923029454549154,,,,,,,-0.05651351686989453,0.766755394886933,30.0,-0.2256518675123326,0.1408088222933471,44,0.2998015605071168,0.12868831413072732,27,,,,,,,-0.10347834039577246,0.23234553552526,135.0
Uterus,production,SMAD3→COL3A1,SMAD3,COL3A1,135,-0.03158723926270067,0.7160906133632583,5.5347238575970685,9.476521802831579,,,,,,,0.06808321323695954,0.7207347875955135,30.0,-0.03819591261451726,0.8055592441784092,44,0.3217338217338217,0.10173092084859314,27,,,,,,,-0.03158723926270067,0.7160906133632583,135.0
Uterus,production,SMAD3→FN1,SMAD3,FN1,135,-0.3310351723498798,8.793597189686788e-05,5.5347238575970685,7.518451764848497,,,,,,,-0.09589498335009664,0.6142019460172088,30.0,-0.405214940098661,0.006359442749716651,44,-0.18742368742368742,0.3492054974233446,27,,,,,,,-0.3310351723498798,8.793597189686788e-05,135.0
Uterus,production,SMAD3→SERPINE1,SMAD3,SERPINE1,135,-0.32925200926278964,9.647722453047164e-05,5.5347238575970685,4.606625318527222,,,,,,,-0.22449660835324245,0.23299952210398758,30.0,-0.23171247357293864,0.1301677541946213,44,-0.16361416361416362,0.41481347756533815,27,,,,,,,-0.32925200926278964,9.647722453047164e-05,135.0
Uterus,production,ESR1→COL1A1,ESR1,COL1A1,135,0.3652218023453945,1.3278647835426047e-05,5.86152439294038,9.923029454549154,,,,,,,0.37664071190211346,0.04021518500185497,30.0,0.49034531360112743,0.0007277286709724957,44,0.6539459700674584,0.00021598207340680232,27,,,,,,,0.3652218023453945,1.3278647835426047e-05,135.0
Uterus,production,ESR1→ELN,ESR1,ELN,135,-0.23310063104417647,0.006512703067085749,5.86152439294038,6.653007616820159,,,,,,,-0.30856507230255836,0.0971094485890928,30.0,-0.1272772121019928,0.4103301638558582,44,0.184981684981685,0.3556335293235986,27,,,,,,,-0.23310063104417647,0.006512703067085749,135.0
Uterus,production,AR→COL1A1,AR,COL1A1,135,0.3827284089872674,4.622799951080296e-06,4.739838580731992,9.923029454549154,,,,,,,0.4909899888765294,0.005868586082908784,30.0,0.4222692036645525,0.004300105069824516,44,0.7205006953124191,2.2519980821432332e-05,27,,,,,,,0.3827284089872674,4.622799951080296e-06,135.0
Uterus,production,SOX9→ACAN,SOX9,ACAN,135,0.06544881206132115,0.450738593202479,0.6868981578283839,0.4945273740493037,,,,,,,0.029588431590656286,0.876655812413733,30.0,-0.14474982381959126,0.3485167521978867,44,0.19352869352869354,0.3334410074257018,27,,,,,,,0.06544881206132115,0.450738593202479,135.0
Uterus,production,SOX9→COL2A1,SOX9,COL2A1,135,0.34147564750849957,5.051788345536905e-05,0.6868981578283839,0.28539784494787457,,,,,,,0.1323061586286214,0.4858330455855441,30.0,0.7021426627415404,1.0883155060728962e-07,44,0.246031746031746,0.21606923347699764,27,,,,,,,0.34147564750849957,5.051788345536905e-05,135.0
Uterus,production,PPARG→FABP4,PPARG,FABP4,135,0.363899311409529,1.4345045948638497e-05,3.5103671656714543,4.3940096312099035,,,,,,,0.3668520578420467,0.046142102592444716,30.0,0.38458014753077224,0.009950296963657835,44,0.4218559218559218,0.028396357539921466,27,,,,,,,0.363899311409529,1.4345045948638497e-05,135.0
Uterus,production,PPARG→ADIPOQ,PPARG,ADIPOQ,135,-0.0741535672015342,0.3926882649472414,3.5103671656714543,0.24574639757198316,,,,,,,-0.008486943661453175,0.9644975723404987,30.0,0.037354870416985465,0.8097606411825558,44,0.11265455786876383,0.5758496602271512,27,,,,,,,-0.0741535672015342,0.3926882649472414,135.0
Uterus,production,RUNX2→SPP1,RUNX2,SPP1,135,-0.011956194357368015,0.8905316240641086,1.8427171768965545,2.650622656389519,,,,,,,-0.08387096774193549,0.6594749201050072,30.0,0.0596588906899711,0.7004724445206936,44,0.10317460317460315,0.6085718476784558,27,,,,,,,-0.011956194357368015,0.8905316240641086,135.0
Uterus,production,FOXO1→PCK1,FOXO1,PCK1,135,-0.025960913521765376,0.7650285394363033,6.32237090004815,0.5756527226004335,,,,,,,-0.1875417130144605,0.3210013060312048,30.0,0.38914728682170535,0.009032934075718826,44,-0.2673992673992674,0.17752771429390315,27,,,,,,,-0.025960913521765376,0.7650285394363033,135.0
Uterus,detection,RELA→ICAM1,RELA,ICAM1,135,0.42975791123113,1.9754440367874179e-07,6.768095072993526,4.348981617115162,,,,,,,0.26985539488320354,0.14925517165882485,30.0,0.5443461718027643,0.00013360914947913976,44,0.35994505075141614,0.06515477858843076,27,,,,,,,0.42975791123113,1.9754440367874179e-07,135.0
Uterus,detection,RELA→IL6,RELA,IL6,135,0.21945687564301028,0.010545697129793535,6.768095072993526,1.785598474740982,,,,,,,0.37130144605116794,0.04336732078057541,30.0,0.39367137696662885,0.00819691171186791,44,-0.11051747953521004,0.5831578462944906,27,,,,,,,0.21945687564301028,0.010545697129793535,135.0
Uterus,detection,RELA→CCL2,RELA,CCL2,135,0.14421434242537803,0.09516236369433122,6.768095072993526,3.681685460055316,,,,,,,0.160845383759733,0.3958253472885638,30.0,0.31523309508981934,0.037133450631240114,44,-0.25889177526480145,0.19225056276902255,27,,,,,,,0.14421434242537803,0.09516236369433122,135.0
Uterus,detection,RELA→NFKBIA,RELA,NFKBIA,135,0.14199432242584356,0.10042049879141465,6.768095072993526,7.678616700349031,,,,,,,0.23114571746384868,0.2190839284296478,30.0,0.13622749224427025,0.3779187840997976,44,0.1367730133474423,0.4963321666811332,27,,,,,,,0.14199432242584356,0.10042049879141465,135.0
Uterus,detection,NFKB1→TNF,NFKB1,TNF,135,0.2311671509612193,0.006984485323979228,5.086248002228913,0.3822213904449233,,,,,,,-0.08835967935280523,0.6424246403210278,30.0,0.24513673770478592,0.10875373282196445,44,0.1832620989462368,0.3602016891726939,27,,,,,,,0.2311671509612193,0.006984485323979228,135.0
Uterus,detection,HIF1A→VEGFA,HIF1A,VEGFA,135,-0.018664169331060364,0.8298763057372898,5.8392350761978715,7.9505637769345885,,,,,,,-0.12747497219132367,0.5020370696480301,30.0,-0.08443160194516879,0.5858172212111836,44,-0.11233211233211234,0.5769497258315094,27,,,,,,,-0.018664169331060364,0.8298763057372898,135.0
Uterus,detection,HIF1A→SLC2A1,HIF1A,SLC2A1,135,0.17966693209032553,0.03705767889228578,5.8392350761978715,4.6603104414763274,,,,,,,0.4175750834260289,0.02167610363310743,30.0,0.19176151391446425,0.2123995574956023,44,0.20207570207570208,0.31210842542394035,27,,,,,,,0.17966693209032553,0.03705767889228578,135.0
Uterus,detection,TP53→CDKN1A,TP53,CDKN1A,135,-0.2799193736215299,0.0010086104847555066,4.938785936214305,6.75459609914709,,,,,,,-0.0002224694104560623,0.999069079740911,30.0,-0.4841437632135306,0.0008688942784586945,44,-0.21733821733821732,0.27616853068968616,27,,,,,,,-0.2799193736215299,0.0010086104847555066,135.0
Uterus,detection,TP53→MDM2,TP53,MDM2,135,-0.1412797610000957,0.10216080997181198,4.938785936214305,3.6919809641661465,,,,,,,0.1586206896551724,0.4024779381652348,30.0,-0.044259637857470294,0.7754348569712769,44,-0.3144558119371999,0.11016090523763117,27,,,,,,,-0.1412797610000957,0.10216080997181198,135.0
Uterus,detection,ATF4→DDIT3,ATF4,DDIT3,135,0.458445314825843,2.251456595789072e-08,9.025841366803204,5.919009095651132,,,,,,,0.17018909899888765,0.36857844726721367,30.0,0.5898520084566595,2.5137068056209777e-05,44,0.7356532356532356,1.2292813236673918e-05,27,,,,,,,0.458445314825843,2.251456595789072e-08,135.0
Uterus,detection,XBP1→DNAJB1,XBP1,DNAJB1,135,0.08636823686425049,0.31923104338059854,7.0222680515713165,6.513307649117929,,,,,,,0.046941045606229144,0.8054365152598835,30.0,0.1832340816529243,0.23382680119806248,44,0.0436574573854559,0.8288168085633243,27,,,,,,,0.08636823686425049,0.31923104338059854,135.0
Uterus,detection,HSF1→HSPA1A,HSF1,HSPA1A,135,0.32862968130018566,9.963613096707554e-05,6.991747651276765,7.042500419969912,,,,,,,0.16575814987429693,0.3813589469482651,30.0,0.2821705426356589,0.06349161437651062,44,0.5556403667239842,0.00262152994315452,27,,,,,,,0.32862968130018566,9.963613096707554e-05,135.0
Uterus,detection,STAT1→IRF1,STAT1,IRF1,135,0.2650151083958097,0.0018944356281316128,5.416133658091227,4.281809082737675,,,,,,,-0.13414905450500555,0.4797231897609263,30.0,0.42947249753573874,0.0036230141277239472,44,0.3540903540903541,0.06997568352672404,27,,,,,,,0.2650151083958097,0.0018944356281316128,135.0
Uterus,detection,NFE2L2→NQO1,NFE2L2,NQO1,135,-0.27477709274389334,0.0012586340819870586,6.442102608857332,3.7535200198491414,,,,,,,-0.49632925472747497,0.005276659496342741,30.0,-0.2873854827343199,0.05855239109800753,44,-0.19145039060429556,0.338758516192903,27,,,,,,,-0.27477709274389334,0.0012586340819870586,135.0
Uterus,detection,NFE2L2→HMOX1,NFE2L2,HMOX1,135,0.16783342986934405,0.05168602196890542,6.442102608857332,4.195307902936582,,,,,,,-0.027808676307007785,0.8840238060189678,30.0,0.390415785764623,0.008791434936873156,44,0.08548313334215142,0.6716075979977405,27,,,,,,,0.16783342986934405,0.05168602196890542,135.0
Uterus,housekeeping,ACTB↔GAPDH,ACTB,GAPDH,135,0.5958984289331881,2.453774062027107e-14,12.87905019124349,9.81481415077492,,,,,,,0.38776418242491656,0.034237594466856744,30.0,0.6206702142758862,6.970030341101415e-06,44,0.6227106227106226,0.0005225872619263613,27,,,,,,,0.5958984289331881,2.453774062027107e-14,135.0
Uterus,housekeeping,RPL13A↔RPS18,RPL13A,RPS18,135,0.8560920885767244,6.025752239846422e-40,11.954481237905997,12.029029302243833,,,,,,,0.8042269187986651,8.59264578208676e-08,30.0,0.8973925299506693,1.6160387024123608e-16,44,0.854090354090354,1.4588921762772339e-08,27,,,,,,,0.8560920885767244,6.025752239846422e-40,135.0
Uterus,housekeeping,HPRT1↔TBP,HPRT1,TBP,135,-0.3877265826561431,3.3817737472816348e-06,4.702908505333794,4.6921600377118144,,,,,,,-0.5559510567296997,0.0014235515670763545,30.0,-0.3523275912137225,0.018998373130982227,44,-0.2264957264957265,0.2559324355985912,27,,,,,,,-0.3877265826561431,3.3817737472816348e-06,135.0
Uterus,housekeeping,B2M↔PPIA,B2M,PPIA,135,-0.08285816717138327,0.3393670114145504,10.543701284903067,7.871128407231083,,,,,,,0.011347202206159925,0.9525442553391116,30.0,-0.08569415081042989,0.5802047993053097,44,-0.29120879120879123,0.14055639333917985,27,,,,,,,-0.08285816717138327,0.3393670114145504,135.0
Uterus,hormone,ESR1→PGR,ESR1,PGR,135,0.5644902070307662,1.0001578077139162e-12,5.86152439294038,6.237784636462176,,,,,,,0.5959955506117909,0.000510240387147639,30.0,0.5320648343904157,0.00020148447009269842,44,0.6507936507936508,0.00023718460722629495,27,,,,,,,0.5644902070307662,1.0001578077139162e-12,135.0
Uterus,hormone,AR→KLK3,AR,KLK3,135,0.13614869398972673,0.11536363722992703,4.739838580731992,0.559606334415299,,,,,,,0.27580893529472844,0.14014115621898146,30.0,0.21500366629591763,0.16104405854510648,44,0.1488065762773848,0.4588309576585118,27,,,,,,,0.13614869398972673,0.11536363722992703,135.0
Uterus,hormone,AR→SMAD3,AR,SMAD3,135,0.22317199869280407,0.009273259292365256,4.739838580731992,5.5347238575970685,,,,,,,0.1877850718039015,0.3203623493104469,30.0,0.027766032417195205,0.8580074280596057,44,0.30219780219780223,0.1255130544269989,27,,,,,,,0.22317199869280407,0.009273259292365256,135.0
Brain - Substantia nigra,production,SMAD3→COL1A1,SMAD3,COL1A1,133,0.28075177959768727,0.001062930044529969,2.806055285876855,0.9452336219916666,,,,,,,,,,0.42689075630252105,0.010542525000736982,35,0.24842105263157893,0.03162911942442694,75,,,,0.30180674646633604,0.0023979697608569497,99.0,0.2301168927183489,0.19044501083543752,34.0
Brain - Substantia nigra,production,SMAD3→COL3A1,SMAD3,COL3A1,133,0.25066727198482774,0.0036124460713188775,2.806055285876855,1.0854986004139249,,,,,,,,,,0.4000000000000001,0.01727299992019454,35,0.21863753398419686,0.05949422292487345,75,,,,0.27792998101942135,0.0053470326349108884,99.0,0.14517114914425427,0.4126856541855314,34.0
Brain - Substantia nigra,production,SMAD3→FN1,SMAD3,FN1,133,0.3625126408694115,1.802699127570599e-05,2.806055285876855,4.576073893927093,,,,,,,,,,0.594299322138123,0.0001670135632521284,35,0.3225035561877667,0.004774424813999209,75,,,,0.3524089586635117,0.00034706020456815246,99.0,0.35648254363340504,0.03850646860366143,34.0
Brain - Substantia nigra,production,SMAD3→SERPINE1,SMAD3,SERPINE1,133,0.28560789424688143,0.0008610271473261161,2.806055285876855,1.7705132724871313,,,,,,,,,,0.3133272645823665,0.0668311117534937,35,0.2977524893314367,0.009474675143862432,75,,,,0.2625108225108225,0.008665303692073148,99.0,0.2427992978283243,0.1664804572751758,34.0
Brain - Substantia nigra,production,ESR1→COL1A1,ESR1,COL1A1,133,0.4264397762214833,3.0868265674416867e-07,0.16537353088308995,0.9452336219916666,,,,,,,,,,0.3434173669467787,0.04340481281230267,35,0.4588620199146515,3.465941534277723e-05,75,,,,0.36480013853031085,0.00020529740095483006,99.0,0.5645530939648585,0.0005050888121968029,34.0
Brain - Substantia nigra,production,ESR1→ELN,ESR1,ELN,133,0.5392091225470388,2.1408283109109883e-11,0.16537353088308995,2.8695336826761864,,,,,,,,,,0.44537815126050423,0.007336976685813216,35,0.5308677098150782,9.607463741739889e-07,75,,,,0.5675033008787206,9.066618095198368e-10,99.0,0.45393430099312443,0.007005615948444708,34.0
Brain - Substantia nigra,production,AR→COL1A1,AR,COL1A1,133,0.1732847381804363,0.04607889954334464,0.9382216477752628,0.9452336219916666,,,,,,,,,,0.33893557422969184,0.04639947660338385,35,0.11274537695590327,0.33550777409946275,75,,,,0.17124357218255082,0.0901217820370211,99.0,0.21130634071810545,0.2302814872205601,34.0
Brain - Substantia nigra,production,SOX9→ACAN,SOX9,ACAN,133,-0.022497787458267766,0.797147461525722,4.654233495095618,0.36651989524917944,,,,,,,,,,-0.18908887223343526,0.27664412238484537,35,0.19883498460662663,0.08723615368039646,75,,,,-0.053147804576376,0.601344924589613,99.0,0.08266483330718909,0.6420874767762531,34.0
Brain - Substantia nigra,production,SOX9→COL2A1,SOX9,COL2A1,133,0.10464168722664406,0.23064873044061154,4.654233495095618,0.18320145691513903,,,,,,,,,,0.10053384439183717,0.5655449655536471,35,0.2536006657294992,0.02813615032928002,75,,,,0.020366247381809182,0.841411173042115,99.0,0.43193277310924366,0.01074481778872241,34.0
Brain - Substantia nigra,production,PPARG→FABP4,PPARG,FABP4,133,0.4181395728444561,5.497017056986072e-07,0.8981344802375126,1.3033162073085183,,,,,,,,,,0.30868347338935576,0.07119650202128422,35,0.34484132067956413,0.0024473882737136446,75,,,,0.4173804414374857,1.723390423489435e-05,99.0,0.4566844919786096,0.006627959824820817,34.0
Brain - Substantia nigra,production,PPARG→ADIPOQ,PPARG,ADIPOQ,133,0.1804476314522392,0.03766574043978295,0.8981344802375126,0.13139830059126803,,,,,,,,,,0.23514077471568176,0.17391073302420254,35,0.10767708636176104,0.35782065773005434,75,,,,0.2354536189515858,0.018972730800975557,99.0,-0.007211973884447197,0.9677103090644219,34.0
Brain - Substantia nigra,production,RUNX2→SPP1,RUNX2,SPP1,133,0.7727828036410658,1.2192087848848221e-27,0.9017883158267889,8.915482592761965,,,,,,,,,,0.7139155420546812,1.470542936133701e-06,35,0.785547652916074,7.133901375166605e-17,75,,,,0.7502249543169889,3.9818106607930125e-19,99.0,0.843239113827349,3.873282721382885e-10,34.0
Brain - Substantia nigra,production,FOXO1→PCK1,FOXO1,PCK1,133,0.028358791378448347,0.7459171582544153,2.602011377650096,0.9532062702329087,,,,,,,,,,0.16246498599439776,0.35109642584178535,35,0.11755417890893993,0.31516762015006533,75,,,,-0.025609231939615132,0.8013396109599429,99.0,0.0826585179526356,0.6421129952641682,34.0
Brain - Substantia nigra,detection,RELA→ICAM1,RELA,ICAM1,133,0.5314112790617473,4.671813545303691e-11,4.1982074088620065,2.083747503004576,,,,,,,,,,0.7103641456582634,1.7497283477628516e-06,35,0.4140569989933958,0.0002217875829886501,75,,,,0.5323842448107052,1.4147973561891434e-08,99.0,0.5554706601466993,0.0006491764444222456,34.0
Brain - Substantia nigra,detection,RELA→IL6,RELA,IL6,133,0.26615639860784984,0.0019579060722096277,4.1982074088620065,1.4570942004036187,,,,,,,,,,0.40941242484320844,0.014595076021573082,35,0.1896728307254623,0.10313154068314158,75,,,,0.2720177614013762,0.006454921700610145,99.0,0.34670333969318307,0.04455995526939772,34.0
Brain - Substantia nigra,detection,RELA→CCL2,RELA,CCL2,133,0.493257124493968,1.618752667394542e-09,4.1982074088620065,2.397086006806309,,,,,,,,,,0.5919596640229114,0.00017985437873334592,35,0.4828165007112375,1.1491564953786619e-05,75,,,,0.5250821745433997,2.4102841507125018e-08,99.0,0.3832225544074495,0.025276268803946494,34.0
Brain - Substantia nigra,detection,RELA→NFKBIA,RELA,NFKBIA,133,0.743974148237381,1.0759318310776657e-24,4.1982074088620065,5.657253584467378,,,,,,,,,,0.8638655462184875,2.3503567218581117e-11,35,0.6883926031294453,8.794397734897516e-12,75,,,,0.7248034929235259,2.2278652202354064e-17,99.0,0.7792803139864405,5.645792345242462e-08,34.0
Brain - Substantia nigra,detection,NFKB1→TNF,NFKB1,TNF,133,0.4473292979475883,6.735295712234464e-08,2.4144781765184904,0.2904870342743352,,,,,,,,,,0.4976875784039906,0.002349416567102656,35,0.45452283271471927,4.196628253602955e-05,75,,,,0.4854630551105441,3.524090330414634e-07,99.0,0.3317289336597181,0.055287166918944565,34.0
Brain - Substantia nigra,detection,HIF1A→VEGFA,HIF1A,VEGFA,133,0.34601347163850826,4.513249767578314e-05,4.81108780373308,4.019035893275325,,,,,,,,,,0.4714285714285714,0.004253584591026219,35,0.39132568511434385,0.000517363219275143,75,,,,0.29132433928506396,0.0034383113800123127,99.0,0.4997708174178762,0.0026169981395811376,34.0
Brain - Substantia nigra,detection,HIF1A→SLC2A1,HIF1A,SLC2A1,133,0.4930920238843021,1.6422488955124156e-09,4.81108780373308,6.085139615195138,,,,,,,,,,0.4918767507002802,0.002690007510591209,35,0.5581689770338691,1.9602896944933802e-07,75,,,,0.4286469655152388,9.579827581383045e-06,99.0,0.653170359052712,2.8189128214240952e-05,34.0
Brain - Substantia nigra,detection,TP53→CDKN1A,TP53,CDKN1A,133,0.3771400151756843,7.651459223071413e-06,2.29917984259756,4.545839341063249,,,,,,,,,,0.31176470588235294,0.06827588207487918,35,0.37227860796537593,0.001005620345724467,75,,,,0.39483237373143926,5.249509942681691e-05,99.0,0.30634071810542396,0.07805476995302472,34.0
Brain - Substantia nigra,detection,TP53→MDM2,TP53,MDM2,133,0.46969841883208485,1.1735245469545135e-08,2.29917984259756,2.736128254044325,,,,,,,,,,0.5593837535014006,0.00047681245502328366,35,0.518122332859175,1.9260467632703557e-06,75,,,,0.4743613925854236,7.046135473276972e-07,99.0,0.4808250572956455,0.003995761285319101,34.0
Brain - Substantia nigra,detection,ATF4→DDIT3,ATF4,DDIT3,133,0.8422721180571703,5.746098854509788e-37,7.188160688357246,5.614249005353541,,,,,,,,,,0.8453781512605043,1.6629995841747927e-10,35,0.804984388245028,3.2264510902609114e-18,75,,,,0.8514683100483194,6.072742657571533e-29,99.0,0.8123758594346829,5.425559167329872e-09,34.0
Brain - Substantia nigra,detection,XBP1→DNAJB1,XBP1,DNAJB1,133,0.6041246368773203,1.3772591544881036e-14,4.2929993446608234,6.286731302290034,,,,,,,,,,0.43557422969187676,0.008913641450753677,35,0.6898199845123588,7.6554427544103e-12,75,,,,0.5794902875205901,3.290864069524011e-10,99.0,0.6638655462184874,1.8664039327758758e-05,34.0
Brain - Substantia nigra,detection,HSF1→HSPA1A,HSF1,HSPA1A,133,0.23625955318136127,0.0061846011681722214,5.062839432766563,6.411782112336697,,,,,,,,,,0.018487394957983194,0.9160507744561188,35,0.3308131636866296,0.0037447010391365968,75,,,,0.2031441328935927,0.04373018521630719,99.0,0.2990068754774637,0.08582775463567793,34.0
Brain - Substantia nigra,detection,STAT1→IRF1,STAT1,IRF1,133,0.43003704577515484,2.3922039018613404e-07,4.143621941258137,2.0936964544138514,,,,,,,,,,0.42969187675070025,0.009991541630237083,35,0.4516991706852159,4.7463868270477004e-05,75,,,,0.4406087854594029,5.016912839617793e-06,99.0,0.37417876241405656,0.029250265473682154,34.0
Brain - Substantia nigra,detection,NFE2L2→NQO1,NFE2L2,NQO1,133,0.6867977366898352,7.099368724647767e-20,4.953283912257144,4.381446549766942,,,,,,,,,,0.5857553064297973,0.00021829394752396664,35,0.6908868484303369,6.89799763612362e-12,75,,,,0.6803319748421449,9.535297550997309e-15,99.0,0.6898922779703488,6.368090957442757e-06,34.0
Brain - Substantia nigra,detection,NFE2L2→HMOX1,NFE2L2,HMOX1,133,0.650462531976811,2.381875270654543e-17,4.953283912257144,4.2787139577076845,,,,,,,,,,0.6624649859943978,1.4561904587468824e-05,35,0.7083691918329369,1.1711393067511731e-12,75,,,,0.6557079997681295,1.7650426604374667e-13,99.0,0.6816410746457865,9.05992353445643e-06,34.0
Brain - Substantia nigra,housekeeping,ACTB↔GAPDH,ACTB,GAPDH,133,0.7937869822588479,4.472702255175001e-30,9.974536845558568,10.05819869220705,,,,,,,,,,0.7318952234206472,5.853077898344452e-07,35,0.8336533948694766,1.6725836871103547e-20,75,,,,0.8000408168466763,3.011195665134027e-23,99.0,0.7732620320855614,8.282801718668547e-08,34.0
Brain - Substantia nigra,housekeeping,RPL13A↔RPS18,RPL13A,RPS18,133,0.8926040981252348,3.699115556141649e-47,9.608004634541677,9.846772437705134,,,,,,,,,,0.8994397759103642,2.088770069534032e-13,35,0.8701181391003675,3.936540085975709e-24,75,,,,0.8991369794012662,1.3917340849796209e-36,99.0,0.8557677616501145,1.1231446713461292e-10,34.0
Brain - Substantia nigra,housekeeping,HPRT1↔TBP,HPRT1,TBP,133,0.6783049485764253,2.9781585599712134e-19,4.64879396087245,2.857240144471477,,,,,,,,,,0.7910364145658263,1.553959557786413e-08,35,0.6400731162605442,6.293675069128559e-10,75,,,,0.6657019171304884,5.581694602766109e-14,99.0,0.7109243697478991,2.4562663952140967e-06,34.0
Brain - Substantia nigra,housekeeping,B2M↔PPIA,B2M,PPIA,133,0.5701653484885192,7.863286954374309e-13,8.66654928824059,7.370123246558626,,,,,,,,,,0.4753501400560225,0.003904074077339938,35,0.623954480796586,2.22431787205607e-09,75,,,,0.592394463753417,1.0547551379058641e-10,99.0,0.4805194805194805,0.004022353245743147,34.0
Brain - Substantia nigra,hormone,ESR1→PGR,ESR1,PGR,133,0.6018878655814395,1.8245077305993236e-14,0.16537353088308995,0.6543212832140743,,,,,,,,,,0.6131652661064425,8.995040865082255e-05,35,0.6468228567205866,3.62769237839734e-10,75,,,,0.6110204081632653,1.8627297524003882e-11,99.0,0.575553857906799,0.00036904084342203084,34.0
Brain - Substantia nigra,hormone,AR→SMAD3,AR,SMAD3,133,0.4932769337104644,1.6159553775366441e-09,0.9382216477752628,2.806055285876855,,,,,,,,,,0.25910364145658266,0.13283654314045495,35,0.6644665718349928,8.038377272619167e-11,75,,,,0.4772541743970315,5.896058312588025e-07,99.0,0.49935060119758573,0.0026423685994595857,34.0
